:020000040800F2
:1000000000C000201D2E0008952300089B23000837
:10001000A1230008A7230008AD230008000000006A
:1000200000000000000000000000000061810008E6
:10003000B323000800000000418300088983000802
:10004000652E0008652E0008652E0008652E000844
:10005000652E0008652E0008652E0008652E000834
:10006000652E0008652E0008652E0008652E000824
:10007000652E0008C1230008D5230008E9230008E5
:10008000FD230008652E0008652E0008652E000877
:10009000652E0008652E0008652E0008652E0008F4
:1000A000652E0008652E0008652E0008652E0008E4
:1000B000652E0008652E0008652E0008652E0008D4
:1000C000652E0008652E0008652E0008652E0008C4
:1000D000652E000811240008292400084124000886
:1000E000652E0008652E0008652E0008652E0008A4
:1000F000652E0008652E0008652E0008652E000894
:10010000652E0008652E0008652E0008652E000883
:10011000652E0008652E000859240008652E000889
:10012000652E0008652E0008652E0008652E000863
:1001300000000000000000000000000000000000BF
:1001400000000000000000000000000000000000AF
:10015000000000000000000000000000000000009F
:10016000000000000000000000000000000000008F
:10017000000000000000000000000000000000007F
:10018000000000000000000000000000000000006F
:10019000000000000000000000000000000000005F
:1001A000000000000000000000000000000000004F
:1001B000000000000000000000000000000000003F
:1001C000000000000000000000000000000000002F
:1001D000000000000000000000000000000000001F
:0401E0005FF8E0F1F3
:1001F00010B5054C237833B9044B13B10448AFF361
:1002000000800123237010BDE001002000000000E9
:10021000C8B9000808B5034B1BB103490348AFF345
:10022000008008BD00000000E4010020C8B90008FB
:10023000034613F8012B002AFBD1181A0138704726
:1002400081F0004102E000BF83F0004330B54FEA87
:1002500041044FEA430594EA050F08BF90EA020FF4
:100260001FBF54EA000C55EA020C7FEA645C7FEA87
:10027000655C00F0E2804FEA5454D4EB5555B8BFAA
:100280006D420CDD2C4480EA020281EA030382EA1B
:10029000000083EA010180EA020281EA0303362DAD
:1002A00088BF30BD11F0004F4FEA01314FF4801C80
:1002B0004CEA113102D0404261EB410113F0004F92
:1002C0004FEA03334CEA133302D0524263EB430349
:1002D00094EA050F00F0A780A4F10104D5F1200EE7
:1002E0000DDB02FA0EFC22FA05F2801841F1000142
:1002F00003FA0EF2801843FA05F359410EE0A5F116
:1003000020050EF1200E012A03FA0EFC28BF4CF046
:10031000020C43FA05F3C01851EBE37101F00045FC
:1003200007D54FF0000EDCF1000C7EEB00006EEB09
:100330000101B1F5801F1BD3B1F5001F0CD3490893
:100340005FEA30004FEA3C0C04F101044FEA4452EA
:1003500012F5800F80F09A80BCF1004F08BF5FEA71
:10036000500C50F1000041EB045141EA050130BD51
:100370005FEA4C0C404141EB0101013C28BFB1F563
:10038000801FE9D291F0000F04BF01460020B1FAAE
:1003900081F308BF2033A3F10B03B3F120020CDA81
:1003A0000C3208DD02F1140CC2F10C0201FA0CF05F
:1003B00021FA02F10CE002F11402D8BFC2F1200CC4
:1003C00001FA02F120FA0CFCDCBF41EA0C0190407A
:1003D000E41AA2BF01EB0451294330BD6FEA0404C3
:1003E0001F3C1CDA0C340EDC04F11404C4F12002AE
:1003F00020FA04F001FA02F340EA030021FA04F3C0
:1004000045EA030130BDC4F10C04C4F1200220FA16
:1004100002F001FA04F340EA0300294630BD21FA54
:1004200004F0294630BD94F0000F83F4801306BF1A
:1004300081F480110134013D4EE77FEA645C18BF0E
:100440007FEA655C29D094EA050F08BF90EA020FA5
:1004500005D054EA000C04BF1946104630BD91EA9D
:10046000030F1EBF0021002030BD5FEA545C05D1A0
:100470004000494128BF41F0004130BD14F58004DF
:100480003CBF01F5801130BD01F0004545F0FE4153
:1004900041F470014FF0000030BD7FEA645C1ABF88
:1004A000194610467FEA655C1CBF0B46024650EABF
:1004B000013406BF52EA033591EA030F41F40021EB
:1004C00030BD00BF90F0000F04BF0021704730B571
:1004D0004FF4806404F132044FF000054FF0000146
:1004E00050E700BF90F0000F04BF0021704730B507
:1004F0004FF4806404F1320410F0004548BF4042DC
:100500004FF000013EE700BF42004FEAE2014FEA30
:1005100031014FEA02701FBF12F07F4393F07F4F0B
:1005200081F06051704732F07F4208BF704793F00E
:100530007F4F04BF41F40021704730B54FF4607421
:1005400001F0004521F000411CE700BF50EA010224
:1005500008BF704730B54FF000050AE050EA0102CD
:1005600008BF704730B511F0004502D5404261EB3D
:1005700041014FF4806404F132045FEA915C3FF47E
:10058000D8AE4FF003025FEADC0C18BF03325FEA1B
:10059000DC0C18BF033202EBDC02C2F1200300FACC
:1005A00003FC20FA02F001FA03FE40EA0E0021FAF1
:1005B00002F11444BDE600BF70B54FF0FF0C4CF4DF
:1005C000E06C1CEA11541DBF1CEA135594EA0C0F91
:1005D00095EA0C0F00F0DEF82C4481EA030621EACC
:1005E0004C5123EA4C5350EA013518BF52EA033507
:1005F00041F4801143F4801338D0A0FB02CE4FF0B9
:100600000005E1FB02E506F00042E0FB03E54FF0E8
:100610000006E1FB03569CF0000F18BF4EF0010EE0
:10062000A4F1FF04B6F5007F64F5407404D25FEADC
:100630004E0E6D4146EB060642EAC62141EA55518F
:100640004FEAC52040EA5E504FEACE2EB4F1FD0CD1
:1006500088BFBCF5E06F1ED8BEF1004F08BF5FEA4F
:10066000500E50F1000041EB045170BD06F0004601
:1006700046EA010140EA020081EA0301B4EB5C04AE
:10068000C2BFD4EB0C0541EA045170BD41F48011A6
:100690004FF0000E013C00F3AB8014F1360FDEBFCB
:1006A000002001F0004170BDC4F10004203C35DAA7
:1006B0000C341BDC04F11404C4F1200500FA05F32A
:1006C00020FA04F001FA05F240EA020001F00042CB
:1006D00021F0004110EBD37021FA04F642EB060141
:1006E0005EEA430E08BF20EAD37070BDC4F10C046B
:1006F000C4F1200500FA04F320FA05F001FA04F22F
:1007000040EA020001F0004110EBD37041F100011A
:100710005EEA430E08BF20EAD37070BDC4F1200525
:1007200000FA05F24EEA020E20FA04F301FA05F28D
:1007300043EA020321FA04F001F0004121FA04F235
:1007400020EA020000EBD3705EEA430E08BF20EA05
:10075000D37070BD94F0000F0FD101F0004640003F
:1007600041EB010111F4801F08BF013CF7D041EAC1
:10077000060195F0000F18BF704703F000465200C5
:1007800043EB030313F4801F08BF013DF7D043EA96
:100790000603704794EA0C0F0CEA135518BF95EA4C
:1007A0000C0F0CD050EA410618BF52EA4306D1D1D3
:1007B00081EA030101F000414FF0000070BD50EAF2
:1007C000410606BF1046194652EA430619D094EA7C
:1007D0000C0F02D150EA013613D195EA0C0F05D166
:1007E00052EA03361CBF104619460AD181EA0301BA
:1007F00001F0004141F0FE4141F470014FF0000072
:1008000070BD41F0FE4141F4780170BD70B54FF00C
:10081000FF0C4CF4E06C1CEA11541DBF1CEA13558C
:1008200094EA0C0F95EA0C0F00F0A7F8A4EB05046E
:1008300081EA030E52EA03354FEA013100F0888065
:100840004FEA03334FF0805545EA131343EA12632E
:100850004FEA022245EA111545EA10654FEA0026E3
:100860000EF000419D4208BF964244F1FD0404F59C
:10087000407402D25B084FEA3202B61A65EB0305F8
:100880005B084FEA32024FF480104FF4002CB6EBB5
:10089000020E75EB030E22BFB61A754640EA0C0035
:1008A0005B084FEA3202B6EB020E75EB030E22BF75
:1008B000B61A754640EA5C005B084FEA3202B6EBB6
:1008C000020E75EB030E22BFB61A754640EA9C0075
:1008D0005B084FEA3202B6EB020E75EB030E22BF45
:1008E000B61A754640EADC0055EA060E18D04FEA03
:1008F000051545EA16754FEA06164FEAC30343EAA3
:1009000052734FEAC2025FEA1C1CC0D111F4801F6F
:100910000BD141EA00014FF000004FF0004CB6E768
:1009200011F4801F04BF01430020B4F1FD0C88BF07
:10093000BCF5E06F3FF6AFAEB5EB030C04BFB6EB12
:10094000020C5FEA500C50F1000041EB045170BD05
:100950000EF0004E4EEA113114EB5C04C2BFD4EB32
:100960000C0541EA045170BD41F480114FF0000EB6
:10097000013C90E645EA060E8DE60CEA135594EA32
:100980000C0F08BF95EA0C0F3FF43BAF94EA0C0F35
:100990000AD150EA01347FF434AF95EA0C0F7FF4AA
:1009A00025AF104619462CE795EA0C0F06D152EAFE
:1009B00003353FF4FDAE1046194622E750EA4106E2
:1009C00018BF52EA43067FF4C5AE50EA41047FF4F3
:1009D0000DAF52EA43057FF4EBAE12E74FF0FF3C58
:1009E00006E000BF4FF0010C02E000BF4FF0010C29
:1009F0004DF804CD4FEA410C7FEA6C5C4FEA430CA2
:100A000018BF7FEA6C5C1BD001B050EA410C0CBFF0
:100A100052EA430C91EA030F02BF90EA020F002052
:100A2000704710F1000F91EA030F58BF994208BFB9
:100A300090422CBFD8176FEAE37040F00100704776
:100A40004FEA410C7FEA6C5C02D150EA013C07D1CD
:100A50004FEA430C7FEA6C5CD6D152EA033CD3D018
:100A60005DF8040B704700BF8446104662468C4612
:100A70001946634600E000BF01B5FFF7B7FF002845
:100A800048BF10F1000F01BD4DF808EDFFF7F4FF6E
:100A90000CBF012000205DF808FB00BF4DF808EDF9
:100AA000FFF7EAFF34BF012000205DF808FB00BF1C
:100AB0004DF808EDFFF7E0FF94BF012000205DF83E
:100AC00008FB00BF4DF808EDFFF7CEFF94BF0120F3
:100AD00000205DF808FB00BF4DF808EDFFF7C4FFEC
:100AE00034BF012000205DF808FB00BF4FEA410C35
:100AF0007FEA6C5C02D150EA013C0AD14FEA430C18
:100B00007FEA6C5C02D152EA033C02D14FF0000054
:100B100070474FF0010070474FEA410212F5001292
:100B200015D211D56FF47873B3EB625212D94FEA34
:100B3000C12343F0004343EA505311F0004F23FA1E
:100B400002F018BF404270474FF00000704750EA73
:100B5000013005D111F0004008BF6FF00040704730
:100B60004FF00000704700BF4FEA4002B2F1FE4F65
:100B70000FD34FF09E03B3EB12620DD94FEA00235F
:100B800043F0004310F0004F23FA02F018BF404238
:100B900070474FF00000704712F1610F01D142021F
:100BA00005D110F0004008BF6FF0004070474FF0D3
:100BB0000000704780B500AF502000F0EFF800F063
:100BC000E5FE00F015FF00F045FF00F05DFD00F0D0
:100BD00071FD00BF80BD000080B584B000AF7860BB
:100BE0007B68BB600023FB8109E0FB89BA68134482
:100BF0001B78184607F0A6FEFB890133FB817B6852
:100C0000B3F80031FA899A42EFD3074B1B68012BE6
:100C100006D1054B00221A6000F000F900F066FCD6
:100C200000BF1037BD4680BDFC01002080B58CB0F0
:100C300000AFF860B9607A607B800E23FB621823F6
:100C4000BB62444B1B783B74424B5B787B74424BDA
:100C50001B7887F82630404B5B7887F8273007F100
:100C6000100107F10C030222184607F0E7FD07F117
:100C7000100107F108030622184607F0DFFD07F10F
:100C800010013B1D0A22184607F0D8FDBB1C01339A
:100C9000FA6A511CF962197802F130033B440A46A2
:100CA00003F8202CBA1CFB6A591CF9621278303305
:100CB0003B4403F8202C07F13902FB6A591CF96206
:100CC000127830333B4403F8202C07F13801FB6ADB
:100CD0005A1CFA620A7830333B4403F8202C07F19F
:100CE0003C030133FA6A511CF962197802F13003AE
:100CF0003B440A4603F8202C07F13C02FB6A591CCE
:100D0000F962127830333B4403F8202C07F140039A
:100D10000133FA6A511CF962197802F130033B443D
:100D20000A4603F8202C07F14002FB6A591CF962BD
:100D3000127830333B4403F8202CBB6A9AB207F197
:100D400010031146184600F0B7FE00BF3037BD460D
:100D500080BD00BF100000201400002080B483B0CC
:100D600000AF0346FB80044AFB88138000BF0C37AA
:100D7000BD4680BC704700BF0002002080B483B035
:100D800000AF0346FB71044AFB79137000BF0C37B8
:100D9000BD4680BC704700BF0202002080B582B013
:100DA00000AF0346FB80FB88012B0BD10120FFF72E
:100DB000E5FF0020FFF7D2FF01222021154803F0B4
:100DC000B6F922E0FB88002B0BD10020FFF7D6FFFD
:100DD0000020FFF7C3FF002220210E4803F0A7F9EF
:100DE00013E0FB88092B10D90220FFF7C7FFFB880F
:100DF000094AA2FB0323DB089BB21846FFF7AEFFAC
:100E000001222021034803F092F900BF0837BD46B4
:100E100080BD00BF00100140CDCCCCCC80B500AF70
:100E200000F0A0F90346002B37D0514BB3F9003046
:100E3000013B4F4AB2F900104E4A9B0013440A4648
:100E40005A804B4BB3F90030013B4B4AB2F90010CA
:100E5000484A22F82310494BB3F900301A46484B50
:100E60001B689A4208D0474B01221A60434BB3F9E2
:100E700000301A46424B1A603D4BB3F900301A4617
:100E8000414B1B689A4208D0394BB3F900301A46DF
:100E90003D4B1A603B4B01221A603C4BB3F90030CA
:100EA000002B62D0394BB3F90020394B1A8000F087
:100EB00073F8364BB3F90030013B2E4A32F9233038
:100EC000062B0CDC314BB3F90030013B294A32F9D7
:100ED0002330002B03DD2F4B01221A8045E02B4BE2
:100EE000B3F90030013B234A32F923300C2B0CDCE0
:100EF000264BB3F90030013B1E4A32F92330062B52
:100F000003DD244B02221A802FE0204BB3F900307E
:100F1000013B184A32F92330122B0CDC1B4BB3F97E
:100F20000030013B134A32F923300C2B03DD194BFF
:100F300003221A8019E0154BB3F90030013B0D4A2A
:100F400032F92330182B0CDC104BB3F90030013B85
:100F5000084A32F92330122B03DD0E4B04221A808B
:100F600003E00C4B00221A80FFE700BF80BD00BFEA
:100F7000040200200C02002006020020B2250020FE
:100F8000740200208C02002078020020B02500208E
:100F90000A0200200802002080B400AF544BB3F9CD
:100FA0000030013B534A32F92330013B172B00F24A
:100FB000938001A252F823F01910000821100008B4
:100FC00029100008311000083910000841100008ED
:100FD000491000085110000859100008611000085D
:100FE00069100008711000087910000881100008CD
:100FF000891000089110000899100008A11000083D
:10100000A9100008B1100008B9100008C1100008AC
:10101000C9100008D1100008374B384A1A6062E046
:10102000354B374A1A605EE0334B364A1A605AE055
:10103000314B354A1A6056E02F4B344A1A6052E061
:101040002D4B334A1A604EE02B4B324A1A604AE06D
:10105000294B314A1A6046E0274B304A1A6042E079
:10106000254B2F4A1A603EE0234B2E4A1A603AE085
:10107000214B2D4A1A6036E01F4B2C4A1A6032E091
:101080001D4B2B4A1A602EE01B4B2A4A1A602AE09D
:10109000194B294A1A6026E0174B284A1A6022E0A9
:1010A000154B274A1A601EE0134B264A1A601AE0B5
:1010B000114B254A1A6016E00F4B244A1A6012E0C1
:1010C0000D4B234A1A600EE00B4B224A1A600AE0CD
:1010D000094B214A1A6006E0204B00221A80064B79
:1010E0001F4A1A6000BF00BFBD4680BC704700BFEA
:1010F000B02500200C02002070020020E0B900089A
:10110000E4B90008E8B90008ECB90008F0B9000833
:10111000F4B90008F8B90008FCB9000800BA0008E2
:1011200004BA000808BA00080CBA000810BA00088F
:1011300014BA000818BA00081CBA000820BA00083F
:1011400024BA000828BA00082CBA000830BA0008EF
:1011500034BA000838BA00083CBA0008040200207B
:1011600040BA000880B400AF984BB3F900301A467B
:10117000974B1B689A4200F09F81944BB3F9003063
:101180001A46934B1A60934BB3F90020924B1A8086
:10119000914BB3F90030013B172B00F2858101A27E
:1011A00052F823F0051200081D120008351200083D
:1011B0007D120008651200084D1200080D1300088A
:1011C000F5120008DD12000895120008AD120008A3
:1011D000C5120008251300083D1300085513000828
:1011E0009D130008851300086D1300089114000872
:1011F0007914000861140008B513000831140008C0
:1012000049140008714BB3F90020744B1A80724BDB
:1012100001221A80724B734A1A604BE16B4BB3F98F
:1012200000206E4B1A806C4B02221A806C4B6E4A67
:101230001A603FE1654BB3F90020684B1A80664B9A
:1012400003221A80664B694A1A6033E15F4BB3F997
:101250000020624B1A80604B04221A80604B644A63
:101260001A6027E1594BB3F900205C4B1A805A4BA6
:1012700005221A805A4B5F4A1A601BE1534BB3F99F
:101280000020564B1A80544B06221A80544B5A4A5F
:101290001A600FE14D4BB3F90020504B1A804E4BB2
:1012A00007221A804E4B554A1A6003E1474BB3F9A7
:1012B00000204A4B1A80484B08221A80484B504A5B
:1012C0001A60F7E0414BB3F90020444B1A80424BBF
:1012D00009221A80424B4B4A1A60EBE03B4BB3F9B0
:1012E00000203E4B1A803C4B0A221A803C4B464A57
:1012F0001A60DFE0354BB3F90020384B1A80364BCB
:101300000B221A80364B414A1A60D3E02F4BB3F9B7
:101310000020324B1A80304B0C221A80304B3C4A52
:101320001A60C7E0294BB3F900202C4B1A802A4BD6
:101330000D221A802A4B374A1A60BBE0234BB3F9BF
:101340000020264B1A80244B0E221A80244B324A4E
:101350001A60AFE01D4BB3F90020204B1A801E4BE2
:101360000F221A801E4B2D4A1A60A3E0174BB3F9C7
:1013700000201A4B1A80184B10221A80184B284A4A
:101380001A6097E0114BB3F90020144B1A80124BEE
:1013900011221A80124B234A1A608BE00B4BB3F9CF
:1013A00000200E4B1A800C4B12221A800C4B1E4A46
:1013B0001A607FE0054BB3F90020084B1A80064BFA
:1013C00013221A80064B194A1A6073E0AC250020DC
:1013D0007C020020AE25002006020020040200202E
:1013E0006C020020E0B90008E4B90008E8B9000880
:1013F000ECB90008F0B90008F4B90008F8B9000821
:10140000FCB9000800BA000804BA000808BA0008CD
:101410000CBA000810BA000814BA000818BA00087C
:101420001CBA000820BA000824BA000828BA00082C
:10143000244BB3F90020244B1A80244B14221A8029
:10144000234B244A1A6035E01E4BB3F900201E4B93
:101450001A801E4B15221A801D4B1F4A1A6029E064
:10146000184BB3F90020184B1A80184B16221A801B
:10147000174B1A4A1A601DE0124BB3F90020124BA9
:101480001A80124B17221A80114B154A1A6011E06C
:101490000C4BB3F900200C4B1A800C4B18221A800D
:1014A0000B4B104A1A6005E0074B00221A80084BCC
:1014B0000D4A1A60012300E000231846BD4680BC97
:1014C000704700BFAC250020040200200602002067
:1014D0006C0200202CBA000830BA000834BA0008A8
:1014E00038BA00083CBA000840BA000880B500AF1E
:1014F000174BB3F900301946164800F0D9F9164BCE
:101500001B681946154800F0D3F9114BB3F90030A8
:101510001946104800F0CCF9114BB3F900301946C8
:10152000104800F0C5F9104BB3F90030002B0DD076
:101530000D4BB3F9003019460C4800F0B9F9084BCF
:10154000B3F900301946074800F0B2F900BF80BD7A
:101550000402002048BA00086C02002058BA0008B3
:101560000A02002070BA00080802002080BA0008B1
:1015700080B500AF4FF400710A4802F0C1FD034688
:10158000002B0CD1142005F0FDF94FF40071054833
:1015900002F0B6FD0346002B01D1012300E0002339
:1015A000184680BD0010014080B500AF4FF4807137
:1015B0000A4802F0A5FD0346002B0CD1142005F0CB
:1015C000E1F94FF48071054802F09AFD0346002BC3
:1015D00001D1012300E00023184680BD0010014026
:1015E00080B582B000AF0346FB71FFF7C1FF034631
:1015F000012B0ED10E4B1B881A46FB7901335B0081
:101600009A4209DA0A4B1B8801339AB2084B1A80B6
:1016100002E0074B00221A80054B1B88022B01D1E8
:10162000012300E0002318460837BD4680BD00BFF7
:101630008202002080B582B000AF0346FB71FFF745
:10164000B3FF0346012B0ED10E4B1B881A46FB79C4
:1016500001335B009A4209DA0A4B1B8801339AB2C4
:10166000084B1A8002E0074B00221A80054B1B88AA
:10167000022B01D1012300E0002318460837BD46A4
:1016800080BD00BF8402002080B500AF0021084863
:1016900003F06EFB0421064803F06AFB08210448AE
:1016A00003F066FB0C21024803F062FB00BF80BD23
:1016B0002816002080B500AF0021084803F058FB31
:1016C0000421064803F054FB0821044803F050FBB2
:1016D0000C21024803F04CFB00BF80BDE015002048
:1016E00080B582B000AF0B4807F0A8FF0A4B1B681B
:1016F000391D4FF0FF32184605F004FC0346012B5C
:10170000F4D17B681846FFF767FA012005F03AF933
:10171000ECE700BF94BA0008F012002080B500AFDB
:101720001F4B1B68002B14D0012220211D4802F002
:10173000FEFC4FF4967005F025F90022202119488F
:1017400002F0F5FC642005F01DF9154B00221A602B
:1017500007E000222021134802F0E9FC642005F094
:1017600011F9114B1B68002B10D000224FF480712F
:101770000E4802F0DCFC4FF47A7005F003F90A4BD6
:1017800000221A60064B01221A60C9E701224FF4B9
:101790008071064802F0CBFC642005F0F3F8BFE747
:1017A00088020020001001408C0200200008014047
:1017B00080B586B004AF00237B6000233B6001202E
:1017C000FFF70EFF0346012B1BD1214B1B68002B9B
:1017D0000CBF01230023DBB21A461D4B1A607B6845
:1017E00001337B60002302930023019301230093C4
:1017F00001234FF000024FF000014FF00000FFF70F
:1018000015FA0120FFF716FF0346012B1CD1114BDF
:101810001B780133DAB20F4B1A703B682D333B60F3
:101820003B680D4A82FB03121A44D111DA178A1A57
:10183000B42101FB02F29B1A3B604FF07E524FF045
:101840008041064800F00CF80A2005F09BF8B6E746
:101850008802002080020020B7600BB600004040E4
:1018600080B584B000AFF860B9607A60F868FFF7BF
:101870007BF9034619460B4800F01AF8B868FFF7E1
:1018800073F903461946084800F012F87868FFF724
:101890006BF903461946054800F00AF800BF1037F7
:1018A000BD4680BDC0BA0008CCBA0008D8BA00084E
:1018B0000FB490B59DB000AFFF2387F86E300023C2
:1018C00087F86F3007F184037B6007F108007B68BD
:1018D000D7F88020652107F027FF14E097F86F30D4
:1018E0005A1C87F86F201A4607F108031344012297
:1018F0001946254804F0E1F900BF234B93F83D3029
:10190000DBB2202BF9D197F86F30632B09D897F809
:101910006F4007F108031846FEF78AFC03469C4215
:10192000DCD307F16E0301221946174804F0C5F90C
:1019300000BF154B93F83D30DBB2202BF9D107F1F6
:101940006E0301221946104804F0B7F900BF0E4B90
:1019500093F83D30DBB2202BF9D107F16E03012261
:101960001946094804F0A9F900BF074B93F83D3028
:10197000DBB2202BF9D100BF00BF7437BD46BDE8F4
:10198000904004B0704700BF7016002080B500AFD3
:10199000144B1B68DA68134B1B6842F01002DA60C4
:1019A000114B1B781A461346DB0113445B000F4AA8
:1019B00013444FF4807219460A4804F0C2F9094BE7
:1019C0001B685A69074B1B6822F001025A61054BDC
:1019D0001B68DA68034B1B6822F48072DA6000BF70
:1019E00080BD00BF70160020B012002090020020C1
:1019F00080B500AF144B1B68DA68134B1B6842F0CC
:101A00001002DA60114B1B781A461346DB011344AF
:101A10005B000F4A13444FF4807219460A4804F0E1
:101A200090F9094B1B685A69074B1B6822F00102A9
:101A30005A61054B1B68DA68034B1B6822F48072FD
:101A4000DA6000BF80BD00BFB4160020B0120020D5
:101A50009002002080B500AF144B1B68DA68134B6E
:101A60001B6842F01002DA60114B1B781A461346CD
:101A7000DB0113445B000F4A13444FF48072194694
:101A80000A4804F05EF9094B1B685A69074B1B684A
:101A900022F001025A61054B1B68DA68034B1B6890
:101AA00022F48072DA6000BF80BD00BFF81600200B
:101AB000B01200209002002080B582B000AF7860A4
:101AC0000B467B807A8840F6FF737968034804F000
:101AD00062F800BF0837BD4680BD00BF7016002009
:101AE00080B582B000AF324B1B681B6803F0100357
:101AF000102B59D100233B602D4B1B681B683B60AA
:101B00002B4B1B685B683B603B68294804F049F934
:101B1000284B1B685B689BB2274A12781146C3F5B5
:101B2000807398B2254A0B46DB010B445B001344DB
:101B300003F5807302461A801F4B1B781A46134622
:101B4000DB0113445B001D4A13447B601C4B186887
:101B5000391D0023002205F03DF9174B1A78194B67
:101B60001A70154B1B780133DAB2134B1A70154BF0
:101B70001B7803F00F03DAB2124B1A700E4B1B786E
:101B800003F00F03DAB20C4B1A700B4B1B781A469A
:101B90001346DB0113445B00084A13444FF4807280
:101BA0001946034804F0CDF800BF0837BD4680BD94
:101BB0007016002080170020B01200209002002034
:101BC000F0120020B112002080B582B000AF324B7D
:101BD0001B681B6803F01003102B59D100233B60D6
:101BE0002D4B1B681B683B602B4B1B685B683B6085
:101BF0003B68294804F0D5F8284B1B685B689BB20A
:101C0000274A12781146C3F5807398B2254A0B46CD
:101C1000DB010B445B00134403F5807302461A801A
:101C20001F4B1B781A461346DB0113445B001D4A09
:101C300013447B601C4B1868391D0023002205F0FB
:101C4000C9F8174B1A78194B1A70154B1B780133CA
:101C5000DAB2134B1A70154B1B7803F00F03DAB28C
:101C6000124B1A700E4B1B7803F00F03DAB20C4BB9
:101C70001A700B4B1B781A461346DB0113445B00AA
:101C8000084A13444FF480721946034804F059F887
:101C900000BF0837BD4680BDB4160020C417002021
:101CA000B012002090020020F0120020B11200209B
:101CB00080B582B000AF324B1B681B6803F0100385
:101CC000102B59D100233B602D4B1B681B683B60D8
:101CD0002B4B1B685B683B603B68294804F061F84C
:101CE000284B1B685B689BB2274A12781146C3F5E4
:101CF000807398B2254A0B46DB010B445B0013440A
:101D000003F5807302461A801F4B1B781A46134650
:101D1000DB0113445B001D4A13447B601C4B1868B5
:101D2000391D0023002205F055F8174B1A78194B7E
:101D30001A70154B1B780133DAB2134B1A70154B1E
:101D40001B7803F00F03DAB2124B1A700E4B1B789C
:101D500003F00F03DAB20C4B1A700B4B1B781A46C8
:101D60001346DB0113445B00084A13444FF48072AE
:101D70001946034803F0E5FF00BF0837BD4680BDA4
:101D8000F816002008180020B01200209002002051
:101D9000F0120020B112002080B582B000AF786050
:101DA000391D4FF6FF730122034803F0F4FE7B68F0
:101DB00018460837BD4680BD7016002080B584B037
:101DC00000AF3B1D00221A605A609A60184B194AF6
:101DD0001A60174B00229A60154B00221A73144B9D
:101DE00000221A75124B4FF46022DA61104B002268
:101DF0005A600F4B01221A610D4801F067F8034643
:101E0000002B01D000F030FA00237B600123BB607F
:101E10000023FB603B1D1946054801F041F90346CC
:101E2000002B01D000F020FA00BF1037BD4680BD66
:101E3000B41200200024014080B588B000AF786063
:101E400007F1100300221A605A609A60DA607B681A
:101E50001B68144A934221D1134B9B69124A43F4E5
:101E600000739361104B9B6903F40073FB60FB6884
:101E70000D4B9B690C4A43F0040393610A4B9B6929
:101E800003F00403BB60BB6803233B6103237B6156
:101E900007F110031946054801F09EFF00BF2037E7
:101EA000BD4680BD002401400010024000080140F2
:101EB00080B582B000AF184B5B69174A43F001034D
:101EC0005361154B5B6903F001037B607B68002263
:101ED00005210D2001F0D3FA0D2001F0ECFA0022CB
:101EE00005210E2001F0CBFA0E2001F0E4FA0022C9
:101EF00005210F2001F0C3FA0F2001F0DCFA0022C7
:101F00000521102001F0BBFA102001F0D4FA00BF27
:101F10000837BD4680BD00BF0010024080B485B0C8
:101F200000AFF860B9607A60FB68064A1A60BB6867
:101F3000054A1A607B6880221A6000BF1437BD46CC
:101F400080BC7047F412002094130020B0B59AB002
:101F500000AF254B07F158040FCB84E80F0007F1C1
:101F600058030021184604F021FD03461F4A136060
:101F70001F4B07F13C041D460FCD0FC495E8070029
:101F800084E8070007F13C030021184604F0AEFC8A
:101F90000346184A1360184B07F120041D460FCD65
:101FA0000FC495E8070084E8070007F1200300212B
:101FB000184604F09BFC0346104A1360104B3C1D6E
:101FC0001D460FCD0FC495E8070084E807003B1DB0
:101FD0000021184604F08AFC03460A4A136000BF39
:101FE0006837BD46B0BD00BFE4BA0008F01200205B
:101FF00000BB0008E412002028BB0008E812002003
:1020000050BB0008EC12002080B582B000AF7860B1
:10201000FFF766FB00BF0837BD4680BD80B582B0C4
:1020200000AF7860FFF77AFB00BF0837BD4680BD80
:1020300080B582B000AF7860FFF7BAFB00BF083709
:10204000BD4680BD80B588B000AF07F11003002207
:102050001A605A609A60DA603A4B9B69394A43F0D9
:1020600020039361374B9B6903F02003FB60FB68FF
:10207000344B9B69334A43F004039361314B9B69B2
:1020800003F00403BB60BB682E4B9B692D4A43F0F1
:10209000100393612B4B9B6903F010037B607B68FB
:1020A000284B9B69274A43F008039361254B9B69A2
:1020B00003F008033B603B6800222021224802F025
:1020C00036F800224FF48071204802F030F82023C7
:1020D0003B6101237B610023BB610223FB6107F1AC
:1020E00010031946184801F077FE4FF480733B61E6
:1020F00000237B610023BB6107F1100319461248DE
:1021000001F06AFE4FF400733B6100237B61012301
:10211000BB6107F1100319460B4801F05DFE4FF457
:1021200080733B6101237B610023BB610223FB6160
:1021300007F110031946054801F04EFE00BF203795
:10214000BD4680BD00100240001001400008014063
:1021500080B500AF00F088FE00F017F8FFF772FFBF
:10216000FFF7A6FE00F040FC00F068FC00F090FCD9
:10217000FFF724FE00F040FA00F0D6FAFEF71AFD51
:10218000FFF7E4FE04F0ABFBFEE780B596B000AFCE
:1021900007F1300328220021184607F069FB07F1F8
:1021A0001C0300221A605A609A60DA601A613B1DB3
:1021B00000221A605A609A60DA601A615A6101233B
:1021C0003B634FF480337B630023BB6301233B6499
:1021D0000223FB644FF480333B654FF4E0137B65CF
:1021E00007F13003184601F0BBFF0346002B01D076
:1021F00000F03AF80F23FB6102233B6200237B626D
:102200004FF48063BB620023FB6207F11C030221D1
:10221000184602F027FA0346002B01D000F024F8FC
:1022200002237B604FF40043FB603B1D184602F025
:10223000E1FB0346002B01D000F016F800BF583731
:10224000BD4680BD80B582B000AF78607B681B68FA
:10225000044A934201D100F01DFE00BF0837BD467D
:1022600080BD00BF0010004080B400AF72B600BF58
:10227000FEE7000080B584B000AF184B9B69174A99
:1022800043F001039361154B9B6903F00103BB60AD
:10229000BB68124BDB69114A43F08053D3610F4B8B
:1022A000DB6903F080537B607B6800220F216FF0B5
:1022B000010001F0E4F80A4B5B68FB60FB6823F067
:1022C000E063FB60FB6843F00073FB60044AFB685B
:1022D000536000BF1037BD4680BD00BF00100240F4
:1022E0000000014080B58CB000AF78600023FB6235
:1022F0000023BB6200227968362001F0C0F8362046
:1023000001F0D9F81F4BDB691E4A43F01003D3617B
:102310001C4BDB6903F01003FB60FB6807F1100244
:1023200007F114031146184602F016FB02F0ECFA0E
:1023300003465B00FB62FB6A134AA2FB03239B0C70
:10234000013BBB62114B124A1A60104B40F2E7325C
:10235000DA600E4ABB6A53600C4B00221A610B4BC9
:1023600000229A60094802F0FBFB0346002B04D1CF
:10237000064802F045FC034600E0012318463037CA
:10238000BD4680BD0010024083DE1B439415002033
:102390000010004080B400AFFEE780B400AFFEE75D
:1023A00080B400AFFEE780B400AFFEE780B400AFBA
:1023B000FEE780B400AF00BFBD4680BC70470000A0
:1023C00080B500AF024801F09DFA00BF80BD00BF9C
:1023D0000818002080B500AF024801F093FA00BF52
:1023E00080BD00BF3C17002080B500AF024801F05F
:1023F00089FA00BF80BD00BF8017002080B500AF04
:10240000024801F07FFA00BF80BD00BFC417002062
:1024100080B500AFFFF764FB024803F01DFD00BF6D
:1024200080BD00BF7016002080B500AFFFF7CCFB69
:10243000024803F011FD00BF80BD00BFB4160020AC
:1024400080B500AFFFF734FC024803F005FD00BF84
:1024500080BD00BFF816002080B500AF024802F032
:1024600041FD00BF80BD00BF9415002080B400AFC7
:1024700001231846BD4680BC704780B582B000AFCE
:102480007860396007F09CFA034616221A604FF014
:10249000FF3318460837BD4680BD80B582B000AF17
:1024A00078604FF0FF317868FFF7E7FFFEE780B50F
:1024B00086B000AFF860B9607A6000237B610AE003
:1024C000AFF300800146BB685A1CBA60CAB21A70EA
:1024D0007B6901337B617A697B689A42F0DB7B68B8
:1024E00018461837BD4680BD80B586B000AFF8608D
:1024F000B9607A6000237B6109E0BB685A1CBA604E
:102500001B781846FFF748FC7B6901337B617A69C9
:102510007B689A42F1DB7B6818461837BD4680BD60
:1025200080B483B000AF78604FF0FF3318460C37AB
:10253000BD4680BC704780B483B000AF786039601E
:102540003B684FF400525A60002318460C37BD46D2
:1025500080BC704780B483B000AF78600123184618
:102560000C37BD4680BC704780B485B000AFF860C2
:10257000B9607A60002318461437BD4680BC7047A6
:1025800080B586B000AF7860144A154BD31A7B61D2
:102590007B693B61134B1B68002B02D1114B124A24
:1025A0001A60104B1A687B6813443A699A4207D242
:1025B00007F006FA03460C221A604FF0FF3309E0D9
:1025C000084B1B68FB60074B1A687B681344054A7D
:1025D0001360FB6818461837BD4680BD00C0002058
:1025E00000040000DC1500207027002080B400AF3C
:1025F00000BFBD4680BC704780B58EB000AF07F10C
:10260000280300221A605A609A60DA6007F12003FA
:1026100000221A605A603B1D00221A605A609A60BC
:10262000DA601A615A619A613E4B4FF080421A603B
:102630003C4B40F2CF225A603A4B00229A60394B11
:102640004FF4FA62DA60374B00221A61354B0022F0
:102650009A61344802F084FA0346002B01D0FFF758
:1026600003FE4FF48053BB6207F1280319462D483F
:1026700002F0FEFD0346002B01D0FFF7F5FD2948CF
:1026800002F01EFB0346002B01D0FFF7EDFD0023F7
:102690003B6200237B6207F120031946214803F0C7
:1026A000AFF90346002B01D0FFF7DEFD60237B600E
:1026B0000023BB600023FB6000237B613B1D0022E5
:1026C0001946184802F016FD0346002B01D0FFF70B
:1026D000CBFD3B1D04221946124802F00BFD0346B8
:1026E000002B01D0FFF7C0FD3B1D082219460D4805
:1026F00002F000FD0346002B01D0FFF7B5FD3B1DA6
:102700000C221946074802F0F5FC0346002B01D0C5
:10271000FFF7AAFD034800F0CFF800BF3837BD46E9
:1027200080BD00BFE015002080B58EB000AF07F17E
:10273000280300221A605A609A60DA6007F12003C9
:1027400000221A605A603B1D00221A605A609A608B
:10275000DA601A615A619A613D4B3E4A1A603C4BFD
:1027600047225A603A4B00229A60394B4FF47A72F2
:10277000DA60374B00221A61354B00229A613448E7
:1027800002F0EEF90346002B01D0FFF76DFD4FF488
:102790008053BB6207F1280319462D4802F068FDFB
:1027A0000346002B01D0FFF75FFD294802F088FAAD
:1027B0000346002B01D0FFF757FD00233B620023A7
:1027C0007B6207F120031946214803F019F90346FB
:1027D000002B01D0FFF748FD60237B600023BB6026
:1027E0000023FB6000237B613B1D00221946184833
:1027F00002F080FC0346002B01D0FFF735FD3B1DA6
:1028000004221946124802F075FC0346002B01D041
:10281000FFF72AFD3B1D082219460D4802F06AFC0D
:102820000346002B01D0FFF71FFD3B1D0C2219466C
:10283000074802F05FFC0346002B01D0FFF714FDB0
:10284000034800F039F800BF3837BD4680BD00BFEF
:10285000281600200004004080B485B000AF7860E6
:102860007B681B68B3F1804F0CD1114BDB69104AB8
:1028700043F00103D3610E4BDB6903F00103FB60FE
:10288000FB6810E07B681B680A4A93420BD1084B37
:10289000DB69074A43F00203D361054BDB6903F0B0
:1028A0000203BB60BB6800BF1437BD4680BC7047E5
:1028B000001002400004004080B58CB000AF78608A
:1028C00007F11C0300221A605A609A60DA607B6884
:1028D0001B68B3F1804F44D13E4B9B693D4A43F0A6
:1028E000080393613B4B9B6903F00803BB61BB6921
:1028F000384B9B69374A43F004039361354B9B691E
:1029000003F004037B617B6940F60843FB6102230B
:102910003B620223BB6207F11C0319462E4801F0FB
:102920005BFA4FF40043FB6102233B620223BB626C
:1029300007F11C031946294801F04EFA284B5B6841
:10294000FB62FB6A23F44073FB62FB6A43F0E063C3
:10295000FB62FB6A43F44073FB62214AFB6A5360EB
:1029600034E07B681B681F4A93422FD1194B9B6947
:10297000184A43F004039361164B9B6903F0040368
:102980003B613B69134B9B69124A43F00803936117
:10299000104B9B6903F00803FB60FB68C023FB61DD
:1029A00002233B620223BB6207F11C0319460B485A
:1029B00001F012FA0323FB6102233B620223BB6294
:1029C00007F11C031946044801F006FA00BF30372E
:1029D000BD4680BD00100240000C014000080140CF
:1029E000000001400004004080B500AF114B124AC6
:1029F0001A60104B4FF4E1325A600E4B00229A607D
:102A00000C4B0022DA600B4B00221A61094B0C229E
:102A10005A61084B00229A61064B0022DA61054890
:102A200003F06CF80346002B01D0FFF71DFC00BF3C
:102A300080BD00BF701600200038014080B500AF97
:102A4000114B124A1A60104B4FF4E1325A600E4B90
:102A500000229A600C4B0022DA600B4B00221A61B4
:102A6000094B0C225A61084B00229A61064B002246
:102A7000DA61054803F042F80346002B01D0FFF766
:102A8000F3FB00BF80BD00BFB4160020004400402F
:102A900080B500AF114B124A1A60104B4FF4E1326F
:102AA0005A600E4B00229A600C4B0022DA600B4BEE
:102AB00000221A61094B0C225A61084B00229A61CC
:102AC000064B0022DA61054803F018F80346002B94
:102AD00001D0FFF7C9FB00BF80BD00BFF816002082
:102AE0000048004080B58EB000AF786007F1240345
:102AF00000221A605A609A60DA607B681B68794A23
:102B0000934240F08980784B9B69774A43F4804335
:102B10009361754B9B6903F480433B623B6A724B44
:102B20009B69714A43F0040393616F4B9B6903F007
:102B30000403FB61FB694FF400737B620223BB62F9
:102B400003233B6307F124031946684801F044F965
:102B50004FF480637B620023BB620123FB6207F1B9
:102B600024031946614801F037F9614B614A1A6044
:102B70005F4B10225A605E4B00229A605C4B8022B1
:102B8000DA605B4B00221A61594B00225A61584BA4
:102B900000229A61564B4FF48052DA61544800F09B
:102BA00099FC0346002B01D0FFF75EFB7B68504A7F
:102BB0005A634F4A7B6853624F4B504A1A604E4BE0
:102BC00000225A604C4B00229A604B4B8022DA6004
:102BD000494B00221A61484B00225A61464B0022A1
:102BE0009A61454B4FF44052DA61434800F072FC61
:102BF0000346002B01D0FFF737FB7B683E4A9A6300
:102C00003D4A7B68536200220521252000F037FCF5
:102C1000252000F050FCF1E07B681B68384A9342A5
:102C200074D1314BDB69304A43F40033D3612E4B0E
:102C3000DB6903F40033BB61BB692B4B9B692A4AF8
:102C400043F004039361284B9B6903F004037B6109
:102C50007B6904237B620223BB6203233B6307F18E
:102C600024031946214801F0B7F808237B620023AA
:102C7000BB620123FB6207F1240319461B4801F0E4
:102C8000ABF8204B204A1A601E4B00225A601D4BA5
:102C900000229A601B4B8022DA601A4B00221A61D4
:102CA000184B00225A61174B00229A61154B4FF4C2
:102CB0004052DA61134800F00DFC0346002B01D0AE
:102CC000FFF7D2FA7B680F4A9A630E4A7B68536219
:102CD00000220521262000F0D2FB262000F0EBFB8D
:102CE0008CE000BF003801400010024000080140A5
:102CF0003C1700204400024080170020580002408A
:102D000000440040C41700206C0002407B681B6830
:102D10003C4A934272D13C4BDB693B4A43F48023EB
:102D2000D361394BDB6903F480233B613B69364B4C
:102D30009B69354A43F010039361334B9B6903F061
:102D40001003FB60FB684FF480637B620223BB626D
:102D500003233B6307F1240319462C4801F03CF898
:102D60004FF400637B620023BB620123FB6207F127
:102D700024031946254801F02FF8254B5B687B6337
:102D80007B6B23F030037B637B6B43F0E0637B63FF
:102D90007B6B43F010037B631D4A7B6B53601D4BC1
:102DA0001D4A1A601B4B00225A601A4B00229A607F
:102DB000184B8022DA60174B00221A61154B002253
:102DC0005A61144B00229A61124B4FF44052DA615F
:102DD000104800F07FFB0346002B01D0FFF744FAB8
:102DE0007B680C4A9A630B4A7B6853620022052178
:102DF000272000F044FB272000F05DFB00BF3837A0
:102E0000BD4680BD00480040001002400010014057
:102E10000000014008180020300002400C480D4915
:102E20000D4A002302E0D458C4500433C4188C4225
:102E3000F9D30A4A0A4C002301E013600432A2428B
:102E4000FBD3FFF7D3FB06F0C1FDFFF781F9704715
:102E500000000020E001002014BF0008E001002075
:102E60006C270020FEE7000080B500AF084B1B6810
:102E7000074A43F010031360032000F0F5FA0F2017
:102E8000FFF730FAFFF7F6F90023184680BD00BFC0
:102E90000020024080B400AF054B1B781A46054B5A
:102EA0001B681344034A136000BFBD4680BC7047D3
:102EB000080000204C18002080B400AF024B1B68B3
:102EC0001846BD4680BC70474C18002080B586B0BF
:102ED00000AF78600023FB7500233B610023BB60DB
:102EE0000023FB607B68002B01D10123CEE07B68CF
:102EF0009B68002B7B689B6A002B09D17B680022B2
:102F0000DA627B68002283F824207868FEF794FF59
:102F1000786800F0BDF90346FB757B689B6A03F097
:102F20001003002B40F0A980FB7D002B40F0A58012
:102F30007B689B6A23F4885323F0020343F0020268
:102F40007B689A627B685A687B681B6851498B4230
:102F50000AD17B68DB69B3F5402F02D07B68DB695F
:102F600004E04FF4002301E07B68DB691A437B68CF
:102F70001B7B5B001343BA681343BB607B689B6891
:102F8000B3F5807F03D07B689B68012B02D14FF49F
:102F9000807300E000233A6913433B617B681B7D2B
:102FA000012B19D17B681B7B002B09D17B689B69A6
:102FB000013B5A033B69134343F400633B610BE05D
:102FC0007B689B6A43F020027B689A627B68DB6ABD
:102FD00043F001027B68DA627B681B685B6823F45C
:102FE00069417B681B683A690A435A607B681B68C1
:102FF0009A68294B13407A681268B9680B4393604A
:103000007B689B68B3F5807F03D07B689B68012B4E
:1030100004D17B681B69013B1B05FB607B681B6857
:10302000DB6A23F470017B681B68FA680A43DA6282
:103030007B681B689A68194B1340BA689A420BD197
:103040007B680022DA627B689B6A23F0030343F00B
:1030500001027B689A6218E07B689B6A23F0120386
:1030600043F010027B689A627B68DB6A43F00102DE
:103070007B68DA620123FB7507E07B689B6A43F09B
:1030800010027B689A620123FB75FB7D1846183796
:10309000BD4680BD003C0140FDF7E1FFFE0E1FFF75
:1030A00080B485B000AF786039600023FB730023E3
:1030B000BB607B6893F82430012B01D10223DCE054
:1030C0007B68012283F824203B685B68062B1CD8B0
:1030D0007B681B68596B3B685A6813469B00134416
:1030E000053B1F2202FA03F3DB4319403B681868D3
:1030F0003B685A6813469B001344053B00FA03F2F1
:103100007B681B680A435A633CE03B685B680C2B96
:103110001CD87B681B68196B3B685A6813469B0078
:103120001344233B1F2202FA03F3DB4319403B689D
:1031300018683B685A6813469B001344233B00FA07
:1031400003F27B681B680A431A631BE07B681B68F9
:10315000D96A3B685A6813469B001344413B1F22BF
:1031600002FA03F3DB4319403B6818683B685A686E
:1031700013469B001344413B00FA03F27B681B6833
:103180000A43DA623B681B68092B1CD97B681B6801
:10319000D9683B681A6813465B0013441E3B07223C
:1031A00002FA03F3DB4319403B6898683B681A68EE
:1031B00013465B0013441E3B00FA03F27B681B6856
:1031C0000A43DA6019E07B681B6819693B681A6872
:1031D00013465B001344072202FA03F3DB43194052
:1031E0003B6898683B681A6813465B00134400FA12
:1031F00003F27B681B680A431A613B681B68102B4B
:1032000003D03B681B68112B32D17B681B681D4AB9
:10321000934225D17B681B689B6803F40003002B55
:1032200026D17B681B689A687B681B6842F40002A1
:103230009A603B681B68102B1AD1134B1B68134A0A
:10324000A2FB03239A0C13469B0013445B00BB6054
:1032500002E0BB68013BBB60BB68002BF9D107E013
:103260007B689B6A43F020027B689A620123FB73B0
:103270007B68002283F82420FB7B18461437BD4668
:1032800080BC7047002401400000002083DE1B4307
:1032900080B584B000AF78600023FB607B681B685A
:1032A0009B6803F00103012B2ED17B681B689A6891
:1032B0007B681B6822F001029A60FFF7FDFDF86051
:1032C0001BE0FFF7F9FD0246FB68D31A022B14D965
:1032D0007B681B689B6803F00103012B0DD17B68A1
:1032E0009B6A43F010027B689A627B68DB6A43F05A
:1032F00001027B68DA62012307E07B681B689B6838
:1033000003F00103012BDCD0002318461037BD4623
:1033100080BD000080B485B000AF78607B6803F0AA
:103320000703FB600C4BDB68BB60BA684FF6FF031A
:103330001340BB60FB681A02BB68134343F0BF63D2
:1033400043F40033BB60044ABB68D36000BF14374A
:10335000BD4680BC704700BF00ED00E080B400AF08
:10336000044BDB681B0A03F007031846BD4680BC0C
:10337000704700BF00ED00E080B483B000AF0346AB
:10338000FB7197F90730002B0BDBFB7903F01F0271
:10339000064997F907305B09012000FA02F241F86B
:1033A000232000BF0C37BD4680BC704700E100E021
:1033B00080B483B000AF03463960FB7197F90730E2
:1033C000002B0ADB3B68DAB20C4997F9073012018F
:1033D000D2B20B4483F800230AE03B68DAB2084912
:1033E000FB7903F00F03043B1201D2B20B441A76AF
:1033F00000BF0C37BD4680BC704700BF00E100E055
:1034000000ED00E080B489B000AFF860B9607A6088
:10341000FB6803F00703FB61FB69C3F10703042B9F
:1034200028BF0423BB61FB690433062B02D9FB6967
:10343000033B00E000237B614FF0FF32BB6902FADF
:1034400003F3DA43BB681A407B699A404FF0FF31BF
:103450007B6901FA03F3D9437B680B401343184699
:103460002437BD4680BC704780B582B000AF78601D
:103470007868FFF74FFF00BF0837BD4680BD80B5B5
:1034800086B000AF0346B9607A60FB7300237B61AE
:10349000FFF764FF78617A68B9687869FFF7B2FF6F
:1034A000024697F90F3011461846FFF781FF00BF1B
:1034B0001837BD4680BD80B582B000AF0346FB71B2
:1034C00097F907301846FFF757FF00BF0837BD468A
:1034D00080BD000080B485B000AF78600023FB6041
:1034E0007B68002B01D1012359E07B681B681A46D9
:1034F0002D4B9A420FD87B681B681A462B4B1344FE
:103500002B4AA2FB03231B099A007B681A647B6881
:10351000284ADA630EE07B681B681A46264B134480
:10352000234AA2FB03231B099A007B681A647B6869
:10353000224ADA637B68022283F821207B681B68B9
:103540001B68FB60FB6823F47F5323F03003FB60B0
:103550007B685A687B689B681A437B68DB681A4300
:103560007B681B691A437B685B691A437B689B69AC
:103570001A437B68DB691343FA681343FB607B687B
:103580001B68FA681A607B6800229A637B680122D4
:1035900083F821207B68002283F82020002318462E
:1035A0001437BD4680BC704707040240F8FFFDBFDA
:1035B000CDCCCCCC00000240F8FBFDBF00040240A3
:1035C00080B586B000AFF860B9607A603B600023D8
:1035D000FB75FB6893F82030012B01D102234AE0F0
:1035E000FB68012283F82020FB6893F82130012B2F
:1035F0003AD1FB68022283F82120FB6800229A63FB
:10360000FB681B681A68FB681B6822F001021A60DD
:103610003B687A68B968F86800F0B0FBFB68DB6A61
:10362000002B08D0FB681B681A68FB681B6842F017
:103630000E021A600FE0FB681B681A68FB681B68C3
:1036400022F004021A60FB681B681A68FB681B689A
:1036500042F00A021A60FB681B681A68FB681B6864
:1036600042F001021A6005E0FB68002283F8202086
:103670000223FB75FB7D18461837BD4680BD80B41C
:1036800085B000AF78600023FB737B6893F821302E
:10369000022B08D07B6804229A637B68002283F89F
:1036A0002020012320E07B681B681A687B681B6868
:1036B00022F00E021A607B681B681A687B681B6820
:1036C00022F001021A607B681A6C7B68DB6B0121B7
:1036D00001FA02F25A607B68012283F821207B689C
:1036E000002283F82020FB7B18461437BD4680BC9F
:1036F0007047000080B584B000AF78600023FB7392
:103700007B6893F82130022B05D07B6804229A63F2
:103710000123FB73D6E07B681B681A687B681B6813
:1037200022F00E021A607B681B681A687B681B68AF
:1037300022F001021A607B681B681A46644B9A42A9
:1037400058D97B681B68634A93424FD07B681B68DB
:10375000614A934248D07B681B68604A934240D0DC
:103760007B681B685E4A934238D07B681B685D4A61
:10377000934230D07B681B685B4A934228D07B68B9
:103780001B68534A934220D07B681B68574A934278
:1037900019D07B681B68564A934212D07B681B681D
:1037A000544A93420AD07B681B68534A934202D121
:1037B0004FF480531BE04FF4803318E04FF48073D4
:1037C00015E0102313E0012311E04FF080730EE0A9
:1037D0004FF480130BE04FF4803308E04FF4805334
:1037E00005E04FF4807302E0102300E00123434A18
:1037F000536057E07B681B68364A93424FD07B6822
:103800001B68354A934248D07B681B68334A934211
:1038100040D07B681B68324A934238D07B681B6873
:10382000304A934230D07B681B682F4A934228D09D
:103830007B681B68264A934220D07B681B682B4A12
:10384000934219D07B681B68294A934212D07B6847
:103850001B68284A93420AD07B681B68264A934219
:1038600002D14FF480531BE04FF4803318E04FF443
:10387000807315E0102313E0012311E04FF08073F3
:103880000EE04FF480130BE04FF4803308E04FF468
:10389000805305E04FF4807302E0102300E0012321
:1038A000174A53607B68012283F821207B6800223D
:1038B00083F820207B685B6B002B03D07B685B6BFD
:1038C00078689847FB7B18461037BD4680BD00BF1F
:1038D00080000240080002401C000240300002400C
:1038E00044000240580002406C00024008040240BC
:1038F0001C04024030040240440402400004024020
:103900000000024080B584B000AF78607B68DB6B5C
:103910001B68FB607B681B681B68BB607B681B6C5B
:1039200004229A40FB681340002B00F0F180BB6832
:1039300003F00403002B00F0EB807B681B681B681E
:1039400003F02003002B07D17B681B681A687B6893
:103950001B6822F004021A607B681B681A465F4BE2
:103960009A4258D97B681B685D4A93424FD07B6866
:103970001B685C4A934248D07B681B685A4A934252
:1039800040D07B681B68594A934238D07B681B68DB
:10399000574A934230D07B681B68564A934228D0DE
:1039A0007B681B684D4A934220D07B681B68524A53
:1039B000934219D07B681B68504A934212D07B68AF
:1039C0001B684F4A93420AD07B681B684D4A93425A
:1039D00002D14FF480431BE04FF4802318E04FF4F2
:1039E000806315E0402313E0042311E04FF080636F
:1039F0000EE04FF480030BE04FF4802308E04FF417
:103A0000804305E04FF4806302E0402300E004239C
:103A10003D4A536057E07B681B68314A93424FD060
:103A20007B681B682F4A934248D07B681B682E4AEC
:103A3000934240D07B681B682C4A934238D07B6805
:103A40001B682B4A934230D07B681B68294A9342FB
:103A500028D07B681B68214A934220D07B681B6872
:103A6000254A934219D07B681B68244A934212D09E
:103A70007B681B68224A93420AD07B681B68214AF4
:103A8000934202D14FF480431BE04FF4802318E0AF
:103A90004FF4806315E0402313E0042311E04FF05E
:103AA00080630EE04FF480030BE04FF4802308E0C6
:103AB0004FF4804305E04FF4806302E0402300E0D0
:103AC0000423124A53607B68DB6A002B00F03681C6
:103AD0007B68DB6A7868984730E100BF800002406D
:103AE000080002401C000240300002404400024036
:103AF000580002406C000240080402401C040240CE
:103B0000300402404404024000040240000002402D
:103B10007B681B6C02229A40FB681340002B00F06C
:103B2000DD80BB6803F00203002B00F0D7807B68C8
:103B30001B681B6803F02003002B0BD17B681B68FC
:103B40001A687B681B6822F00A021A607B680122EF
:103B500083F821207B681B681A467B4B9A4258D910
:103B60007B681B68794A93424FD07B681B68784A10
:103B7000934248D07B681B68764A934240D07B686A
:103B80001B68754A934238D07B681B68734A93421E
:103B900030D07B681B68724A934228D07B681B68D0
:103BA000694A934220D07B681B686E4A934219D0C1
:103BB0007B681B686C4A934212D07B681B686B4A17
:103BC00093420AD07B681B68694A934202D14FF442
:103BD00000531BE04FF4003318E04FF4007315E07E
:103BE000202313E0022311E04FF000730EE04FF4A6
:103BF00000130BE04FF4003308E04FF4005305E0EE
:103C00004FF4007302E0202300E00223594A53607E
:103C100057E07B681B684D4A93424FD07B681B6816
:103C20004B4A934248D07B681B684A4A934240D033
:103C30007B681B68484A934238D07B681B68474AB8
:103C4000934230D07B681B68454A934228D07B68FA
:103C50001B683D4A934220D07B681B68414A9342CF
:103C600019D07B681B68404A934212D07B681B685E
:103C70003E4A93420AD07B681B683D4A934202D178
:103C80004FF400531BE04FF4003318E04FF400737F
:103C900015E0202313E0022311E04FF000730EE043
:103CA0004FF400130BE04FF4003308E04FF40053DF
:103CB00005E04FF4007302E0202300E002232E4AC7
:103CC00053607B68002283F820207B689B6A002B6E
:103CD00034D07B689B6A786898472FE07B681B6CC0
:103CE00008229A40FB681340002B28D0BB6803F0E1
:103CF0000803002B23D07B681B681A687B681B684D
:103D000022F00E021A607B681A6C7B68DB6B012163
:103D100001FA02F25A607B6801229A637B680122F1
:103D200083F821207B68002283F820207B681B6BAE
:103D3000002B04D07B681B6B7868984700BF00BFDE
:103D40001037BD4680BD00BF800002400800024021
:103D50001C00024030000240440002405800024073
:103D60006C000240080402401C040240300402407F
:103D700044040240000402400000024080B485B0C8
:103D800000AFF860B9607A603B60FB681A6CFB6852
:103D9000DB6B012101FA02F25A60FB681B683A688A
:103DA0005A60FB685B68102B08D1FB681B687A6857
:103DB0009A60FB681B68BA68DA6007E0FB681B68FA
:103DC000BA689A60FB681B687A68DA6000BF1437CB
:103DD000BD4680BC7047000080B48BB000AF7860F7
:103DE000396000237B6200233B6279E101227B6A18
:103DF00002FA03F3FB613B681B68FA691340BB617D
:103E0000BA69FB699A4240F068813B685B68964AF0
:103E100093425ED0944A934275D8944A934258D0C4
:103E2000924A93426FD8924A934252D0904A934218
:103E300069D8904A93424CD08E4A934263D88E4AB6
:103E4000934246D08C4A93425DD8122B2AD8122B2B
:103E500059D801A252F823F0D33E0008AD3E000825
:103E6000BF3E0008013F0008073F0008073F000869
:103E7000073F0008073F0008073F0008073F00080A
:103E8000073F0008073F0008073F0008073F0008FA
:103E9000073F0008073F0008073F0008B53E00083D
:103EA000C93E0008754A934213D02CE03B68DB689A
:103EB0003B6229E03B68DB6804333B6224E03B68FB
:103EC000DB6808333B621FE03B68DB680C333B6216
:103ED0001AE03B689B68002B02D104233B6213E08D
:103EE0003B689B68012B05D108233B627B68FA691C
:103EF0001A6109E008233B627B68FA695A6103E0B2
:103F000000233B6200E000BFBB69FF2B01D87B6848
:103F100001E07B6804337B61BB69FF2B02D87B6ABD
:103F20009B0002E07B6A083B9B003B617B691A684F
:103F30000F213B6901FA03F3DB431A40396A3B69FD
:103F400001FA03F31A437B691A603B685B6803F06C
:103F50008053002B00F0C180494B9B69484A43F0D5
:103F600001039361464B9B6903F00103BB60BB688F
:103F7000444A7B6A9B08023352F82330FB607B6A19
:103F800003F003039B000F2202FA03F3DB43FA68FA
:103F90001340FB607B683C4A93421FD07B683B4ADE
:103FA000934219D07B683A4A934213D07B68394ACE
:103FB00093420DD07B68384A934207D07B68374ADA
:103FC000934201D105230AE0062308E0042306E01A
:103FD000032304E0022302E0012300E000237A6AC5
:103FE00002F0030292009340FA681343FB602549F4
:103FF0007B6A9B080233FA6841F823203B685B68C0
:1040000003F48033002B06D0254B1A682449BB6982
:1040100013430B6006E0224B1A68BB69DB4320495F
:1040200013400B603B685B6803F40033002B06D041
:104030001B4B5A681A49BB6913434B6006E0184B87
:104040005A68BB69DB43164913404B603B685B68A9
:1040500003F48013002B25D0114B9A681049BB69DB
:1040600013438B6025E000BF0000321000003110C8
:10407000000022100000211000001210000011109A
:10408000001002400000014000080140000C014007
:10409000001001400014014000180140001C0140C4
:1040A00000040140154B9A68BB69DB431349134078
:1040B0008B603B685B6803F40013002B06D00F4B4A
:1040C000DA680E49BB691343CB6006E00B4BDA6834
:1040D000BB69DB4309491340CB607B6A01337B62D8
:1040E0003B681A687B6A22FA03F3002B7FF47EAEEA
:1040F00000BF00BF2C37BD4680BC704700040140A4
:1041000080B485B000AF78600B467B807B689A688E
:104110007B881340002B02D00123FB7301E00023B6
:10412000FB73FB7B18461437BD4680BC704780B4D8
:1041300083B000AF78600B467B8013467B707B7842
:10414000002B03D07A887B681A6103E07B881A040D
:104150007B681A6100BF0C37BD4680BC7047000009
:1041600080B586B000AF78607B68002B01D1012359
:1041700072E27B681B6803F00103002B00F087806C
:10418000924B5B6803F00C03042B0CD08F4B5B68E5
:1041900003F00C03082B12D18C4B5B6803F48033C3
:1041A000B3F5803F0BD1894B1B6803F40033002B20
:1041B0006CD07B685B68002B68D101234CE27B6884
:1041C0005B68B3F5803F06D1804B1B687F4A43F4A0
:1041D000803313602EE07B685B68002B0CD17B4B37
:1041E0001B687A4A23F480331360784B1B68774A44
:1041F00023F4802313601DE07B685B68B3F5A02F78
:104200000CD1724B1B68714A43F4802313606F4BCF
:104210001B686E4A43F4803313600BE06B4B1B68E2
:104220006A4A23F480331360684B1B68674A23F49F
:10423000802313607B685B68002B13D0FEF73CFE85
:10424000386108E0FEF738FE02463B69D31A642B5A
:1042500001D9032300E25D4B1B6803F40033002BFC
:10426000F0D014E0FEF728FE386108E0FEF724FEE7
:1042700002463B69D31A642B01D90323ECE1534B6B
:104280001B6803F40033002BF0D100E000BF7B6813
:104290001B6803F00203002B63D04C4B5B6803F0F8
:1042A0000C03002B0BD0494B5B6803F00C03082B6D
:1042B0001CD1464B5B6803F48033002B16D1434B73
:1042C0001B6803F00203002B05D07B681B69012BE0
:1042D00001D00123C0E13D4B1B6823F0F8027B684D
:1042E0005B69DB00394913430B603AE07B681B696B
:1042F000002B20D0364B01221A60FEF7DDFD38611D
:1043000008E0FEF7D9FD02463B69D31A022B01D91A
:104310000323A1E12D4B1B6803F00203002BF0D017
:104320002A4B1B6823F0F8027B685B69DB00274996
:1043300013430B6015E0264B00221A60FEF7BCFD0C
:10434000386108E0FEF7B8FD02463B69D31A022B3C
:1043500001D9032380E11D4B1B6803F00203002BEE
:10436000F0D17B681B6803F00803002B3AD07B6810
:104370009B69002B19D0174B01221A60FEF79CFD98
:10438000386108E0FEF798FD02463B69D31A022B1C
:1043900001D9032360E10D4B5B6A03F00203002B9C
:1043A000F0D0012000F008FB1CE00A4B00221A604C
:1043B000FEF782FD38610FE0FEF77EFD02463B69A5
:1043C000D31A022B08D9032346E100BF0010024094
:1043D0000000424280044242924B5B6A03F00203B7
:1043E000002BE9D17B681B6803F00403002B00F06D
:1043F000A6800023FB758B4BDB6903F08053002BF9
:104400000DD1884BDB69874A43F08053D361854BDC
:10441000DB6903F08053BB60BB680123FB75824BF3
:104420001B6803F48073002B18D17F4B1B687E4AF6
:1044300043F480731360FEF73FFD386108E0FEF738
:104440003BFD02463B69D31A642B01D9032303E1E8
:10445000754B1B6803F48073002BF0D07B68DB681E
:10446000012B06D16F4B1B6A6E4A43F001031362A6
:104470002DE07B68DB68002B0CD16A4B1B6A694A14
:1044800023F001031362674B1B6A664A23F004039F
:1044900013621CE07B68DB68052B0CD1614B1B6A47
:1044A000604A43F0040313625E4B1B6A5D4A43F0AB
:1044B000010313620BE05B4B1B6A5A4A23F00103B2
:1044C0001362584B1B6A574A23F0040313627B683C
:1044D000DB68002B15D0FEF7EFFC38610AE0FEF731
:1044E000EBFC02463B69D31A41F28832934201D970
:1044F0000323B1E04B4B1B6A03F00203002BEED009
:1045000014E0FEF7D9FC38610AE0FEF7D5FC02465C
:104510003B69D31A41F28832934201D903239BE0CD
:10452000404B1B6A03F00203002BEED1FB7D012BF5
:1045300005D13C4BDB693B4A23F08053D3617B6858
:10454000DB69002B00F08780364B5B6803F00C03BF
:10455000082B61D07B68DB69022B46D1334B0022EC
:104560001A60FEF7A9FC386108E0FEF7A5FC0246D8
:104570003B69D31A022B01D903236DE0294B1B6839
:1045800003F00073002BF0D17B681B6AB3F5803F0A
:1045900008D1244B5B6823F400327B689B68214977
:1045A00013434B601F4B5B6823F474127B68196ADA
:1045B0007B685B6A0B431B4913434B601B4B012217
:1045C0001A60FEF779FC386108E0FEF775FC0246D8
:1045D0003B69D31A022B01D903233DE0114B1B6821
:1045E00003F00073002BF0D035E0104B00221A606E
:1045F000FEF762FC386108E0FEF75EFC02463B69AC
:10460000D31A022B01D9032326E0064B1B6803F0C3
:104610000073002BF0D11EE07B68DB69012B07D112
:10462000012319E000100240007000406000424287
:104630000B4B5B68FB60FB6803F480327B681B6A92
:104640009A4206D1FB6803F470127B685B6A9A4257
:1046500001D0012300E0002318461837BD4680BD75
:104660000010024080B584B000AF786039607B688C
:10467000002B01D10123D0E06A4B1B6803F0070334
:104680003A689A4210D9674B1B6823F007026549C4
:104690003B6813430B60634B1B6803F007033A68E6
:1046A0009A4201D00123B8E07B681B6803F0020343
:1046B000002B20D07B681B6803F00403002B05D07F
:1046C000594B5B68584A43F4E06353607B681B684E
:1046D00003F00803002B05D0534B5B68524A43F4A8
:1046E00060535360504B5B6823F0F0027B689B681B
:1046F0004D4913434B607B681B6803F00103002B9B
:1047000040D07B685B68012B07D1474B1B6803F4E3
:104710000033002B15D101237FE07B685B68022BFF
:1047200007D1414B1B6803F00073002B09D1012313
:1047300073E03D4B1B6803F00203002B01D1012302
:104740006BE0394B5B6823F003027B685B6836499A
:1047500013434B60FEF7B0FBF8600AE0FEF7ACFBDA
:104760000246FB68D31A41F28832934201D90323EF
:1047700053E02D4B5B6803F00C027B685B689B0089
:104780009A42EBD1274B1B6803F007033A689A4221
:1047900010D2244B1B6823F0070222493B681343C5
:1047A0000B60204B1B6803F007033A689A4201D064
:1047B000012332E07B681B6803F00403002B08D060
:1047C000194B5B6823F4E0627B68DB68164913438E
:1047D0004B607B681B6803F00803002B09D0124B69
:1047E0005B6823F460527B681B69DB000E4913434E
:1047F0004B6000F021F802460B4B5B681B0903F08D
:104800000F030A49CB5C22FA03F3094A1360094BF0
:104810001B681846FDF766FD002318461037BD4695
:1048200080BD00BF002002400010024084BB000891
:10483000000000200400002090B48AB000AF294B93
:104840003C1D0FCB84E80F0040F201233B80002386
:10485000FB610023BB6100237B6200237B6100239B
:104860003B62214B5B68FB61FB6903F00C03042B8B
:1048700002D0082B03D02BE01C4B3B622BE0FB69E2
:104880009B0C03F00F0328333B4413F8243C7B615B
:10489000FB6903F48033002B12D0134B5B685B0C75
:1048A00003F0010328333B4413F8283CBB617B69C8
:1048B0000E4A03FB02F2BB69B2FBF3F37B6204E036
:1048C0007B690B4A02FB03F37B627B6A3B6202E07B
:1048D000064B3B6200BF3B6A18462837BD4690BC7A
:1048E000704700BF6CBB00080010024000127A0045
:1048F00000093D0080B400AF024B1B681846BD465E
:1049000080BC70470000002080B500AFFFF7F2FFC9
:104910000246054B5B681B0A03F007030349CB5CA7
:1049200022FA03F3184680BD0010024094BB000831
:1049300080B500AFFFF7DEFF0246054B5B68DB0A80
:1049400003F007030349CB5C22FA03F3184680BD4A
:104950000010024094BB000880B483B000AF7860C0
:1049600039607B680F221A60114B5B6803F0030209
:104970007B685A600E4B5B6803F0F0027B689A60BC
:104980000B4B5B6803F4E0627B68DA60084B5B68A2
:10499000DB0803F4E0627B681A61064B1B6803F0D6
:1049A00007023B681A6000BF0C37BD4680BC7047E9
:1049B000001002400020024080B485B000AF786053
:1049C0000A4B1B680A4AA2FB03235B0A7A6802FBB4
:1049D00003F3FB6000BFFB685A1EFA60002BF9D19D
:1049E00000BF00BF1437BD4680BC704700000020E8
:1049F000D34D621080B586B000AF786000233B6174
:104A00000023FB607B681B6803F00103002B7DD053
:104A10000023FB754F4BDB6903F08053002B0DD156
:104A20004C4BDB694B4A43F08053D361494BDB6904
:104A300003F08053BB60BB680123FB75464B1B68CA
:104A400003F48073002B18D1434B1B68424A43F494
:104A500080731360FEF730FA386108E0FEF72CFA35
:104A600002463B69D31A642B01D903236DE03A4B0C
:104A70001B6803F48073002BF0D0364B1B6A03F4E1
:104A80004073FB60FB68002B2ED07B685B6803F4EF
:104A90004073FA689A4227D02E4B1B6A23F4407366
:104AA000FB602E4B01221A602C4B00221A60294A0F
:104AB000FB681362FB6803F00103002B14D0FEF7C0
:104AC000FBF938610AE0FEF7F7F902463B69D31AB1
:104AD00041F28832934201D9032336E01D4B1B6A11
:104AE00003F00203002BEED01A4B1B6A23F4407232
:104AF0007B685B68174913430B62FB7D012B05D173
:104B0000144BDB69134A23F08053D3617B681B6825
:104B100003F00203002B08D00E4B5B6823F44042E5
:104B20007B689B680B4913434B607B681B6803F0F1
:104B30001003002B08D0074B5B6823F480027B68CE
:104B40005B69044913434B60002318461837BD4680
:104B500080BD00BF0010024000700040400442428F
:104B600080B582B000AF78607B68002B01D1012353
:104B700041E07B6893F83D30DBB2002B06D17B68C7
:104B8000002283F83C207868FDF766FE7B680222ED
:104B900083F83D207B681A687B6804331946104609
:104BA00000F04EFC7B68012283F846207B680122DE
:104BB00083F83E207B68012283F83F207B68012236
:104BC00083F840207B68012283F841207B68012222
:104BD00083F842207B68012283F843207B6801220E
:104BE00083F844207B68012283F845207B680122FA
:104BF00083F83D20002318460837BD4680BD0000DD
:104C000080B485B000AF78607B6893F83D30DBB24C
:104C1000012B01D0012344E07B68022283F83D2070
:104C20007B681B68DA687B681B6842F00102DA6007
:104C30007B681B681D4A934218D07B681B681C4A1E
:104C4000934213D07B681B68B3F1804F0ED07B6812
:104C50001B68184A934209D07B681B68164A934226
:104C600004D07B681B68154A934211D17B681B688E
:104C70009B6803F00703FB60FB68062B10D07B6882
:104C80001B681A687B681B6842F001021A6007E023
:104C90007B681B681A687B681B6842F001021A6017
:104CA000002318461437BD4680BC7047002C0140D5
:104CB000003401400004004000080040000C0040A7
:104CC00080B582B000AF78607B68002B01D10123F2
:104CD00041E07B6893F83D30DBB2002B06D17B6866
:104CE000002283F83C20786800F039F87B680222C3
:104CF00083F83D207B681A687B68043319461046A8
:104D000000F09EFB7B68012283F846207B6801222D
:104D100083F83E207B68012283F83F207B680122D4
:104D200083F840207B68012283F841207B680122C0
:104D300083F842207B68012283F843207B680122AC
:104D400083F844207B68012283F845207B68012298
:104D500083F83D20002318460837BD4680BD80B447
:104D600083B000AF786000BF0C37BD4680BC704791
:104D700080B584B000AF786039603B68002B09D102
:104D80007B6893F83E30DBB2012B14BF0123002374
:104D9000DBB222E03B68042B09D17B6893F83F30FB
:104DA000DBB2012B14BF01230023DBB215E03B680B
:104DB000082B09D17B6893F84030DBB2012B14BF7C
:104DC00001230023DBB208E07B6893F84130DBB2BB
:104DD000012B14BF01230023DBB2002B01D00123E0
:104DE00072E03B68002B04D17B68022283F83E20EE
:104DF00013E03B68042B04D17B68022283F83F2038
:104E00000BE03B68082B04D17B68022283F840202A
:104E100003E07B68022283F841207B681B68012243
:104E20003968184600F0C8FD7B681B68284A934221
:104E300004D07B681B68274A934201D1012300E01C
:104E40000023002B07D07B681B685A6C7B681B68AB
:104E500042F400425A647B681B681D4A934218D092
:104E60007B681B681B4A934213D07B681B68B3F1B5
:104E7000804F0ED07B681B68174A934209D07B682D
:104E80001B68164A934204D07B681B68144A9342FD
:104E900011D17B681B689B6803F00703FB60FB680C
:104EA000062B10D07B681B681A687B681B6842F071
:104EB00001021A6007E07B681B681A687B681B6840
:104EC00042F001021A60002318461037BD4680BD2B
:104ED000002C014000340140000400400008004064
:104EE000000C004080B582B000AF78607B681B6822
:104EF0001B6903F00203022B22D17B681B68DB686D
:104F000003F00203022B1BD17B681B686FF00202C7
:104F10001A617B6801221A777B681B689B6903F022
:104F20000303002B03D0786800F06FFA05E078687F
:104F300000F062FA786800F071FA7B6800221A7754
:104F40007B681B681B6903F00403042B22D17B6878
:104F50001B68DB6803F00403042B1BD17B681B6810
:104F60006FF004021A617B6802221A777B681B6863
:104F70009B6903F44073002B03D0786800F045FA76
:104F800005E0786800F038FA786800F047FA7B6846
:104F900000221A777B681B681B6903F00803082B43
:104FA00022D17B681B68DB6803F00803082B1BD148
:104FB0007B681B686FF008021A617B6804221A770D
:104FC0007B681B68DB6903F00303002B03D0786860
:104FD00000F01BFA05E0786800F00EFA786800F03F
:104FE0001DFA7B6800221A777B681B681B6903F037
:104FF0001003102B22D17B681B68DB6803F01003C1
:10500000102B1BD17B681B686FF010021A617B6844
:1050100008221A777B681B68DB6903F44073002B56
:1050200003D0786800F0F1F905E0786800F0E4F961
:10503000786800F0F3F97B6800221A777B681B68B8
:105040001B6903F00103012B0ED17B681B68DB6831
:1050500003F00103012B07D17B681B686FF001028D
:105060001A617868FDF7EEF87B681B681B6903F02E
:105070008003802B0ED17B681B68DB6803F0800304
:10508000802B07D17B681B686FF080021A617868FB
:1050900000F02BFD7B681B681B6903F04003402B6D
:1050A0000ED17B681B68DB6803F04003402B07D1FF
:1050B0007B681B686FF040021A61786800F0B7F9EE
:1050C0007B681B681B6903F02003202B0ED17B68D3
:1050D0001B68DB6803F02003202B07D17B681B686B
:1050E0006FF020021A61786800F0F6FC00BF083704
:1050F000BD4680BD80B584B000AFF860B9607A600D
:10510000FB6893F83C30012B01D10223ACE0FB6833
:10511000012283F83C207B680C2B00F29F8001A2C7
:1051200052F823F0595100085D5200085D52000802
:105130005D520008995100085D5200085D52000858
:105140005D520008DB5100085D5200085D52000806
:105150005D5200081B520008FB681B68B9681846BE
:1051600000F0E8F9FB681B689A69FB681B6842F06D
:1051700008029A61FB681B689A69FB681B6822F049
:1051800004029A61FB681B689969BB681A69FB682D
:105190001B680A439A6162E0FB681B68B96818469D
:1051A00000F038FAFB681B689A69FB681B6842F4D8
:1051B00000629A61FB681B689A69FB681B6822F4AD
:1051C00080629A61FB681B689969BB681B691A0257
:1051D000FB681B680A439A6141E0FB681B68B96879
:1051E000184600F08BFAFB681B68DA69FB681B68DD
:1051F00042F00802DA61FB681B68DA69FB681B6829
:1052000022F00402DA61FB681B68D969BB681A697D
:10521000FB681B680A43DA6121E0FB681B68B96818
:10522000184600F0DFFAFB681B68DA69FB681B6848
:1052300042F40062DA61FB681B68DA69FB681B688C
:1052400022F48062DA61FB681B68D969BB681B695C
:105250001A02FB681B680A43DA6100E000BFFB68C2
:10526000002283F83C20002318461037BD4680BD3D
:1052700080B584B000AF786039607B6893F83C30CB
:10528000012B01D10223B3E07B68012283F83C208B
:105290007B68022283F83D207B681B689B68FB606B
:1052A000FB6823F07703FB60FB6823F47F43FB601C
:1052B0007B681B68FA689A603B681B68B3F5005FFF
:1052C0003ED0B3F5005F00F28780B3F5805F00F059
:1052D0008580B3F5805F7FD8702B1AD0702B7BD878
:1052E000602B50D0602B77D8502B3CD0502B73D8EC
:1052F000402B58D0402B6FD8302B64D0302B6BD83C
:10530000202B60D0202B67D8002B5CD0102B5AD0DC
:1053100062E07B6818683B6899683B685A683B683C
:10532000DB6800F02AFB7B681B689B68FB60FB68FE
:1053300043F07703FB607B681B68FA689A604EE075
:105340007B6818683B6899683B685A683B68DB680B
:1053500000F013FB7B681B689A687B681B6842F44B
:1053600080429A603BE07B6818683B6859683B68FC
:10537000DB681A4600F08AFA7B681B6850211846E1
:1053800000F0E1FA2BE07B6818683B6859683B68DD
:10539000DB681A4600F0A8FA7B681B686021184693
:1053A00000F0D1FA1BE07B6818683B6859683B68DD
:1053B000DB681A4600F06AFA7B681B6840211846D1
:1053C00000F0C1FA0BE07B681A683B681B6819465D
:1053D000104600F0B8FA02E000BF00E000BF7B68B2
:1053E000012283F83D207B68002283F83C200023C3
:1053F00018461037BD4680BD80B483B000AF7860DA
:1054000000BF0C37BD4680BC704780B483B000AF8E
:10541000786000BF0C37BD4680BC704780B483B055
:1054200000AF786000BF0C37BD4680BC704780B4C9
:1054300083B000AF786000BF0C37BD4680BC7047BA
:1054400080B485B000AF786039607B681B68FB6012
:105450007B68334A934213D07B68324A93420FD021
:105460007B68B3F1804F0BD07B682F4A934207D003
:105470007B682E4A934203D07B682D4A934208D121
:10548000FB6823F07003FB603B685B68FA681343BA
:10549000FB607B68224A934213D07B68214A934287
:1054A0000FD07B68B3F1804F0BD07B681E4A9342CC
:1054B00007D07B681D4A934203D07B681C4A934205
:1054C00008D1FB6823F44073FB603B68DB68FA6833
:1054D0001343FB60FB6823F080023B685B69134366
:1054E000FB607B68FA681A603B689A687B68DA62DE
:1054F0003B681A687B689A627B68094A934203D0CA
:105500007B68084A934203D13B681A697B681A6337
:105510007B6801225A6100BF1437BD4680BC7047CA
:10552000002C01400034014000040040000800400D
:10553000000C004080B487B000AF786039607B68B1
:105540001B6A23F001027B681A627B681B6A7B611D
:105550007B685B683B617B689B69FB60FB6823F051
:105560007003FB60FB6823F00303FB603B681B6870
:10557000FA681343FB607B6923F002037B613B689D
:105580009B687A6913437B617B68204A934203D00E
:105590007B681F4A93420CD17B6923F008037B612F
:1055A0003B68DB687A6913437B617B6923F0040302
:1055B0007B617B68154A934203D07B68144A93420F
:1055C00011D13B6923F480733B613B6923F4007381
:1055D0003B613B685B693A6913433B613B689B698C
:1055E0003A6913433B617B683A695A607B68FA68A1
:1055F0009A613B685A687B685A637B687A691A6269
:1056000000BF1C37BD4680BC704700BF002C014066
:105610000034014080B487B000AF786039607B68A7
:105620001B6A23F010027B681A627B681B6A7B612D
:105630007B685B683B617B689B69FB60FB6823F46C
:10564000E043FB60FB6823F44073FB603B681B682E
:105650001B02FA681343FB607B6923F020037B6124
:105660003B689B681B017A6913437B617B68214A15
:10567000934203D07B68204A93420DD17B6923F08B
:1056800080037B613B68DB681B017A6913437B61A4
:105690007B6923F040037B617B68164A934203D009
:1056A0007B68154A934213D13B6923F480633B61C5
:1056B0003B6923F400633B613B685B699B003A698B
:1056C00013433B613B689B699B003A6913433B6111
:1056D0007B683A695A607B68FA689A613B685A68E5
:1056E0007B689A637B687A691A6200BF1C37BD4683
:1056F00080BC7047002C01400034014080B487B06A
:1057000000AF786039607B681B6A23F480727B6825
:105710001A627B681B6A7B617B685B683B617B68A4
:10572000DB69FB60FB6823F07003FB60FB6823F020
:105730000303FB603B681B68FA681343FB607B69EB
:1057400023F400737B613B689B681B027A691343F7
:105750007B617B68214A934203D07B68204A934255
:105760000DD17B6923F400637B613B68DB681B021E
:105770007A6913437B617B6923F480637B617B6877
:10578000164A934203D07B68154A934213D13B6972
:1057900023F480533B613B6923F400533B613B6836
:1057A0005B691B013A6913433B613B689B691B01C1
:1057B0003A6913433B617B683A695A607B68FA68CF
:1057C000DA613B685A687B68DA637B687A691A62D7
:1057D00000BF1C37BD4680BC704700BF002C014095
:1057E0000034014080B487B000AF786039607B68D6
:1057F0001B6A23F480527B681A627B681B6A3B61D8
:105800007B685B687B617B68DB69FB60FB6823F41A
:10581000E043FB60FB6823F44073FB603B681B685C
:105820001B02FA681343FB603B6923F400533B619E
:105830003B689B681B033A6913433B617B68114AD1
:10584000934203D07B68104A934209D17B6923F4C9
:1058500080437B613B685B699B017A6913437B6191
:105860007B687A695A607B68FA68DA613B685A68D3
:105870007B681A647B683A691A6200BF1C37BD46B0
:1058800080BC7047002C01400034014080B487B0D8
:1058900000AFF860B9607A60FB681B6A7B61FB68E7
:1058A0001B6A23F00102FB681A62FB689B693B617B
:1058B0003B6923F0F0033B617B681B013A691343AA
:1058C0003B617B6923F00A037B617A69BB68134300
:1058D0007B61FB683A699A61FB687A691A6200BF6A
:1058E0001C37BD4680BC704780B487B000AFF860FD
:1058F000B9607A60FB681B6A23F01002FB681A62C9
:10590000FB689B697B61FB681B6A3B617B6923F4D5
:1059100070437B617B681B037A6913437B613B693E
:1059200023F0A0033B61BB681B013A6913433B6151
:10593000FB687A699A61FB683A691A6200BF1C3792
:10594000BD4680BC704780B485B000AF78603960D8
:105950007B689B68FB60FB6823F07003FB603A6820
:10596000FB68134343F00703FB607B68FA689A60A7
:1059700000BF1437BD4680BC704780B487B000AF0D
:10598000F860B9607A603B60FB689B687B617B690B
:1059900023F47F437B613B681A027B681A43BB6830
:1059A00013437A6913437B61FB687A699A6000BF8D
:1059B0001C37BD4680BC704780B487B000AFF8602C
:1059C000B9607A60BB6803F01F03012202FA03F397
:1059D0007B61FB681A6A7B69DB431A40FB681A62C9
:1059E000FB681A6ABB6803F01F03796801FA03F3C6
:1059F0001A43FB681A6200BF1C37BD4680BC704763
:105A000080B485B000AF786039607B6893F83C3033
:105A1000012B01D1022350E07B68012283F83C2056
:105A20007B68022283F83D207B681B685B68FB6013
:105A30007B681B689B68BB60FB6823F07003FB609E
:105A40003B681B68FA681343FB607B681B68FA6855
:105A50005A607B681B681B4A934218D07B681B689E
:105A6000194A934213D07B681B68B3F1804F0ED064
:105A70007B681B68154A934209D07B681B68144AEF
:105A8000934204D07B681B68124A93420CD1BB68D6
:105A900023F08003BB603B685B68BA681343BB605C
:105AA0007B681B68BA689A607B68012283F83D2096
:105AB0007B68002283F83C20002318461437BD463B
:105AC00080BC7047002C01400034014000040040BD
:105AD00000080040000C004080B483B000AF786044
:105AE00000BF0C37BD4680BC704780B483B000AFA8
:105AF000786000BF0C37BD4680BC704780B582B06F
:105B000000AF78607B68002B01D101233FE07B6808
:105B100093F83D30DBB2002B06D17B68002283F87E
:105B20003C207868FCF7DEFF7B68242283F83D2068
:105B30007B681B68DA687B681B6822F40052DA60B5
:105B4000786800F027FE7B681B681A697B681B6811
:105B500022F490421A617B681B685A697B681B6853
:105B600022F02A025A617B681B68DA687B681B682E
:105B700042F40052DA607B6800221A647B682022BB
:105B800083F83D207B68202283F83E2000231846BE
:105B90000837BD4680BD80B58AB002AFF860B960F5
:105BA0003B601346FB8000237B61FB6893F83D302C
:105BB000DBB2202B7CD1BB68002B02D0FB88002BF2
:105BC00001D1012375E0FB6893F83C30012B01D132
:105BD00002236EE0FB68012283F83C20FB68002270
:105BE0001A64FB68212283F83D20FDF765F978618E
:105BF000FB68FA889A84FB68FA88DA84FB689B68F9
:105C0000B3F5805F08D1FB681B69002B04D100232A
:105C1000FB61BB68BB6103E0BB68FB610023BB6148
:105C2000FB68002283F83C202AE03B6800937B69F4
:105C300000228021F86800F098FB0346002B01D079
:105C4000032336E0FB69002B0BD1BB691B881A4686
:105C5000FB681B68C2F308025A60BB690233BB6170
:105C600007E0FB691A78FB681B685A60FB6901331F
:105C7000FB61FB68DB8C9BB2013B9AB2FB68DA8468
:105C8000FB68DB8C9BB2002BCFD13B6800937B6918
:105C900000224021F86800F068FB0346002B01D089
:105CA000032306E0FB68202283F83D20002300E068
:105CB000022318462037BD4680BD80B485B000AFB2
:105CC000F860B9601346FB80FB6893F83D30DBB2A7
:105CD000202B30D1BB68002B02D0FB88002B01D1D8
:105CE000012329E0FB6893F83C30012B01D102230A
:105CF00022E0FB68012283F83C20FB68BA681A6244
:105D0000FB68FA889A84FB68FA88DA84FB680022C8
:105D10001A64FB68212283F83D20FB68002283F887
:105D20003C20FB681B68DA68FB681B6842F0800255
:105D3000DA60002300E0022318461437BD4680BC19
:105D4000704780B584B000AFF860B9601346FB803F
:105D5000FB6893F83E30DBB2202B1DD1BB68002BD3
:105D600002D0FB88002B01D1012316E0FB6893F8D9
:105D70003C30012B01D102230FE0FB68012283F8A4
:105D80003C20FB6800221A63FB881A46B968F86851
:105D900000F036FB034600E0022318461037BD46EC
:105DA00080BD80B584B000AF78600023FB607B6865
:105DB0001B685B6903F08003002B14BF01230023E1
:105DC000DBB2FB607B6893F83D30DBB2212B16D150
:105DD000FB68002B13D07B681B685A697B681B68C3
:105DE00022F080025A617B685B6B002B04D07B68D9
:105DF0005B6B1846FDF743FC786800F065FB7B6839
:105E00001B685B6903F04003002B14BF01230023D0
:105E1000DBB2FB607B6893F83E30DBB2222B16D1FD
:105E2000FB68002B13D07B681B685A697B681B6872
:105E300022F040025A617B689B6B002B04D07B6888
:105E40009B6B1846FDF71BFC786800F052FB0023A3
:105E500018461037BD4680BD80B58AB000AF786067
:105E60007B681B681B687B627B681B68DB683B6226
:105E70007B681B685B69FB610023BB6100237B615E
:105E80007B6A03F00F03BB61BB69002B0DD17B6AFA
:105E900003F02003002B08D03B6A03F02003002B03
:105EA00003D0786800F0CCFB7BE1BB69002B00F0ED
:105EB000B180FB6903F00103002B05D13B6A03F4B9
:105EC0009073002B00F0A6807B6A03F00103002B87
:105ED0000AD03B6A03F48073002B05D07B681B6CEF
:105EE00043F001027B681A647B6A03F00403002B11
:105EF0000AD0FB6903F00103002B05D07B681B6C03
:105F000043F002027B681A647B6A03F00203002BF1
:105F10000AD0FB6903F00103002B05D07B681B6CE2
:105F200043F004027B681A647B6A03F00803002BC9
:105F30000FD03B6A03F02003002B04D1FB6903F070
:105F40000103002B05D07B681B6C43F008027B68C3
:105F50001A647B681B6C002B00F01E817B6A03F0C7
:105F60002003002B07D03B6A03F02003002B02D054
:105F7000786800F065FB7B681B685B6903F0400391
:105F8000002B14BF01230023DBB27B617B681B6CF9
:105F900003F00803002B02D17B69002B31D0786815
:105FA00000F0A7FA7B681B685B6903F04003002BD5
:105FB00023D07B681B685A697B681B6822F040020B
:105FC0005A617B689B6B002B13D07B689B6B764A76
:105FD0005A637B689B6B1846FDF78CFB0346002BCE
:105FE00016D07B689B6B5B6B7A68926B1046984708
:105FF0000EE0786800F0F5F80AE0786800F0F1F853
:1060000006E0786800F0EDF87B6800221A64C3E0CF
:1060100000BFC1E07B681B6B012B40F0A1807B6A55
:1060200003F01003002B00F09B803B6A03F0100389
:10603000002B00F095800023FB607B681B681B68C9
:10604000FB607B681B685B68FB60FB687B681B68A8
:106050005B6903F04003002B4ED07B689B6B1B6891
:106060005B683B823B8A002B00F098807B689B8DAD
:106070003A8A9A4280F092807B683A8ADA857B6815
:106080009B6B9B69202B2BD07B681B68DA687B6835
:106090001B6822F48072DA607B681B685A697B682F
:1060A0001B6822F001025A617B681B685A697B6891
:1060B0001B6822F040025A617B68202283F83E2050
:1060C0007B6800221A637B681B68DA687B681B6840
:1060D00022F01002DA607B689B6B1846FDF7CFFA5E
:1060E0007B689A8D7B68DB8D9BB2D31A9BB2194675
:1060F000786800F07FF851E07B689A8D7B68DB8DD3
:106100009BB2D31A7B827B68DB8D9BB2002B47D07E
:106110007B8A002B44D07B681B68DA687B681B682D
:1061200022F49072DA607B681B685A697B681B688E
:1061300022F001025A617B68202283F83E207B68AE
:1061400000221A637B681B68DA687B681B6822F090
:106150001002DA607B8A1946786800F04BF81FE07D
:106160007B6A03F08003002B08D03B6A03F08003B6
:10617000002B03D0786800F0FCF912E07B6A03F092
:106180004003002B0DD03B6A03F04003002B08D0E6
:10619000786800F03DFA04E000BF02E000BF00E0D4
:1061A00000BF2837BD4680BD4B65000880B483B072
:1061B00000AF786000BF0C37BD4680BC704780B42C
:1061C00083B000AF786000BF0C37BD4680BC70471D
:1061D00080B483B000AF786000BF0C37BD4680BC90
:1061E000704780B483B000AF786000BF0C37BD4605
:1061F00080BC704780B483B000AF78600B467B8072
:1062000000BF0C37BD4680BC704780B584B000AF7E
:1062100078607B685B6AFB607B681B681B6803F0C7
:106220002003002B2AD1FB680022DA85FB681B685B
:10623000DA68FB681B6822F48072DA60FB681B680E
:106240005A69FB681B6822F001025A61FB681B68EF
:106250005A69FB681B6822F040025A61FB682022E1
:1062600083F83E20FB681B6B012B07D1FB681B6882
:10627000DA68FB681B6822F01002DA60FB681B6BAF
:10628000012B06D1FB689B8D1946F868FFF7B2FF1A
:1062900002E0F868FFF793FF00BF1037BD4680BDEE
:1062A00080B584B000AF78607B685B6AFB60FB6898
:1062B0001B6B012B08D1FB689B8D5B089BB21946B9
:1062C000F868FFF797FF02E0F868FFF781FF00BF6B
:1062D0001037BD4680BD80B584B000AF7860002324
:1062E000FB607B685B6ABB60BB681B685B6903F033
:1062F0008003002B14BF01230023DBB2FB60BB68CB
:1063000093F83D30DBB2212B08D1FB68002B05D080
:10631000BB680022DA84B86800F0D6F8BB681B6856
:106320005B6903F04003002B14BF01230023DBB2A1
:10633000FB60BB6893F83E30DBB2222B08D1FB68D0
:10634000002B05D0BB680022DA85B86800F0D1F8D0
:10635000BB681B6C43F01002BB681A64B868FFF797
:1063600040FF00BF1037BD4680BD80B584B000AF90
:10637000F860B9603B601346FB712CE0BB69B3F178
:10638000FF3F28D0BB69002B07D0FCF795FD0246E4
:106390003B68D31ABA699A421DD2FB681B68DA6857
:1063A000FB681B6822F4D072DA60FB681B685A69CC
:1063B000FB681B6822F001025A61FB68202283F807
:1063C0003D20FB68202283F83E20FB68002283F8F2
:1063D0003C2003230FE0FB681B681A68BB6813406E
:1063E000BA689A420CBF01230023DBB21A46FB793C
:1063F0009A42C3D0002318461037BD4680BD000026
:1064000080B586B000AFF860B9601346FB80BA680B
:10641000FB689A62FB68FA889A85FB6800221A6416
:10642000FB68222283F83E20FB689B6B234A9A621A
:10643000FB689B6B224ADA62FB689B6B214A1A63FA
:10644000FB689B6B00225A6307F108037B61FB68C2
:10645000986BFB681B68043319467B691A68FB88D4
:10646000FDF7AEF800233B61FB681B681B683B61CE
:10647000FB681B685B683B613B69FB68002283F833
:106480003C20FB681B68DA68FB681B6842F480727A
:10649000DA60FB681B685A69FB681B6842F00102FE
:1064A0005A61FB681B685A69FB681B6842F040022E
:1064B0005A61002318461837BD4680BD0B6200089C
:1064C000A1620008D762000880B483B000AF786092
:1064D0007B681B68DA687B681B6822F0C002DA60A0
:1064E0007B68202283F83D2000BF0C37BD4680BC6E
:1064F000704780B483B000AF78607B681B68DA684F
:106500007B681B6822F49072DA607B681B685A69AA
:106510007B681B6822F001025A617B681B6B012BB0
:1065200007D17B681B68DA687B681B6822F0100261
:10653000DA607B68202283F83E207B6800221A63A1
:1065400000BF0C37BD4680BC704780B584B000AF3B
:1065500078607B685B6AFB60FB680022DA85FB6819
:106560000022DA84F868FFF73CFE00BF1037BD4612
:1065700080BD80B485B000AF78607B6893F83D3013
:10658000DBB2212B3ED17B689B68B3F5805F14D1D1
:106590007B681B69002B10D17B681B6AFB60FB6862
:1065A0001B881A467B681B68C2F308025A607B6826
:1065B0001B6A9A1C7B681A6208E07B681B6A591C7C
:1065C0007A6811621A787B681B685A607B68DB8C7A
:1065D0009BB2013B9BB27A681946D184002B0FD144
:1065E0007B681B68DA687B681B6822F08002DA60CF
:1065F0007B681B68DA687B681B6842F04002DA60DF
:10660000002300E0022318461437BD4680BC7047C3
:1066100080B582B000AF78607B681B68DA687B6801
:106620001B6822F04002DA607B68202283F83D205C
:106630007868FFF7BBFD002318460837BD4680BDCC
:1066400080B586B000AF78607B6893F83E30DBB2EF
:10665000222B40F099807B689B68B3F5805F17D14F
:106660007B681B69002B13D100237B617B689B6ACD
:106670003B617B681B685B689BB2C3F308039AB2FB
:106680003B691A807B689B6A9A1C7B689A6226E049
:106690007B689B6A7B6100233B617B689B68B3F5E9
:1066A000805F07D07B689B68002B0AD17B681B69E1
:1066B000002B06D17B681B685B68DAB27B691A70B5
:1066C00008E07B681B685B68DBB203F07F03DAB22B
:1066D0007B691A707B689B6A5A1C7B689A627B682C
:1066E000DB8D9BB2013B9BB27A681946D185002BAA
:1066F00048D17B681B68DA687B681B6822F020023F
:10670000DA607B681B68DA687B681B6822F4807239
:10671000DA607B681B685A697B681B6822F001029B
:106720005A617B68202283F83E207B681B6B012B1B
:1067300023D17B6800221A637B681B68DA687B6858
:106740001B6822F01002DA607B681B681B6803F08C
:106750001003102B0AD10023FB607B681B681B68A9
:10676000FB607B681B685B68FB60FB687B689B8DDC
:1067700019467868FFF73EFD02E07868FFF71FFDD5
:10678000002302E0002300E0022318461837BD462C
:1067900080BD000080B584B000AF78607B681B6866
:1067A0001B6923F440517B68DA687B681B680A43E5
:1067B0001A617B689A687B681B691A437B685B690E
:1067C0001343BB607B681B68DB6823F4B05323F082
:1067D0000C037A681268B9680B43D3607B681B6846
:1067E0005B6923F440717B689A697B681B680A4384
:1067F0005A617B681B682C4A934203D1FEF798F8D4
:10680000F86002E0FEF780F8F860FA6813469B0033
:1068100013449A001A447B685B689B00B2FBF3F355
:10682000224AA2FB03235B091901FA6813469B0065
:1068300013449A001A447B685B689B00B2FBF3F236
:106840001A4BA3FB02035B09642000FB03F3D31A7A
:106850001B013233154AA2FB03235B0903F0F0034B
:106860001944FA6813469B0013449A001A447B6843
:106870005B689B00B2FBF3F20C4BA3FB02035B09CA
:10688000642000FB03F3D31A1B013233074AA2FB37
:1068900003235B0903F00F027B681B680A449A60BC
:1068A00000BF1037BD4680BD003801401F85EB5149
:1068B00080B485B000AF0346FB800023FB60B7F9CE
:1068C0000630842B05D0B7F90620FB681344033348
:1068D000FB60FB6818461437BD4680BC704780B526
:1068E00000AF00F0BDFE0023184680BDF0B589B0B2
:1068F00004AF786039607B685B69002B20D07B68CF
:106900009B69002B1CD07B685C687B681D687B687A
:106910001E697B68B3F908301846FFF7C9FF0146C6
:106920007B685B697A6892690292019300913B6887
:1069300032462946204600F0BDFC0346FB601CE0C1
:106940007B685C687B681D687B681B699EB27B689E
:10695000B3F908301846FFF7ABFF024607F10C0306
:10696000019300923B6832462946204600F0FEFC27
:106970000346012B01D0002300E0FB6818461437C2
:10698000BD46F0BD80B584B000AF78607B68FB6029
:10699000FB68002B01D0FB6800E00123184600F0E3
:1069A0002BFE002318461037BD4680BD90B585B03C
:1069B00002AF786039607B689B68002B11D07B68E0
:1069C000DB68002B0DD07B6818687B6859687B6892
:1069D0009A687B68DB680024009400F027F903467E
:1069E00008E07B6818687B685B680022194600F045
:1069F00094F9034618460C37BD4690BD80B483B069
:106A000000AF78607B6803F108027B685A607B689E
:106A10004FF0FF329A607B6803F108027B68DA600E
:106A20007B6803F108027B681A617B6800221A60A8
:106A300000BF0C37BD4680BC704780B483B000AF48
:106A400078607B6800221A6100BF0C37BD4680BCAD
:106A5000704780B485B000AF786039607B685B6850
:106A6000FB603B68FA685A60FB689A683B689A600A
:106A7000FB689B683A685A60FB683A689A603B68B2
:106A80007A681A617B681B685A1C7B681A6000BFB1
:106A90001437BD4680BC704780B485B000AF7860C5
:106AA00039603B681B68BB60BB68B3F1FF3F03D133
:106AB0007B681B69FB600CE07B680833FB6002E0CD
:106AC000FB685B68FB60FB685B681B68BA689A429E
:106AD000F6D2FB685A683B685A603B685B683A6864
:106AE0009A603B68FA689A60FB683A685A603B684B
:106AF0007A681A617B681B685A1C7B681A6000BF41
:106B00001437BD4680BC704780B485B000AF786054
:106B10007B681B69FB607B685B687A6892689A6037
:106B20007B689B687A6852685A60FB685B687A6821
:106B30009A4203D17B689A68FB685A607B6800229E
:106B40001A61FB681B685A1EFB681A60FB681B68A9
:106B500018461437BD4680BC7047000080B584B02D
:106B600000AF786039607B68FB60FB68002B0AD15E
:106B70004FF0500383F31188BFF36F8FBFF34F8F34
:106B8000BB6000BFFEE701F081FBFB681A68FB6891
:106B9000DB6BF968096C01FB03F31A44FB685A606C
:106BA000FB6800229A63FB681A68FB689A60FB68BE
:106BB0001A68FB68DB6B013BF968096C01FB03F3A6
:106BC0001A44FB68DA60FB68FF2283F84420FB6804
:106BD000FF2283F845203B68002B14D1FB681B691A
:106BE000002B1AD0FB681033184600F091FF0346C3
:106BF000002B12D00C4B4FF080521A60BFF34F8F16
:106C0000BFF36F8F09E0FB6810331846FFF7F6FEFD
:106C1000FB6824331846FFF7F1FE01F067FB012300
:106C200018461037BD4680BD04ED00E080B58EB03B
:106C300002AFF860B9607A603B60FB68002B0AD154
:106C40004FF0500383F31188BFF36F8FBFF34F8F63
:106C5000BB6200BFFEE73B68002B0AD14FF0500338
:106C600083F31188BFF36F8FBFF34F8F7B6200BF39
:106C7000FEE77B68002B02D0BB68002B01D001230C
:106C800000E00023002B0AD14FF0500383F311885A
:106C9000BFF36F8FBFF34F8F3B6200BFFEE77B6890
:106CA000002B02D1BB68002B01D1012300E000239F
:106CB000002B0AD14FF0500383F31188BFF36F8F7D
:106CC000BFF34F8FFB6100BFFEE748237B617B6909
:106CD000482B0AD04FF0500383F31188BFF36F8F16
:106CE000BFF34F8FBB6100BFFEE73B68FB62FB6AEF
:106CF000002B0DD0FB6A012283F8462097F838203C
:106D0000FB6A009313467A68B968F86800F043F8A4
:106D1000FB6A18463037BD4680BD80B58AB002AFE9
:106D2000F860B9601346FB71FB68002B0AD14FF085
:106D3000500383F31188BFF36F8FBFF34F8F3B6115
:106D400000BFFEE7BB68002B02D10023FB6104E01B
:106D5000FB68BA6802FB03F3FB61FB694833184622
:106D600001F094FBB861BB69002B0FD0BB694833BD
:106D70007B61BB69002283F84620FA79BB690093E6
:106D800013467A69B968F86800F005F8BB691846D7
:106D90002037BD4680BD80B584B000AFF860B960D3
:106DA0007A60FB70BB68002B03D1BB69BA691A60BB
:106DB00002E0BB697A681A60BB69FA68DA63BB698A
:106DC000BA681A640121B869FFF7C8FE00BF10371E
:106DD000BD4680BD80B58EB000AFF860B9607A6006
:106DE0003B60FB683B633B6B002B0AD14FF05003C9
:106DF00083F31188BFF36F8FBFF34F8F7B6200BFA8
:106E0000FEE7BB68002B03D13B6B1B6C002B01D151
:106E1000012300E00023002B0AD14FF0500383F33D
:106E20001188BFF36F8FBFF34F8F3B6200BFFEE748
:106E30003B68022B03D13B6BDB6B012B01D10123A0
:106E400000E00023002B0AD14FF0500383F3118898
:106E5000BFF36F8FBFF34F8FFB6100BFFEE701F001
:106E6000D7FAEFF311824FF0500383F31188BFF389
:106E70006F8FBFF34F8FBA617B61BB69FB623B6B66
:106E80009A6B3B6BDB6B9A4202D33B68022B2CD193
:106E90003B6B93F8453087F82B303A68B968386B0C
:106EA00000F010F997F92B30B3F1FF3F12D13B6B93
:106EB0005B6A002B16D03B6B2433184600F028FE8B
:106EC0000346002B0ED07B68002B0BD07B68012281
:106ED0001A6007E097F82B300133DBB25AB23B6BF4
:106EE00083F8452001237B6301E000237B63FB6A79
:106EF0003B613B6983F3118800BF7B6B18463837D1
:106F0000BD4680BD80B58CB000AFF860B9607A60D6
:106F10000023FB62FB68BB62BB6A002B0AD14FF007
:106F2000500383F31188BFF36F8FBFF34F8F3B6222
:106F300000BFFEE7BB68002B03D1BB6A1B6C002BB4
:106F400001D1012300E00023002B0AD14FF05003B0
:106F500083F31188BFF36F8FBFF34F8FFB6100BFC7
:106F6000FEE700F099FF0346002B02D17B68002B5F
:106F700001D1012300E00023002B0AD14FF0500380
:106F800083F31188BFF36F8FBFF34F8FBB6100BFD7
:106F9000FEE701F07BF9BB6A9B6B7B627B6A002B8F
:106FA0001FD0B968B86A00F0F7F87B6A5A1EBB6A4E
:106FB0009A63BB6A1B69002B0FD0BB6A103318465B
:106FC00000F0A6FD0346002B07D03D4B4FF080524A
:106FD0001A60BFF34F8FBFF36F8F01F087F9012362
:106FE00069E07B68002B03D101F080F9002362E0A7
:106FF000FB6A002B06D107F11003184600F0EAFDEA
:107000000123FB6201F072F900F094FB01F03EF9FC
:10701000BB6A93F844305BB2B3F1FF3F03D1BB6A64
:10702000002283F84420BB6A93F845305BB2B3F189
:10703000FF3F03D1BB6A002283F8452001F056F9D7
:107040003A1D07F110031146184600F0D9FD03461A
:10705000002B23D1B86A00F017F90346002B17D094
:10706000BB6A24337A681146184600F02DFDB86AD1
:1070700000F0B8F800F06CFB0346002B89D1104BF0
:107080004FF080521A60BFF34F8FBFF36F8F80E7CE
:10709000B86A00F0A7F800F05BFB7AE7B86A00F086
:1070A000A1F800F055FBB86A00F0EEF80346002B9B
:1070B0003FF46FAF002318463037BD4680BD00BF98
:1070C00004ED00E080B586B000AFF860B9607A608A
:1070D00000237B61FB689B6B3B61FB681B6C002B97
:1070E0000DD1FB681B68002B4DD1FB685B6818460F
:1070F00000F0F0FE7861FB6800225A6043E07B6894
:10710000002B19D1FB689868FB681B6C1A46B9689C
:1071100002F091FCFB689A68FB681B6C1A44FB68E0
:107120009A60FB689A68FB685B689A422BD3FB689D
:107130001A68FB689A6026E0FB68D868FB681B6CDD
:107140001A46B96802F077FCFB68DA68FB681B6CCA
:107150005B421A44FB68DA60FB68DA68FB681B680C
:107160009A4207D2FB685A68FB681B6C5B421A4460
:10717000FB68DA607B68022B05D13B69002B02D0EB
:107180003B69013B3B613B695A1CFB689A637B6925
:1071900018461837BD4680BD80B582B000AF786014
:1071A00039607B681B6C002B18D07B68DA687B68C1
:1071B0001B6C1A447B68DA607B68DA687B685B6802
:1071C0009A4203D37B681A687B68DA607B68D96867
:1071D0007B681B6C1A46386802F02DFC00BF08372C
:1071E000BD4680BD80B584B000AF786001F04EF838
:1071F0007B6893F84530FB7311E07B685B6A002B7A
:1072000012D07B682433184600F082FC0346002B22
:1072100001D000F057FDFB7B013BDBB2FB7397F91C
:107220000F30002BE9DC00E000BF7B68FF2283F811
:10723000452001F05BF801F029F87B6893F84430B1
:10724000BB7311E07B681B69002B12D07B68103385
:10725000184600F05DFC0346002B01D000F032FD23
:10726000BB7B013BDBB2BB7397F90E30002BE9DC33
:1072700000E000BF7B68FF2283F8442001F036F86D
:1072800000BF1037BD4680BD80B584B000AF7860C8
:1072900000F0FCFF7B689B6B002B02D10123FB609D
:1072A00001E00023FB6001F021F8FB68184610376D
:1072B000BD4680BD80B58EB004AFF860B9607A601D
:1072C0003B607B6B002B0AD14FF0500383F3118896
:1072D000BFF36F8FBFF34F8F3B6200BFFEE7BB6B07
:1072E000002B0AD14FF0500383F31188BFF36F8F47
:1072F000BFF34F8FFB6100BFFEE7A0233B613B69FB
:10730000A02B0AD04FF0500383F31188BFF36F8F87
:10731000BFF34F8FBB6100BFFEE7BB6B002B1ED0DE
:107320007B6B002B1BD0BB6B7B627B6A7A6B1A6317
:107330007B6A022283F89D20002303937B6A0293D9
:1073400007F1140301933B6B00933B687A68B968BB
:10735000F86800F051F8786A00F0E4F801E00023E2
:107360007B617B6918462837BD4680BD80B58CB0EF
:1073700004AFF860B9603B601346FB80FB889B005C
:10738000184601F083F878617B69002B0ED0A020AD
:1073900001F07CF8F861FB69002B03D0FB697A6986
:1073A0001A6305E0786901F035F901E00023FB611B
:1073B000FB69002B17D0FB69002283F89D20FA8817
:1073C00000230393FB690293FB6A0193BB6A00935A
:1073D0003B68B968F86800F00FF8F86900F0A2F8A7
:1073E0000123BB6102E04FF0FF33BB61BB6918466C
:1073F0002037BD4680BD000080B588B000AFF86082
:10740000B9607A603B603B6B1A6B7B6803F1804329
:10741000013B9B001344BB61BB6923F00703BB61C5
:10742000BB6903F00703002B0AD04FF0500383F32E
:107430001188BFF36F8FBFF34F8F7B6100BFFEE7F3
:107440000023FB6112E0BA68FB69134419783A6BB8
:10745000FB69134434330A461A70BA68FB69134453
:107460001B78002B06D0FB690133FB61FB690F2BF6
:10747000E9D900E000BF3B6B002283F84320BB6AE0
:10748000062B01D90623BB623B6BBA6ADA623B6BFF
:10749000BA6A5A643B6B00229A643B6B0433184609
:1074A000FFF7CBFA3B6B18331846FFF7C6FA3B6B76
:1074B0003A6B1A61BB6AC3F107023B6B9A613B6B83
:1074C0003A6B5A623B6B0022C3F898203B6B002258
:1074D00083F89C203B6B4C334C220021184602F071
:1074E000C7F93B6B0C4A1A653B6B0C4A5A653B6B00
:1074F0000B4A9A653A68F968B86900F0D7FD024608
:107500003B6B1A60FB6A002B02D0FB6A3A6B1A6075
:1075100000BF2037BD4680BD2026002088260020E1
:10752000F026002080B582B000AF786000F0AEFE9B
:107530002A4B1B680133294A1360294B1B68002B17
:1075400009D1274A7B681360244B1B68012B10D19B
:1075500000F0DCFB0DE0234B1B68002B09D1204B16
:107560001B68DA6A7B68DB6A9A4202D81C4A7B682D
:1075700013601D4B1B6801331B4A13607B68DB6A79
:1075800001229A40194B1B681343184A13607B6809
:10759000DA6A13469B0013449B00154A1A447B6821
:1075A000043319461046FFF754FA00F09FFE0D4BC6
:1075B0001B68002B0ED00A4B1B68DA6A7B68DB6AFB
:1075C0009A4207D20B4B4FF080521A60BFF34F8F95
:1075D000BFF36F8F00BF0837BD4680BD5019002034
:1075E000501800205C1900206C1900205819002048
:1075F0005418002004ED00E080B584B000AF78603E
:107600000023FB607B68002B17D0134B1B68002BFB
:107610000AD04FF0500383F31188BFF36F8FBFF38D
:107620004F8FBB6000BFFEE700F084F80021786850
:1076300000F0D6FC00F08CF8F860FB68002B07D156
:10764000064B4FF080521A60BFF34F8FBFF36F8F1E
:1076500000BF1037BD4680BD7819002004ED00E062
:1076600080B58AB004AF0023BB6000237B603A463C
:10767000391D07F108031846FAF750FC39687B6892
:10768000BA68029201930023009300230A4621491D
:107690002148FFF70FFE0346204A13601F4B1B686B
:1076A000002B02D001237B6101E000237B617B6919
:1076B000012B1BD14FF0500383F31188BFF36F8F61
:1076C000BFF34F8F3B6100BF154B1B684C33154A0E
:1076D0001360154B4FF0FF321A60144B01221A60F1
:1076E000134B00221A6000F05FFD0EE07B69B3F1DE
:1076F000FF3F0AD14FF0500383F31188BFF36F8F20
:10770000BFF34F8FFB6000BFFEE700BF1837BD46D9
:1077100080BD00BF7CBB0008DD7C00087419002020
:107720005018002070000020701900205C19002003
:107730005419002080B400AF044B1B680133034A86
:10774000136000BFBD4680BC704700BF78190020A1
:1077500080B584B000AF0023FB600023BB60414BC9
:107760001B68002B0AD14FF0500383F31188BFF33D
:107770006F8FBFF34F8F3B6000BFFEE700F086FDC9
:10778000384B1B68013B374A1360364B1B68002B94
:1077900061D1354B1B68002B5DD02EE0334BDB688D
:1077A000DB68FB60FB6818331846FFF7ADF9FB6830
:1077B00004331846FFF7A8F9FB68DB6A01229A40F8
:1077C0002B4B1B6813432A4A1360FB68DA6A134683
:1077D0009B0013449B00274A1A44FB680433194654
:1077E0001046FFF736F9FB68DA6A234B1B68DB6A41
:1077F0009A4202D3214B01221A601C4B1B68002BBA
:10780000CCD1FB68002B01D000F022FB1C4B1B6885
:107810007B607B68002B10D000F036F80346002B0D
:1078200002D0164B01221A607B68013B7B607B68AB
:10783000002BF1D1124B00221A60104B1B68002B59
:1078400009D00123BB600F4B4FF080521A60BFF389
:107850004F8FBFF36F8F00F049FDBB68184610379C
:10786000BD4680BD78190020501900201019002055
:1078700058190020541800205018002064190020C6
:107880006019002004ED00E080B586B000AF002351
:107890007B61514B1B68002B40F08D804F4B1B6868
:1078A00001333B614D4A3B6913603B69002B20D19A
:1078B0004B4B1B681B68002B0AD04FF0500383F31F
:1078C0001188BFF36F8FBFF34F8F3B6000BFFEE7A0
:1078D000434B1B68FB60434B1B68414A1360414AA2
:1078E000FB681360404B1B6801333F4A136000F094
:1078F000AFFA3E4B1B683A699A424DD3384B1B682E
:107900001B68002B01D1012300E00023002B04D0D1
:10791000364B4FF0FF321A603EE0314B1B68DB689C
:10792000DB68BB60BB685B687B603A697B689A42D6
:1079300003D22E4A7B6813602EE0BB6804331846DE
:10794000FFF7E2F8BB689B6A002B04D0BB681833D2
:107950001846FFF7D9F8BB68DB6A01229A40244B2E
:107960001B681343224A1360BB68DA6A13469B0004
:1079700013449B001F4A1A44BB680433194610463F
:10798000FFF767F8BB68DA6A1B4B1B68DB6A9A4231
:10799000B4D301237B61B1E7174B1B68DA6A154941
:1079A00013469B0013449B000B441B68012B07D913
:1079B00001237B6104E0114B1B6801330F4A136004
:1079C0000F4B1B68002B01D001237B617B6918469C
:1079D0001837BD4680BD00BF78190020541900201B
:1079E000081900200C1900206819002070190020C7
:1079F0005819002054180020501800206019002049
:107A00006419002080B487B000AF294B1B68002B9D
:107A100003D0284B01221A6044E0264B00221A6052
:107A2000254B1B68FB60FB68B3FA83F3FB72FB7AA0
:107A3000C3F11F037B6121497A6913469B001344FC
:107A40009B000B441B68002B0AD14FF0500383F3BB
:107A50001188BFF36F8FBFF34F8F7B6000BFFEE7CE
:107A60007A6913469B0013449B00144A13443B61FC
:107A70003B695B685A683B695A603B695A683B6975
:107A800008339A4204D13B695B685A683B695A6083
:107A90003B695B68DB680A4A1360094B1B684C331F
:107AA000084A136000BF1C37BD4680BC704700BF4A
:107AB000781900206419002058190020541800205B
:107AC000501800207000002080B584B000AF7860AE
:107AD00039607B68002B0AD14FF0500383F3118883
:107AE000BFF36F8FBFF34F8FFB6000BFFEE7074B05
:107AF0001B68183319467868FEF7CEFF01213868F5
:107B000000F06EFA00BF1037BD4680BD501800204F
:107B100080B586B000AF78607B68DB68DB683B616E
:107B20003B69002B0AD14FF0500383F31188BFF358
:107B30006F8FBFF34F8FFB6000BFFEE73B691833C9
:107B40001846FEF7E1FF1D4B1B68002B1CD13B695B
:107B500004331846FEF7D8FF3B69DB6A01229A40DE
:107B6000174B1B681343164A13603B69DA6A1346C6
:107B70009B0013449B00134A1A443B690433194683
:107B80001046FEF766FF05E03B69183319460E48BC
:107B9000FEF75FFF3B69DA6A0C4B1B68DB6A9A42AF
:107BA00005D901237B610A4B01221A6001E0002301
:107BB0007B617B6918461837BD4680BD7819002067
:107BC00058190020541800201019002050180020C7
:107BD0006419002080B483B000AF7860064B1A6847
:107BE0007B681A60054B1A687B685A6000BF0C37C7
:107BF000BD4680BC704700BF6819002054190020A2
:107C000080B588B000AF786039607B68002B0AD1FE
:107C10004FF0500383F31188BFF36F8FBFF34F8F83
:107C20003B6100BFFEE73B68002B0AD14FF05003D9
:107C300083F31188BFF36F8FBFF34F8FFB6000BFDB
:107C4000FEE700F023FB1D4B1B68BB617B685B6894
:107C5000BA69D31A7B613B681B68B3F1FF3F02D15D
:107C60000023FB6123E07B681A68154B1B689A426E
:107C700007D07B685B68BA699A4202D30123FB6133
:107C800015E03B681B687A699A420BD23B681A6818
:107C90007B69D21A3B681A607868FFF79BFF002364
:107CA000FB6104E03B6800221A600123FB6100F0E5
:107CB0001DFBFB6918462037BD4680BD54190020C6
:107CC0006819002080B400AF034B01221A6000BF86
:107CD000BD4680BC704700BF6419002080B582B0EB
:107CE00000AF786000F052F8064B1B68012BF9D901
:107CF000054B4FF080521A60BFF34F8FBFF36F8F69
:107D0000F0E700BF5418002004ED00E080B582B019
:107D100000AF00237B600CE07A6813469B0013449D
:107D20009B00124A13441846FEF768FE7B68013335
:107D30007B607B68062BEFD90D48FEF75FFE0D4890
:107D4000FEF75CFE0C48FEF759FE0C48FEF756FEA7
:107D50000B48FEF753FE0B4B054A1A600A4B054AC7
:107D60001A6000BF0837BD4680BD00BF5418002010
:107D7000E0180020F4180020101900202419002019
:107D80003C190020081900200C19002080B582B091
:107D900000AF19E000F07AFA104BDB68DB687B601B
:107DA0007B6804331846FEF7AFFE0D4B1B68013BA2
:107DB0000B4A13600B4B1B68013B0A4A136000F02F
:107DC00095FA786800F010F8064B1B68002BE1D19B
:107DD00000BF00BF0837BD4680BD00BF241900208A
:107DE000501900203819002080B584B000AF7860A9
:107DF0007B684C33184601F057FD7B6893F89D3043
:107E0000002B08D17B681B6B184600F003FC7868D8
:107E100000F000FC18E07B6893F89D30012B03D143
:107E2000786800F0F7FB0FE07B6893F89D30022B39
:107E30000AD04FF0500383F31188BFF36F8FBFF365
:107E40004F8FFB6000BFFEE700BF1037BD4680BD0F
:107E500080B483B000AF0E4B1B681B68002B01D1B0
:107E6000012300E00023002B04D00A4B4FF0FF3227
:107E70001A6008E0064B1B68DB68DB687B607B6888
:107E80005B68044A136000BF0C37BD4680BC704776
:107E9000081900207019002080B483B000AF0B4B8C
:107EA0001B68002B02D101237B6008E0084B1B6894
:107EB000002B02D102237B6001E000237B607B6802
:107EC00018460C37BD4680BC704700BF5C190020C7
:107ED0007819002080B586B000AF78607B683B6180
:107EE00000237B617B68002B6ED03A4B1B683A699C
:107EF0009A420AD04FF0500383F31188BFF36F8F7B
:107F0000BFF34F8FFB6000BFFEE73B699B6C002B0C
:107F10000AD14FF0500383F31188BFF36F8FBFF383
:107F20004F8FBB6000BFFEE73B699B6C5A1E3B69ED
:107F30009A643B69DA6A3B695B6C9A4244D03B695C
:107F40009B6C002B40D13B6904331846FEF7DCFDE7
:107F50000346002B15D13B69DA6A1F4913469B0083
:107F600013449B000B441B68002B0AD13B69DB6A5E
:107F7000012202FA03F3DA43184B1B681340174A35
:107F800013603B695A6C3B69DA623B69DB6AC3F197
:107F900007023B699A613B69DB6A01229A400F4BF9
:107FA0001B6813430D4A13603B69DA6A13469B0052
:107FB00013449B00084A1A443B690433194610468F
:107FC000FEF747FD01237B617B6918461837BD46E4
:107FD00080BD00BF50180020541800205819002000
:107FE00080B584B000AF78603960294B1B68FB60B6
:107FF000284B1B6804331846FEF786FD0346002B0A
:108000000BD1244B1B68DB6A012202FA03F3DA432B
:10801000214B1B681340204A13607B68B3F1FF3F7C
:108020000AD13B68002B07D01A4B1B680433194652
:108030001A48FEF70EFD26E0FA687B681344BB6021
:10804000144B1B68BA685A60BA68FB689A4209D236
:10805000134B1A680F4B1B68043319461046FEF782
:108060001BFD10E00F4B1A680A4B1B6804331946BE
:108070001046FEF711FD0C4B1B68BA689A4202D2FB
:10808000094ABB68136000BF1037BD4680BD00BF02
:108090005419002050180020581900203C190020C5
:1080A0000C190020081900207019002080B485B038
:1080B00000AFF860B9607A60FB68043BFB60FB6866
:1080C0004FF080721A60FB68043BFB60BB6823F0D2
:1080D0000102FB681A60FB68043BFB60084AFB680E
:1080E0001A60FB68143BFB607A68FB681A60FB68E7
:1080F000203BFB60FB6818461437BD4680BC7047C8
:108100000581000880B485B000AF00237B60124B6E
:108110001B68B3F1FF3F0AD04FF0500383F311887F
:10812000BFF36F8FBFF34F8FFB6000BFFEE74FF0D1
:10813000500383F31188BFF36F8FBFF34F8FBB6082
:1081400000BF00BF7B68002BFCD000BF00BF14370E
:10815000BD4680BC704700BF0C000020000000003E
:10816000074B19680868B0E8F00F80F30988BFF37F
:108170006F8F4FF0000080F311884EF00D0E7047A6
:108180005018002000BF00BF06480068006880F358
:10819000088862B661B6BFF34F8FBFF36F8F00DF01
:1081A00000BF00BF08ED00E080B584B000AF324BE7
:1081B000FB60FB681B78DBB27B60FB68FF221A70F8
:1081C000FB681B78DBB2FB70FB78DBB203F050037B
:1081D000DAB22A4B1A702A4B07221A6009E0284BA0
:1081E0001B68013B264A1360FB78DBB25B00DBB205
:1081F000FB70FB78DBB203F08003802BEFD0204BC9
:108200001B68C3F10703042B0AD04FF0500383F31C
:108210001188BFF36F8FBFF34F8FBB6000BFFEE7C6
:10822000174B1B681B02164A1360154B1B6803F49F
:10823000E063134A13607B68DAB2FB681A70114B73
:108240001B68104A43F4700313600E4B1B680D4A01
:1082500043F07043136000F0B9F80B4B00221A6032
:10826000FFF792FFFFF7CEFBFFF74CFF0023184606
:108270001037BD4680BD00BF00E400E07C1900203F
:108280008019002020ED00E00C00002080B483B0B5
:1082900000AF4FF0500383F31188BFF36F8FBFF32C
:1082A0004F8F7B6000BF0F4B1B6801330D4A13607B
:1082B0000C4B1B68012B0FD10B4B1B68DBB2002B47
:1082C0000AD04FF0500383F31188BFF36F8FBFF3D1
:1082D0004F8F3B6000BFFEE700BF0C37BD4680BC40
:1082E000704700BF0C00002004ED00E080B483B0B4
:1082F00000AF114B1B68002B0AD14FF0500383F3E2
:108300001188BFF36F8FBFF34F8F7B6000BFFEE715
:10831000094B1B68013B084A1360074B1B68002B85
:1083200005D100233B603B6883F3118800BF00BF89
:108330000C37BD4680BC70470C00002000000000D8
:10834000EFF30980BFF36F8F0D4B1A6820E9F00F30
:1083500010602DE908404FF0500080F31188FFF7BE
:1083600051FB4FF0000080F31188BDE80840196808
:108370000868B0E8F00F80F30988BFF36F8F70478B
:108380005018002000BF00BF80B582B000AF4FF092
:10839000500383F31188BFF36F8FBFF34F8F7B6060
:1083A00000BFFFF771FA0346002B03D0064B4FF0D6
:1083B00080521A6000233B603B6883F3118800BF42
:1083C00000BF0837BD4680BD04ED00E080B400AFBB
:1083D0000A4B00221A600A4B00221A60094B1B68E4
:1083E000094AA2FB03239B09084A013B1360034B84
:1083F00007221A6000BFBD4680BC704710E000E055
:1084000018E000E000000020D34D621014E000E00E
:1084100080B485B000AFEFF30583FB60FB680F2BE2
:1084200014D9164AFB6813441B78FB72144B1B7853
:10843000FA7A9A420AD24FF0500383F31188BFF3BD
:108440006F8FBFF34F8F7B6000BFFEE70D4B1B6844
:1084500003F4E0620C4B1B689A420AD94FF05003B8
:1084600083F31188BFF36F8FBFF34F8F3B6000BF63
:10847000FEE700BF1437BD4680BC7047F0E300E064
:108480007C1900200CED00E08019002080B58AB036
:1084900000AF78600023FB61FFF74CF9584B1B6875
:1084A000002B01D100F010F9564B1A687B6813407D
:1084B000002B40F08E807B68002B1DD008227B684B
:1084C00013447B607B6803F00703002B14D07B68A8
:1084D00023F0070308337B607B6803F00703002B5E
:1084E0000AD04FF0500383F31188BFF36F8FBFF3AF
:1084F0004F8F7B6100BFFEE77B68002B69D0424B4A
:108500001B687A689A4264D8404B3B623F4B1B68B9
:108510007B6204E07B6A3B627B6A1B687B627B6AEE
:108520005B687A689A4203D97B6A1B68002BF1D199
:10853000334B1B687A6A9A424BD03B6A1B6808220D
:108540001344FB617B6A1A683B6A1A607B6A5A684B
:108550007B68D21A08235B009A421FD97A6A7B682B
:108560001344BB61BB6903F00703002B0AD04FF033
:10857000500383F31188BFF36F8FBFF34F8F3B61BD
:1085800000BFFEE77B6A5A687B68D21ABB695A60F3
:108590007B6A7A685A60B86900F0F8F81A4B1A6872
:1085A0007B6A5B68D31A184A1360174B1A68184B1A
:1085B0001B689A4203D2144B1B68154A13607B6AEE
:1085C0005A68104B1B681A437B6A5A607B6A002208
:1085D0001A60FFF7BDF8FB6903F00703002B0AD010
:1085E0004FF0500383F31188BFF36F8FBFF34F8FAA
:1085F000FB6000BFFEE7FB6918462837BD4680BD1B
:108600008C2500209825002090250020842500201E
:108610009425002080B586B000AF78607B687B61D0
:108620007B68002B48D008235B427A6913447B6146
:108630007B693B613B695A68214B1B681340002BE7
:108640000AD14FF0500383F31188BFF36F8FBFF34C
:108650004F8FFB6000BFFEE73B691B68002B0AD011
:108660004FF0500383F31188BFF36F8FBFF34F8F29
:10867000BB6000BFFEE73B695A68114B1B681340A3
:10868000002B19D03B691B68002B15D13B695A6838
:108690000B4B1B68DB431A403B695A60FFF74AF8F3
:1086A0003B695A68074B1B681344064A13603869D4
:1086B00000F06CF8FFF74CF800BF1837BD4680BDDE
:1086C000982500209025002080B485B000AF4FF49D
:1086D0004063BB60274BFB60FB6803F00703002B84
:1086E0000CD0FB680733FB60FB6823F00703FB60DB
:1086F000BA68FB68D31A1F4A1344BB60FB687B60EF
:108700001D4A7B6813601C4B00225A607B68BA6864
:108710001344FB600822FB689B1AFB60FB6823F094
:108720000703FB60FB68154A1360144B1B680022AB
:108730005A60124B1B6800221A607B683B603B68E2
:10874000FA68D21A3B685A600C4B1A683B681A6088
:108750003B685B680A4A13603B685B68094A1360C0
:10876000094B4FF000421A6000BF1437BD4680BC71
:10877000704700BF84190020842500208C2500202C
:1087800094250020902500209825002080B485B0F5
:1087900000AF7860274BFB6002E0FB681B68FB6062
:1087A000FB681B687A689A42F7D8FB68BB60FB6875
:1087B0005B68BA6813447A689A4208D1FB685A68C1
:1087C0007B685B681A44FB685A60FB687B607B6867
:1087D000BB607B685B68BA681A44FB681B689A4296
:1087E00018D1FB681A68144B1B689A420DD07B683D
:1087F0005A68FB681B685B681A447B685A60FB68B0
:108800001B681A687B681A6008E00B4B1A687B6863
:108810001A6003E0FB681A687B681A60FA687B6874
:108820009A4202D0FB687A681A6000BF1437BD46CE
:1088300080BC7047842500208C25002080B485B042
:1088400000AFF860B9601346FB71264B4FF08042D1
:108850001A60244B1B78002B1FD1FB681B68214A30
:108860001360FB79BA6813441E4A12781A70FB79B8
:108870000133BA6813441B4A52781A70FB790233E9
:10888000BA681344174A92781A70FB790333BA68AE
:108890001344144AD2781A701EE0FB681B68114A10
:1088A0001360FB79BA6813440E4AD2781A70FB79C8
:1088B0000133BA6813440B4A92781A70FB79023379
:1088C000BA681344074A52781A70FB790333BA68BE
:1088D0001344044A12781A7000BF1437BD4680BC96
:1088E000704700BF9C25002080B485B000AFF860C1
:1088F0000B467A60FB72FB7AFA6813441A78104BC5
:108900001A70FB7A0133FA6813441A780C4B5A70C8
:10891000FB7A0233FA6813441A78094B9A70FB7A8F
:108920000333FA6813441A78054BDA70044B1A685B
:108930007B681A6000BF1437BD4680BC704700BF1B
:108940009C25002080B582B000AF0346FB71394BF7
:108950001B78002B0BD1384B1B78FA799A4206D141
:10896000344B01221A70354AFB7913705EE0314BAB
:108970001B78012B0ED1304B5B78FA799A4209D1E2
:108980002C4B02221A702D4AFB7953702C4B00227B
:108990001A704BE0274B1B78022B11D1284B1B7808
:1089A0005A1CD1B2264A117002332449FA79CA54AA
:1089B000234B1B78142B39D11E4B03221A7035E040
:1089C0001C4B1B78032B12D11E4B1B78FA799A4251
:1089D0000DD1184B04221A70194B1B785A1CD1B2B6
:1089E000174A117002331549FA79CA541EE0114B27
:1089F0001B78042B16D1134B5B78FA799A4211D16C
:108A00000C4B00221A700E4B1B7802330B49FA797B
:108A1000CA540B4B1B780333DBB21946074800F0EE
:108A200013F803E0034B00221A70FFE700BF08377A
:108A3000BD4680BDB425002010000020B8250020D0
:108A40001C2600201400002080B582B000AF7860A2
:108A50000B46FB707B681A78344B1B789A425FD1C7
:108A60007B6801331A78314B5B789A4258D1FB7896
:108A7000023B7A6813441A782D4B1B789A4251D1E5
:108A8000FB78013B7A6813441A78294B5B789A4249
:108A900048D1284B01221A60274A02217868FFF743
:108AA00023FF264A06217868FFF71EFF244A0A2181
:108AB0007868FFF719FF7B680E331B781B021AB228
:108AC0007B680F331B781BB213431AB21D4B1A80FD
:108AD0007B6810331B781B021AB27B6811331B783A
:108AE0001BB213431AB2184B1A807B6812331B78DF
:108AF0001B021AB27B6813331B781BB213431AB2E2
:108B0000124B1A807B6814331B781B021AB27B68E5
:108B100015331B781BB213431AB20D4B1A8002E0B7
:108B200000BF00E000BF0837BD4680BD1000002038
:108B300014000020FC010020A0250020A425002016
:108B4000A8250020AC250020AE250020B02500205F
:108B5000B2250020002B2DE9F0471F46BBBF03F1D3
:108B600000431F4600232D2388B01446129A109DFF
:108B70001370149BDDF84CA023F02008B8F1460FC9
:108B800005D0B8F1450F00D10135022300E00323E1
:108B900007AA049206AACDE902A2CDE90035224631
:108BA0003B4600F0E1FFB8F1470F064602D1119BAA
:108BB000DB0722D5B8F1460F06EB050910D1337853
:108BC000302B0AD10022002320463946F7F75CFFFC
:108BD00018B9C5F10105CAF80050DAF80030994417
:108BE0000022002320463946F7F74EFF08B1CDF8A2
:108BF0001C903022079B4B4507D33046079B159AA4
:108C00009B1B136008B0BDE8F087591C07911A70D0
:108C1000F0E70346F7B5002903F8022BB6BF2D2273
:108C20002B224942092942702ADD0DF1070217461D
:108C30000A2691FBF6F5944606FB151430340CF821
:108C4000014C0C46632C294602F1FF32F1DC303135
:108C5000ACF1020402F8011C2246411CBA420AD3BC
:108C60000DF10902A2EB0C02BC4288BF00221344A2
:108C7000181A03B0F0BD12F8015B01F8015FEDE7CF
:108C8000302330318370C170031DF1E72DE9F04FBF
:108C900091B00C46DDF8688016461F46054600F088
:108CA000EFFD036818460993F7F7C2FA00230E9305
:108CB000D8F800300A90073323F0070303F10802C5
:108CC00094F81890D4F800B0C8F80020D3E900A8B0
:108CD00052464346C4E9122328F000430B934FF059
:108CE000FF3250469C4B0B99F7F700FF70BB4FF0DB
:108CF000FF325046984B0B99F7F7DAFE30BB002253
:108D0000002350464146F7F7C9FE10B12D2384F8E1
:108D10004330924A924BB9F1470F94BF9046984620
:108D200003234FF0000A23612BF004032360334632
:108D30002146284600970FAA00F0D6F9013040F0EE
:108D400090804FF0FF3011B0BDE8F08F524643469F
:108D500050464146F7F7CAFE48B1B8F1000FB8BF18
:108D60002D23804AB8BF84F843307F4BD3E7636834
:108D700009F0DF015A1C42D10623636000220692EB
:108D80000EAACDE904920DAA4BF4806303920DF173
:108D90003302CDE9013223606368524600932846CE
:108DA00043460B91FFF7D6FE0B99804647290D9954
:108DB00008D1C81C02DB6368994240DDA9F10209B1
:108DC0005FFA89F9B9F1650F1FD84A46013904F1F4
:108DD00050000D91FFF71DFF0E9A82461318012ACD
:108DE000236102DC2268D20701D5013323619DF89B
:108DF0003330002B9BD02D2384F8433097E747294D
:108E0000BCD1002BBAD10123B7E7B9F1660F18D155
:108E1000002963680BDD216113B92268D00702D5F0
:108E200001330B4423614FF0000AA165DFE713B95A
:108E30002268D20701D50233F4E70123F2E74FF0AD
:108E400067090E9B994205DB23682161D807EAD5A3
:108E50004B1CE7E70029CCBF0122C1F102021344F9
:108E6000E0E723685A0507D423694246314628467D
:108E7000B84701302BD164E7B9F1650F40F2DD80CE
:108E8000D4E9120100220023F7F7FEFD002833D0B9
:108E9000012331462846354AB84701303FF451AFE7
:108EA000DDE90D239A4202DB2368D8070FD5DDE9FF
:108EB000092331462846B84701303FF442AF4FF00E
:108EC000000804F11A090E9B013B434509DC2368A5
:108ED0009B0700F10481E0680F9B9842B8BF1846D9
:108EE00031E701234A4631462846B84701303FF46E
:108EF00028AF08F10108E6E70D9B002B38DC0123C1
:108F000031462846194AB84701303FF41AAFDDE927
:108F10000D32134302D12368D907D8D5DDE90923DF
:108F200031462846B84701303FF40BAF4FF00009F7
:108F300004F11A0A0D9B5B424B4501DC0E9B94E742
:108F40000123524631462846B84701303FF4F9AE76
:108F500009F10109EEE700BFFFFFEF7F9CBB0008AE
:108F6000A0BB0008A4BB0008A8BB0008ACBB00085D
:108F70000E9AA36D9A42A8BF1A46002A914637DC82
:108F80004FF0000B29EAE97904F11A02D4F858A04D
:108F9000AAEB09035B4533DCDDE90D239A423BDB99
:108FA0002368DA0738D4DDE90D32A2EB0309A2EB1E
:108FB0000A029145A8BF9146B9F1000F34DC4FF089
:108FC000000829EAE97904F11A0ADDE90D239B1A60
:108FD000A3EB090343457FF77AAF0123524631469D
:108FE0002846B84701303FF4ACAE08F10108ECE781
:108FF0001346314642462846B8470130C0D1A0E664
:109000000123314628460B92B84701303FF499AE10
:109010000B9A0BF1010BB9E73146DDE9092328462C
:10902000B8470130BFD18CE64B463146284608EBA5
:109030000A02B8470130C2D183E60E9A012A01DC48
:10904000DB0739D50123424631462846B84701306F
:109050003FF477AEDDE9092331462846B8470130B1
:109060003FF46FAED4E9120100220023DDF83890FE
:10907000F7F70AFDD8B909F1FF3308F101023146CB
:109080002846B84701300ED15BE601234A463146F7
:109090002846B84701303FF454AE08F101080E9B52
:1090A000013B4345F1DC534604F15002DEE64FF04C
:1090B000000804F11A09F2E701234246DFE7012321
:1090C0004A4631462846B84701303FF43AAE08F1E7
:1090D0000108E3680F995B1A4345F0DCFBE64FF0AB
:1090E000000804F11909F4E72DE9F04716469946FE
:1090F0008A680B6907469342B8BF1346336091F8FC
:1091000043200C46DDF820800AB101333360236828
:10911000990642BF336802333360256815F00605AF
:1091200006D104F1190AE36832689B1AAB422BDCC2
:1091300094F84320131E226818BF0123920630D4EE
:109140004946384604F14302C047013023D0236822
:10915000226903F00603042B14BF002533684FF087
:10916000000608BFE56804F11A0408BFED1A54F8B8
:10917000123C08BF25EAE5759342C4BF9B1AED185F
:10918000B5421AD1002008E001235246494638462C
:10919000C047013003D14FF0FF30BDE8F087013503
:1091A000C1E73020E11881F843005A1C94F84510BB
:1091B0002244023382F84310C2E701232246494683
:1091C0003846C0470130E6D00136D9E72DE9FF47E0
:1091D0000F7E9146782F80460C469A460C9D01F1F1
:1091E000430207D8622F0AD8002F00F0D580582FED
:1091F00000F0C18004F1420584F842703AE0A7F122
:109200006303152BF6D801A151F823F065920008ED
:1092100079920008F5910008F5910008F591000891
:10922000F591000879920008F5910008F591000881
:10923000F5910008F59100087F930008A5920008B9
:1092400039930008F5910008F5910008A1930008F2
:10925000F5910008A5920008F5910008F591000825
:10926000419300082B681A1D1B682A6004F142050F
:1092700084F842300123A0E020682B68070603F140
:109280000401296001D51E6803E04606FBD5B3F949
:109290000060002E03DA2D23764284F843300A233F
:1092A000594812E02B682068191D2960050601D570
:1092B0001E6802E04106FBD51E886F2F0CBF0823F5
:1092C0000A235148002184F843106568002DA8BF87
:1092D0002168A560A4BF21F0040121600EB9002D12
:1092E0004BD01546B6FBF3F103FB1167C75D05F8DC
:1092F000017D3746BB420E46F4D9082B0BD12368BB
:10930000DE0708D5236961689942DEBF302305F87E
:10931000013C05F1FF35521B22614B462146404678
:10932000CDF800A003AAFFF7DFFE01304AD14FF0CD
:10933000FF3004B0BDE8F087236843F020032360CA
:109340007827324884F84570236829681F0651F849
:10935000046B02D45F0648BFB6B2DF0748BF43F0D4
:109360002003296048BF23601EB9236823F020032F
:1093700023601023A6E72448E4E71546BDE72B68E1
:109380002668181D6169286035061B6801D51960BB
:1093900002E07006FBD51980002315462361BCE767
:1093A0002B6800211A1D2A601D686268284600F09B
:1093B00034FB08B1401B606063682361002384F8BC
:1093C0004330AAE72A46494640462369D047013040
:1093D000ADD023689B0713D4E068039B9842B8BFC5
:1093E0001846A6E70123324649464046D047013099
:1093F0009DD00135E36803995B1AAB42F2DCEBE7E1
:10940000002504F11906F5E7AEBB0008BFBB000854
:10941000002310B50446C0E90033C0E9043383607B
:1094200081814366C2818361194608225C3000F065
:109430001FFA0D4B246263620C4BA3620C4BE36278
:109440000C4B23630C4B9C4206D003F16802944200
:1094500002D0D0339C4205D104F15800BDE8104041
:1094600000F0D8BA10BD00BF4D9600086F960008F6
:10947000A7960008CB96000820260020024A034940
:10948000034800F069B800BF1800002051B600087A
:109490002400002041680C4B10B59942044601D0CD
:1094A00002F0D6F8A168094B994202D0204602F09A
:1094B000CFF8E168064B994204D02046BDE8104041
:1094C00002F0C6B810BD00BF20260020882600206C
:1094D000F026002010B50B4B0B4C0C4A20461A60AE
:1094E00004210022FFF794FF04F168000122092102
:1094F000FFF78EFF04F1D0000222BDE810401221D8
:10950000FFF786BF58270020202600207D94000802
:10951000014800F080BA00BF61270020014800F038
:109520007BBA00BF6127002010B50446FFF7F0FFAB
:10953000236A1BB1BDE81040FFF7F0BF044B236264
:10954000044B1B68002BF5D1FFF7C4FFF2E700BF07
:1095500095940008582700202DE9F84307468846CF
:1095600014460026D4E90195B9F1010905D524680E
:10957000002CF7D13046BDE8F883AB89012B07D921
:10958000B5F90E30013303D029463846C0470643AB
:109590006835E9E7036A70B505460E4684680BB97D
:1095A000FFF7C2FF636EDB0705D4A389980502D4D9
:1095B000A06D00F030FAA389190713D523698BB188
:1095C000013EA36816F8011F013BA360E9B9002B17
:1095D0002EDA22460A21284600F0B4F8013007D0DE
:1095E0000A2507E02146284600F0EAF80028E7D0DF
:1095F0004FF0FF35636EDA0705D4A3899B0502D4CB
:10960000A06D00F009FA284670BD002B04DAA269AB
:109610009A4206DC0A2904D023685A1C2260197079
:10962000CFE72246284600F08DF80130C9D1DFE7A8
:109630000A2523685A1C22601D70DBE7024B014695
:109640001868FFF7A7BF00BF7000002010B50C46D8
:10965000B1F90E1000F090F90028ABBF636DA3893B
:109660001B1823F48053ACBF6365A38110BD2DE9A3
:10967000F0411F468B890546DB050C46164605D58D
:1096800002230022B1F90E1000F064F9A3893246DA
:1096900023F48053A38128463B46B4F90E10BDE85D
:1096A000F04100F07BB910B50C46B1F90E1000F096
:1096B00051F9431CA38915BF606523F4805343F41B
:1096C0008053A38118BFA38110BDB1F90E1000F023
:1096D000DBB830B51446002C05461A469BB005DAB7
:1096E0008B2303604FF0FF301BB030BD4FF402738B
:1096F000ADF80C300CBF234604F1FF330293059301
:109700004FF6FF7300910491ADF80E3069461E9B31
:1097100001F0DCFC431CBCBF8B232B60002CE3D08E
:109720000022009B1A70DFE707B5009313460A4634
:10973000014603480068FFF7CCFF03B05DF804FB67
:1097400070000020F8B50E461446054618B1036AAD
:109750000BB9FFF7E9FEA369A360A3891A0725D512
:1097600023691BB323682269F6B2981A63693746E6
:10977000834204DC2146284601F06AFFE0B9A36871
:10978000013BA36023685A1C22601E706269431C5F
:109790009A4204D0A389DB0706D50A2E04D12146BC
:1097A000284601F055FF38B93846F8BD214628460D
:1097B00000F006F80028D5D04FF0FF37F4E700009E
:1097C00038B52A4B054618680C4618B1036A0BB920
:1097D000FFF7AAFEA389B4F90C20180722D4D906F2
:1097E00007D409232B6042F040034FF0FF30A381E0
:1097F00034E0580712D5616B41B104F1440399423A
:1098000002D0284600F094FF00236363A38923F06D
:109810002403A3810023636023692360A38943F0A9
:109820000803A38123694BB9A38903F42073B3F51B
:10983000007F03D02146284601F057FFA089B4F9E4
:109840000C2010F001030AD00023A36063695B427F
:10985000A361236943B910F08000C4D138BD8107EA
:1098600058BF6369A360F4E70020F7E770000020A9
:1098700003460244934200D1704703F8011BF9E705
:10988000004870476401002038B50023054D0446A8
:1098900008462B60F8F744FE431C02D12B6803B145
:1098A000236038BD5C270020294B70B51B68044637
:1098B00083424BD0C36943B1DB68002B44D1E369D9
:1098C000196811B1204600F033FF616911B12046DB
:1098D00000F02EFFE16911B1204600F029FF216B55
:1098E00011B1204600F024FF616B11B1204600F059
:1098F0001FFFA16B11B1204600F01AFFA16C11B13E
:10990000204600F015FF616C11B1204600F010FFF9
:10991000E16A11B1204600F00BFF236AB3B1204683
:10992000BDE870401847495941B90435E369802DB5
:10993000D968F8D1204600F0FBFEC0E70E6820464B
:1099400000F0F6FE3146EFE70025EFE770BD00BFFF
:109950007000002038B50446084611460022054D27
:109960002A601A46F8F700FE431C02D12B6803B1A7
:10997000236038BD5C27002038B5044608461146F0
:109980000022054D2A601A46F8F791FD431C02D1CA
:109990002B6803B1236038BD5C27002038B504462E
:1099A000084611460022054D2A601A46F8F79CFD2C
:1099B000431C02D12B6803B1236038BD5C27002013
:1099C000014B1868704700BF7000002070B500267A
:1099D0000C4D0D4C641BA410A64209D101F0F4FFFC
:1099E00000260A4D0A4C641BA410A64205D170BD86
:1099F00055F8043B98470136EEE755F8043B984785
:109A00000136F2E70CBF00080CBF00080CBF0008CD
:109A100010BF0008704770477047034610B5C9B2C1
:109A200002449342184601D1002003E00478013338
:109A30008C42F6D110BD0A44914200F1FF3300D1AF
:109A4000704710B511F8014B914203F8014FF9D15D
:109A500010BD2DE9F74F03690C690746A3427FDB70
:109A6000013C00F1140501F1140805EB8403019396
:109A700058F8243055F8242001339A42B2FBF3F60B
:109A80004FEA840B08EB840931D34FF0000E4046B7
:109A9000AC46F24650F8042B93B206FB03E34FEAC0
:109AA000124E1A0C9BB206FB0E22AAEB0303DCF843
:109AB00000A04FEA124E1FFA8AFA5344DCF800A0C5
:109AC00092B2C2EB1A4202EB23429BB243EA024338
:109AD00081454FEA224A4CF8043BDBD255F80B3063
:109AE0002BB9019B043B9D421A462DD33C6138465D
:109AF00001F094F9002823DB29460020013658F8AC
:109B0000042BD1F800C093B2C31A120C1FFA8CF0C8
:109B10000344C2EB1C4202EB23429BB243EA0243E2
:109B2000C1454FEA224041F8043BE8D255F82420D1
:109B300005EB840322B9043B9D421A460AD33C61DB
:109B4000304603B0BDE8F08F1268043B002ACDD147
:109B5000013CC8E71268043B002AF0D1013CEBE766
:109B60000020EEE7000000002DE9F04F16461F46EA
:109B7000C46999B00546CDE90467DDF8948074B9ED
:109B8000102000F01DFE0246E86120B9EF21AC4B29
:109B9000AC4801F033FEC0E901440460C460EB69E5
:109BA000196851B15A68012393404A608B60284676
:109BB00000F0FAFE0022EB691A603B1EAFBF0023E3
:109BC000012223F000430593A8BFC8F80030DDF858
:109BD00014909D4BB8BFC8F8002033EA090319D18F
:109BE00042F20F73249A1360C9F31303334300F056
:109BF0008985269B53B9954B23E0954B03930833F6
:109C0000269A1360039819B0BDE8F08F8F4B039329
:109C10000333F5E7DDE90434CDE90C34DDE90C016B
:109C200000220023F6F730FF804660B10123249A1A
:109C30001360269B002B00F06285864B269A1360EA
:109C4000013B0393DEE716AB019317AB0093284665
:109C5000DDE90C2301F08AF9C9F30A548246002C8D
:109C60007ED0DDE90C010D9BA4F2FF34C3F3130396
:109C700043F07F5343F44013CDF84C801946002243
:109C8000754BF6F7E1FA68A3D3E90023F6F794FCE5
:109C900067A3D3E90023F6F7D9FA064620460F4614
:109CA000F6F720FC64A3D3E90023F6F785FC02460F
:109CB0000B4630463946F6F7C9FA06460F46F6F720
:109CC0002BFF00228346002330463946F6F7E6FE96
:109CD00048B15846F6F706FC32463B46F6F7D4FE46
:109CE00008B90BF1FF3BBBF1160F57D8DDE90C01AA
:109CF0005A4B03EBCB03D3E90023F6F7CFFE002842
:109D00004ED000230BF1FF3B0F93169B1B1B5A1EDB
:109D100046BFC3F1010900234FF00009099248BF73
:109D20000993BBF1000F3DDB099BCDF838B05B44D4
:109D3000099300230A93229B092B67D8052BC4BFE4
:109D4000043B2293229BC8BF0024A3F10203D8BF87
:109D50000124032B00F28680DFE803F02C3937560C
:109D6000DDE916431C4404F23243202BC1BFC3F18A
:109D7000400309FA03F904F2124326FA03F3D6BFAB
:109D8000C3F1200349EA030006FA03F0F6F79AFB51
:109D90000122A1F1F873013C13926FE70123B3E7AD
:109DA0000F90B2E7CBF100030A930023A9EB0B0954
:109DB0000E93C0E700230B93239B002B55DC01235C
:109DC0001A460693089323920BE00123F3E700233E
:109DD0000B93239B5B4406930133012B0893B8BF7D
:109DE000012300210422E86902F114069E4240D9B1
:109DF0004160284600F098FD039000283CD10246BF
:109E000040F2AF11164BC3E60123E1E70124002322
:109E10000B9422934FF0FF330022069308931223F2
:109E2000D1E700BFAFF3008061436F63A787D23FE4
:109E3000B3C8608B288AC63FFB799F501344D33F39
:109E4000DDBB0008F4BB00080000F07FD9BB0008B0
:109E5000D0BB0008ADBB00080000F83FE0BC000824
:109E60004CBC000801230B93D4E7239B0693089373
:109E7000B7E701315200B7E7EB69039A1A60089B14
:109E80000E2B00F2A880002C00F0A580BBF1000F83
:109E900034DD9A4B0BF00F0203EBC2031BF4807FFF
:109EA000D3E90034CDE910344FEA2B1416D0DDE9A4
:109EB0000C01934B0327D3E90823F6F7A7FCCDE960
:109EC000040104F00F048E4E54B9DDE91023DDE9DE
:109ED0000401F6F79BFCCDE9040129E00227F2E733
:109EE000E10708D5DDE91001D6E90023F6F764FBA8
:109EF000CDE91001013764100836E5E700F0A580D0
:109F0000DDE90C01CBF100047C4B04F00F0203EB04
:109F1000C203D3E90023F6F74FFB02270023CDE964
:109F20000401774E2411002C40F08480002BD2D104
:109F3000DDE90434CDE910340F9B002B00F087805D
:109F4000DDE9100100226F4BF6F7A8FD00287ED056
:109F5000089B002B7BD0069B002B38DDDDE9100130
:109F60000022694BF6F728FBCDE90401069C0BF1B2
:109F7000FF3801373846F6F7B5FADDE90423F6F77E
:109F80001BFB0022614BF6F761F9A1F15076CDE998
:109F900010011196002C5DD1DDE9040100225C4B1B
:109FA000F6F752F902460B46CDE904233346109AE0
:109FB000F6F792FD002840F09582DDE90401109A41
:109FC00006F10043F6F76AFD002840F08982DDE9DA
:109FD0000C34CDE90434179B002BC0F25181BBF146
:109FE0000E0F00F34D81454B03EBCB03D3E9003457
:109FF000CDE90634239B002B80F2DA80089B002BEE
:10A0000000F3D68040F06B82DDE906010022404B70
:10A01000F6F7D2FADDE90423F6F754FD089C26464C
:10A02000002840F041823123039F0BF1010B07F818
:10A03000013B3DE2E20705D5D6E90023F6F7BCFA7D
:10A0400001230137641008366DE7022770E7D84610
:10A05000089C8FE70399294B214412910B9903EB3C
:10A06000C403DDE9106753E90223002954D000201E
:10A070002849F6F7CBFB3B463246F6F7E5F8CDE943
:10A080001001039FDDE90401F6F746FD0446F6F7EB
:10A0900029FA02460B46DDE90401F6F7D5F8024637
:10A0A0000B463034CDE90423DDE9102307F8014BDA
:10A0B000F6F7F4FC002873D1DDE9042300201149F0
:10A0C000F6F7C2F8DDE91023F6F7E8FC002840F0C7
:10A0D000B680129B9F423FF47AAFDDE91001002267
:10A0E000094BF6F769FA0022CDE91001DDE9040118
:10A0F000054BF6F761FACDE90401C3E7E0BC0008BF
:10A10000B8BC00080000F03F0000244000001C40E4
:10A11000000014400000E03F30463946F6F74CFAA4
:10A12000129BCDE91001039C1493DDE90401F6F7BD
:10A13000F3FC1590F6F7D6F902460B46DDE904016B
:10A14000F6F782F8159B0646303304F8013B129B64
:10A150000F469C424FF0000224D1DDE91001AF4BC5
:10A16000F6F774F802460B4630463946F6F7B4FC6B
:10A17000002863D1DDE910230020A849F6F764F830
:10A1800002460B4630463946F6F788FC00283FF475
:10A190001EAF149F7B1E149317F8013C302BF8D090
:10A1A000C3463BE09E4BF6F707FACDE90401BCE756
:10A1B000039FDDE90489DDE9062340464946F6F7B9
:10A1C00025FBF6F7A9FC0446F6F78CF9DDE9062332
:10A1D000F6F7F2F902460B4640464946F6F734F8E0
:10A1E00004F1300607F8016B039EDDF820C0BE1BAA
:10A1F000B44502460B4636D1F6F728F8DDE90623CA
:10A2000080468946F6F768FC58BBDDE906234046E0
:10A210004946F6F739FC08B1E30722D451462846EF
:10A2200000F0C2FB0023249A3B700BF10103136082
:10A23000269B002B3FF4E6AC1F60E3E427463B4639
:10A240001F4613F8012D392A07D1039A9A42F7D1F4
:10A250003022039908F101080A701A7801321A7045
:10A260009EE7D846EBE700226D4BF6F7A5F90022F2
:10A27000002380468946F6F707FC00289BD0CDE7EF
:10A280000B9A002A00F0C480229A012A00F3A880C9
:10A29000139A002A00F0A08003F233434F460A9C31
:10A2A000099A01211A4428469944099200F032FC87
:10A2B00006465FB1099B002B08DDBB42A8BF3B46A9
:10A2C000099AA9EB0309FF1AD31A09930A9BF3B160
:10A2D0000B9B002B00F0A080002C10DD31462246A5
:10A2E000284600F0D5FC524601460646284600F0B6
:10A2F00027FC80465146284600F056FBC2460A9B82
:10A300001A1B04D05146284600F0C2FC82460121A7
:10A31000284600F0FFFB0E9B0446002B40F3828092
:10A320001A460146284600F0B3FC229B0446012B46
:10A330007BDD4FF00008236904EB8303186900F00C
:10A340009BFBC0F12000099B184410F01F0000F097
:10A350009280C0F12003042B40F38580099BC0F15B
:10A360001C000344814407440993B9F1000F05DD43
:10A3700051464A46284600F0E5FC8246099B002BE0
:10A3800005DD21461A46284600F0DCFC04460F9BFA
:10A39000002B72D02146504600F040FD00286CDAB8
:10A3A000002351460A22284600F020FB0B9B8246E0
:10A3B0000BF1FF3B002B00F0AC81002331460A2259
:10A3C000284600F013FB069B0646002B00F3938003
:10A3D000229B022B59DC8EE0169BC3F136035DE70E
:10A3E000089B5C1E0A9BA342BFBF0A9B0E9AE31AFE
:10A3F000D218A8BF1C1B089BBEBF0A940E92002453
:10A40000002BB5BFA9EB03074F460023089B47E786
:10A410004F460A9C0B9E4CE70A9A73E70000E03F08
:10A4200000002440229B012B18DC049BB3B9059B40
:10A43000C3F3130393B9059B23F000431B0D1B05C6
:10A440007BB14FF00108099B09F101090133099320
:10A450000E9B002B7FF46FAF012074E74FF00008D4
:10A46000F6E79846F4E780D0099A1C331A449944D9
:10A470001F44099279E70346F6E7089B002B34DC7A
:10A48000229B022B31DD089B0693069B63B9214674
:10A490000522284600F0AAFA01460446504600F07C
:10A4A000BDFC00283FF7BFAD239B039F6FEA030B62
:10A4B0004FF000082146284600F076FA002E3FF4BF
:10A4C000ADAEB8F1000F05D0B04503D041462846E7
:10A4D00000F06AFA3146284600F066FA9EE600244B
:10A4E0002646E1E7C34626469DE50B9B002B00F080
:10A4F000C880089B0693002F05DD31463A46284662
:10A5000000F020FC0646B8F1000F5BD028467168C9
:10A5100000F00AFA074628B9024640F2EF21814BC3
:10A52000FFF736BB326906F10C01023292000C30A3
:10A53000FFF781FA01223946284600F003FCB046B5
:10A540000646039B039A01330893069B13440B931F
:10A55000049B03F001030A93089B2146013B5046EC
:10A560000493FFF776FA4146069000F13009504611
:10A5700000F054FC324609902146284600F06AFC5F
:10A58000C268074602BB0146504600F047FC02463F
:10A59000394628460C9200F007FA229B0C9A089F35
:10A5A00043EA02010A9B194310D1B9F1390F29D0AE
:10A5B000099B002B02DD069B03F13109049B83F804
:10A5C000009077E73046BAE70122E1E7099B002BCC
:10A5D00004DB22990B430A990B4320D1002AEDDDBD
:10A5E00051460122284600F0ADFB2146824600F08C
:10A5F00015FC002803DCE1D119F0010FDED0B9F120
:10A60000390FD8D13923049A13703B461F4617F8E7
:10A61000012C013B392A6BD001321A704AE7002A1B
:10A6200007DDB9F1390FEDD0049A09F10103137078
:10A6300040E7089B0B9A03F8019C934242D0514695
:10A6400000230A22284600F0D1F9B04582464FF097
:10A6500000034FF00A024146284607D100F0C6F930
:10A6600080460646089B0133089375E700F0BEF963
:10A670003146804600230A22284600F0B7F90646F4
:10A68000F0E7089B0693039F21465046FFF7E1F948
:10A69000039B00F1300907F8019BFA1A069B9342CD
:10A6A00007DD514600230A22284600F09FF9824622
:10A6B000EAE7069B4FF00008002BCCBF1F4601279E
:10A6C000039B1F4451460122284600F03BFB2146D4
:10A6D000824600F0A3FB002897DC02D119F0010F9D
:10A6E00093D13B461F4613F8012D302AFAD0E1E6FC
:10A6F000039A9A428AD131230BF1010B97E70A4B57
:10A70000FFF79FBA269B002B7FF477AA074BFFF732
:10A7100098BA069B002BB6DC229B022B3FF7B5AE06
:10A72000B1E700BF4CBC0008ACBB0008D0BB0008C0
:10A7300038B50546002940D051F8043C0C1F002BC9
:10A74000B8BFE41800F0E4F81C4A136833B963603A
:10A7500014602846BDE8384000F0E0B8A34208D9AC
:10A76000206821188B4201BF19685B6809182160B5
:10A77000EDE71A465B680BB1A342FAD9116850188D
:10A78000A0420BD120680144501883421160E0D1EF
:10A7900018685B68084410605360DAE702D90C233C
:10A7A0002B60D6E7206821188B4201BF19685B68CF
:10A7B0000918216063605460CBE738BD642700202E
:10A7C000024B0146186800F023B800BF700000205B
:10A7D00070B50E4E0C463168054611B900F0FEFF0B
:10A7E00030602146284600F0F9FF431C0AD0C41C03
:10A7F00024F00304A04207D0211A284600F0EEFFFF
:10A80000013001D14FF0FF34204670BD6827002091
:10A810002DE9F843CD1C25F0030508350C2D38BF74
:10A820000C25002D074601DBA94205D90C23002683
:10A830003B603046BDE8F883DFF8D08000F068F870
:10A84000D8F800301C465CBB29463846FFF7C0FFED
:10A85000431C044655D1D8F800402646002E45D169
:10A86000002C48D023683146384604EB030900F039
:10A87000B5FF81453FD1216838466D1A2946FFF75B
:10A88000A7FF013037D023682B442360D8F800306D
:10A89000002B38D05A68A2422BD100225A600FE018
:10A8A0002268521B1FD40B2A17D96119A3422560B5
:10A8B00018BF5960636808BFC8F8001062514B6048
:10A8C000384604F10B0600F029F826F00706231D90
:10A8D000F21AAED09B1BA350ABE7A3426268DDD156
:10A8E000C8F80020ECE723466468ACE73446766895
:10A8F000B4E71346CCE70C2338463B6000F00EF873
:10A9000097E72560DCE75B60FFDE00BF642700207F
:10A910000148FFF780B800BF602700200148FFF71B
:10A920007BB800BF6027002070B5C66904460D469D
:10A9300076B91020FFF744FF0246E06120B96B2191
:10A94000174B184800F05AFFC0E901660660C66060
:10A95000E669F36883B1E369DB6853F82500B8B9A9
:10A96000012101FA05F6721D2046920000F064FFF5
:10A9700060B1C0E901560EE021220421204600F01A
:10A980005BFFE369F060DB68002BE4D1002070BD61
:10A99000026843F825200023C0E90333F7E700BF2E
:10A9A000DDBB00085DBC000870B5C66905460C46F5
:10A9B00076B91020FFF704FF0246E86120B98F2125
:10A9C000084B094800F01AFFC0E901660660C6603E
:10A9D0003CB1EB696268DB6853F82210216043F8F0
:10A9E000224070BDDDBB00085DBC00082DE9F041D0
:10A9F00007460C461E4600200D6901F1140CDCF8D8
:10AA00000030013099B202FB01611E0C0B0C02FBFD
:10AA1000063389B201EB034185424FEA13464CF8F5
:10AA2000041BECDC0EB3A368AB4219DC616838464A
:10AA30000131FFF779FF804628B90246BA210C4B55
:10AA40000C4800F0DBFE226904F10C010232920096
:10AA50000C30FEF7F0FF21463846FFF7A5FF4446CD
:10AA600004EB850301355E6125612046BDE8F08178
:10AA70004CBC00085DBC0008020C12040346CAB9B5
:10AA80000304102013F07F4F04BF1B02083013F0A3
:10AA9000704F04BF1B01043013F0404F04BF9B00F4
:10AAA0000230002B05DB13F0804F00F1010008BFDE
:10AAB000202070470020E5E70368024613F00700F6
:10AAC0000BD0D90721D4980749BF5B089B08012008
:10AAD00013605CBF02201360704799B209B910205F
:10AAE0001B0CD9B209B908301B0A190704BF1B098E
:10AAF0000430990704BF9B080230D90703D45B08D0
:10AB000000F1010003D0136070470020704720203F
:10AB10007047000010B50C460121FFF705FF024603
:10AB200028B940F24511044B044800F067FE0123A8
:10AB30004461036110BD00BF4CBC00085DBC00084F
:10AB40002DE9F04F91460A69D9F810300C469A4227
:10AB5000BEBF0B464C4699462769D9F810A0A3689A
:10AB6000616807EB0A06B34285B0B8BF0131FFF751
:10AB7000DBFE30B902464FF4B171434B434800F05D
:10AB80003DFE00F114052B46002205EB86084345E7
:10AB900021D304F1140303EB870709F1140303EB3A
:10ABA0008A0202923A1B153A22F00302043204F19F
:10ABB00015018F4238BF04220192029A03939A42F0
:10ABC0000CD8002E03DD58F8043D002B5AD0066146
:10ABD00005B0BDE8F08F43F8042BD8E7B3F800A028
:10ABE000BAF1000F23D0A9464FF0000C04F1140E67
:10ABF0005EF8042BD9F800101FFA82FB89B20AFB19
:10AC00000B116144D9F800C0120C4FEA1C4C0AFB2E
:10AC100002C202EB114289B241EA024177454FEA92
:10AC2000124C49F8041BE3D8019A45F802C0039A74
:10AC30000433B2F80290B9F1000F21D0AE464FF0C4
:10AC4000000A296804F1140CBCF800B0BEF8022018
:10AC500089B209FB0B22524441EA02414EF8041B1F
:10AC60005CF8041B4FEA114ABEF80010674509FB67
:10AC70000A1101EB12414FEA114AE5D8019AA95095
:10AC800004359AE7013E9CE74CBC00085DBC000817
:10AC90002DE9F843154612F0030206460F4607D089
:10ACA000254C013A002354F82220FFF79FFE074667
:10ACB000AD103DD0F4697CB91020FFF781FD02464C
:10ACC000F06128B940F2B3111C4B1D4800F096FD0D
:10ACD000C0E901440460C460D6F81C80D8F808407C
:10ACE0004CB940F271213046FFF714FF00230446AF
:10ACF000C8F8080003604FF00009EB070AD5394691
:10AD000022463046FFF71CFF804639463046FFF7A3
:10AD10004BFE47466D100BD0206838B922462146BD
:10AD20003046FFF70DFF2060C0F800900446E4E7CE
:10AD30003846BDE8F88300BFA8BD0008DDBB0008A9
:10AD40005DBC00082DE9F0470C4607469146236993
:10AD5000496803EB6218A3684FEA621A08F101061A
:10AD6000B3420BDB3846FFF7DFFD054648B9024624
:10AD70004FF4EF71274B284800F040FD01315B0094
:10AD8000EEE7002300F1140100F1100218465345CC
:10AD900033DB20692AEAEA7A04F1140319F01F0967
:10ADA00001EB8A0103EB800C2BD08A460022C9F10B
:10ADB000200E186800FA09F010434AF8040B53F803
:10ADC000042B9C4522FA0EF2F3D8ACEB0403153B9E
:10ADD00023F00303043304F11500844538BF042332
:10ADE000CA500AB108F10206013E384621462E61DA
:10ADF000FFF7DAFD2846BDE8F08742F8040F01337B
:10AE0000C5E7043953F8042B9C4541F8042FF9D8C1
:10AE1000EAE700BF4CBC00085DBC000803460A69B5
:10AE2000006930B5801A0DD11433143103EB82045C
:10AE300001EB820154F8045D51F8042D954202D0D3
:10AE400004D3012030BDA342F4D3FBE74FF0FF3021
:10AE5000F8E700002DE9F84F0D4607461146284651
:10AE60001446FFF7DBFF061E11D131463846FFF7C7
:10AE70005BFD024628B940F237213A4B3A4800F0D0
:10AE8000BDFC0123C0E904361046BDE8F88FA4BF1D
:10AE900023462C4638466168A6BF1D46002601267B
:10AEA000FFF742FD024618B940F245212D4BE5E778
:10AEB00002F11408C2464FF0000C2769C6602E69E3
:10AEC00004F1140005F1140900EB870E09EB860666
:10AED000103454F804BF59F8043B1FFA8BF1614455
:10AEE0001FFA83FC1B0CA1EB0C01C3EB1B4303EB10
:10AEF000214389B241EA03414E454FEA234C4AF8C7
:10AF0000041BE6D8731B153B23F0030315350433EC
:10AF1000AE4238BF0423184443441E4605467545D7
:10AF20000ED30EF10301091A21F0030103388645FF
:10AF300038BF00210B4453F8041D89B11761A3E702
:10AF400055F8048B1FFA88F161440C1404EB184483
:10AF500089B241EA04414FEA244C46F8041BDEE77B
:10AF6000013FE8E74CBC00085DBC0008F7B50121D3
:10AF700017461C46089EFFF7D7FC054630B9024627
:10AF800040F20F31224B234800F038FCC4F3130386
:10AF9000C4F30A5424BB002F019326D068460097BF
:10AFA000FFF78AFDDDE90012E8B1C0F1200302FAE3
:10AFB00003F30B43C2406B610192019B002B14BF52
:10AFC00002210121AB612961BCB1A4F233440444E4
:10AFD0003460C0F13500099B1860284603B0F0BD0D
:10AFE00043F48013D7E76961E7E701A8FFF764FD41
:10AFF000019B01216B612030E5E7A0F2324005EBB7
:10B00000810330601869FFF737FDC0EB4110E2E7BC
:10B010004CBC00085DBC00082DE9F0471F468E6857
:10B020008246BE420C4690460B682CD88A8912F4A0
:10B03000906F26D06569096905EB4505A3EB010909
:10B0400005EBD5757B1C4B446D109D4238BF1D46EA
:10B05000530527D52946FFF7DBFB064660B34A4672
:10B060002169FEF7E8FCA38923F4906343F0800391
:10B07000A38126614E4426603E466561A5EB090525
:10B08000A560BE4200D93E4632464146206800F0E7
:10B0900068FB0020A3689B1BA360236833442360E4
:10B0A000BDE8F0872A4600F0EDFB06460028E0D117
:10B0B00050462169FFF73CFB0C23CAF80030A389F6
:10B0C0004FF0FF3043F04003A381E9E72DE9F04F53
:10B0D00098468B8907461B060D4614469DB00ED533
:10B0E0000B6963B94021FFF793FB2860286120B901
:10B0F0000C233B604FF0FF30D0E040236B61002316
:10B10000099320238DF8293030234FF00109CDF821
:10B110000C80DFF8A0818DF82A3023469A4613F878
:10B12000012B0AB1252AF9D1BAEB040B0BD05B46EF
:10B13000224629463846FFF76FFF013000F0A9800C
:10B14000099A5A4409929AF80030002B00F0A18025
:10B1500000234FF0FF32CDE905230AF1010A0493E1
:10B1600007938DF853301A935446052214F8011BA7
:10B170005048FEF752FC049AD8B9D00644BF2023A9
:10B180008DF85330110744BF2B238DF853309AF8B4
:10B1900000302A2B15D0544600204FF00A0C079A95
:10B1A000214611F8013B303B092B4DD9B0B1079234
:10B1B00014E0A0EB080309FA03F31343A246049337
:10B1C000D2E7039B191D1B680391002BBBBF5B4299
:10B1D00042F0020207930793B8BF049223782E2B04
:10B1E0000CD163782A2B34D1039B02341A1D1B68BF
:10B1F0000392002BB8BF4FF0FF330593DFF8B8A0E0
:10B20000032250462178FEF708FC38B14022049B07
:10B21000A0EB0A00824013430134049314F8011B8D
:10B22000062226488DF82810FEF7F7FB002838D0B4
:10B23000234B1BBB039B073323F007030833039304
:10B24000099B3344099368E70C4601200CFB02324A
:10B25000A6E700234FF00A0C194601340593204657
:10B2600010F8012B303A092A03D9002BC6D00591DA
:10B27000C4E7044601230CFB0121F0E703AB009374
:10B280002A4638460F4B04A9FDF700FD421C06462E
:10B29000D6D1AB895B063FF52DAF09981DB0BDE84F
:10B2A000F08F03AB00932A463846064B04A9FDF7FE
:10B2B0008DFFEBE7B4BD0008BABD0008BEBD0008B5
:10B2C0008D8C000819B00008936810B4013B002B66
:10B2D000936007DA9469A34201DB0A2902D110BC0A
:10B2E000FEF730BA1368581C10601970084610BC7D
:10B2F0007047F8B506460F461446D518AC4201D142
:10B30000002007E03A46304614F8011BFFF7DCFF47
:10B31000431CF3D1F8BD00002DE9F04F0D46144653
:10B32000984606469DB018B1036A0BB9FEF7FCF8C3
:10B330006B6ED90705D4AB899A0502D4A86DFEF7C8
:10B340006AFBAB891B0701D52B699BB9294630469F
:10B35000FEF736FA70B16B6EDC0704D54FF0FF30A4
:10B360001DB0BDE8F08FAB899805F7D4A86DFEF746
:10B3700053FBF3E70023099320238DF82930302372
:10B380004FF00109CDF80C80DFF8AC818DF82A3040
:10B3900023469A4613F8012B0AB1252AF9D1BAEBB4
:10B3A000040B0BD05B46224629463046FFF7A1FF2F
:10B3B000013000F0A980099A5A4409929AF80030A5
:10B3C000002B00F0A18000234FF0FF32CDE90523D0
:10B3D0000AF1010A049307938DF853301A935446E7
:10B3E000052214F8011B5448FEF717FB049AD8B93C
:10B3F000D10644BF20238DF85330130744BF2B23BD
:10B400008DF853309AF800302A2B15D0544600207E
:10B410004FF00A0C079A214611F8013B303B092BEB
:10B420004DD9B0B1079214E0A0EB080309FA03F379
:10B430001343A2460493D2E7039B191D1B68039193
:10B44000002BBBBF5B4242F0020207930793B8BFD9
:10B45000049223782E2B0CD163782A2B34D1039BB2
:10B4600002341A1D1B680392002BB8BF4FF0FF3344
:10B470000593DFF8C8A0032250462178FEF7CDFAE5
:10B4800038B14022049BA0EB0A00824013430134F0
:10B49000049314F8011B062229488DF82810FEF7A2
:10B4A000BCFA00283FD0274B1BBB039B073323F07C
:10B4B000070308330393099B3B44099368E70C4651
:10B4C00001200CFB0232A6E700234FF00A0C1946BC
:10B4D00001340593204610F8012B303A092A03D98C
:10B4E000002BC6D00591C4E7044601230CFB0121C3
:10B4F000F0E703AB00932A463046134B04A9FDF74F
:10B50000C5FB0746781CD6D16B6ED90705D4AB892D
:10B510009A0502D4A86DFEF77FFAAB895B063FF56A
:10B520001DAF09981CE703AB00932A463046064B33
:10B5300004A9FDF74BFEE4E7B4BD0008BABD00085E
:10B54000BEBD00088D8C0008F3B200088A89F8B5EA
:10B55000054610070C4657D44B68002B04DC0B6CD7
:10B56000002B01DC0020F8BDE66A002EFAD0002393
:10B5700012F480522F68216A2B6032D0606DA3894B
:10B580005A0705D56368C01A636B0BB1236CC01AE8
:10B5900000230246E66A2846216AB047431CA38975
:10B5A00006D129681D292BD8284A0A41D60727D455
:10B5B000002262602269D904226004D5421C01D1B4
:10B5C0002B6803B96065616B2F600029CAD004F154
:10B5D0004403994202D02846FFF7AAF8002060638E
:10B5E000C1E701232846B047411CC8D12B68002B76
:10B5F000C5D01D2B01D0162B01D12F60B2E7A38936
:10B6000043F04003A381AEE70F69002FAAD0930750
:10B6100018BF00230E6808BF4B69F61B0F608B60D4
:10B62000002E9FDD33463A462846216AD4F828C0CA
:10B63000E047002806DCA3894FF0FF3043F04003C9
:10B64000A38190E70744361AEAE700BFFEFFBFDF99
:10B6500038B50B6905460C4613B90025284638BD98
:10B6600018B1036A0BB9FDF75FFFB4F90C30002B7A
:10B67000F3D0626ED00704D4990502D4A06DFEF712
:10B68000CAF928462146FFF761FF636E0546DA07CF
:10B69000E4D4A3899B05E1D4A06DFEF7BDF9DDE7F5
:10B6A00070B50C46B1F90E10154600291E4696B02D
:10B6B0000CDAA389002113F0800F0CBF4FF48063D4
:10B6C0004023002031602B6016B070BD6A4600F048
:10B6D00063F80028EDDB019901F47041A1F50053F6
:10B6E000594259414FF48063EBE78B8973B59D074D
:10B6F00006460C4607D504F1470323602361012366
:10B70000636102B070BD6A4601ABFFF7C9FF0099E3
:10B7100005463046FFF77CF848B9B4F90C309A0575
:10B72000EFD423F0030343F00203A381E3E7A389EB
:10B73000206043F08003A381009B20616361019B33
:10B740005BB13046B4F90E1000F038F828B1A38987
:10B7500023F0030343F00103A381A3891D43A581C3
:10B76000CFE7884210B501EB020402D98442234698
:10B7700007D8431EA14208D011F8012B03F8012F6E
:10B78000F8E7014602448A4200D110BD13F8014D8A
:10B7900002F8014DF7E7000038B50023064D0446D6
:10B7A000084611462B60F6F7C6FE431C02D12B68F3
:10B7B00003B1236038BD00BF5C27002038B50023EB
:10B7C000054D044608462B60F6F7C4FE431C02D123
:10B7D0002B6803B1236038BD5C27002038B50023F7
:10B7E000054D044608462B60F6F7CAFE431C02D1FD
:10B7F0002B6803B1236038BD5C2700201FB51446B9
:10B800001A46094B05461B68D8684CB1074BCDE971
:10B81000013400912B46064900F070F800F080F8E2
:10B82000044B1C46F3E700BF70000020CFBD0008AA
:10B83000DCBD00080ABE000870B5A1FB025434B993
:10B840002946FEF7E5FF064628B9304670BD0C22B2
:10B8500000260260F9E72A462146FEF709F8F4E7D8
:10B8600082B001B901A942B14BB113780B601278D3
:10B87000101E18BF012002B070471046FBE76FF0A2
:10B880000100F8E72DE9F041804614460E4621B943
:10B890001146BDE8F041FEF7BBBF2AB9FEF748FFED
:10B8A00025462846BDE8F08100F041F8844207466D
:10B8B00002D8B4EB500F12D821464046FEF7A8FF3D
:10B8C00005460028EDD0BC422246314628BF3A4604
:10B8D000FEF7B1F831464046FEF72AFFE1E735466C
:10B8E000DFE70346084641B1FF2A04D98A224FF018
:10B8F000FF301A60704701200A7070470EB403B51C
:10B90000014603AB054853F8042B00680193FFF789
:10B9100003FD02B05DF804EB03B070477000002037
:10B92000062008B500F034F80120F6F7B6FD51F80E
:10B93000043C181F002BBCBF0B58C01870471F29B0
:10B9400038B504460D4604D9162303604FF0FF3086
:10B9500038BDC26B12B152F821304BB9204600F00D
:10B9600031F82A4601462046BDE8384000F018B8B4
:10B97000012B0AD0591C03D1162303600120E7E7ED
:10B980000024284642F8254098470020E0E70000C0
:10B99000024B01461868FFF7D2BF00BF70000020BD
:10B9A00038B50023064D0446084611462B60F6F7CD
:10B9B00064FD431C02D12B6803B1236038BD00BF76
:10B9C0005C270020F6F752BDF8B500BFF8BC08BCF4
:10B9D0009E467047F8B500BFF8BC08BC9E4670474D
:10B9E0004131000041320000413300004134000089
:10B9F0004135000041360000423100004232000073
:10BA0000423300004234000042350000423600005C
:10BA10004331000043320000433300004334000050
:10BA2000433500004336000044310000443200003A
:10BA30004433000044340000443500004436000024
:10BA4000686F6D65000000006E6F775F6E756D2E1C
:10BA500076616C3D256400006E6F775F706F73696F
:10BA600074696F6E2E7478743D2225732200000075
:10BA7000735F6E756D2E76616C3D2564000000006D
:10BA8000726F7574655F666C61672E76616C3D25BB
:10BA9000640000005561727420546872656164200E
:10BAA000696E69742E200D00782E76616C3D000061
:10BAB000792E76616C3D00007A2E76616C3D000037
:10BAC000782E76616C3D256400000000792E766149
:10BAD0006C3D2564000000007A2E76616C3D256483
:10BAE0000000000010000000040000000000000042
:10BAF0000000000064656661756C745461736B00CE
:10BB0000F4BA00080920000800000000000000004E
:10BB10000001000000000000000000006D79546189
:10BB2000736B5F42454550001CBB00081D20000898
:10BB3000FDFF000000000000800000000000000089
:10BB4000000000006D795461736B5F4B4559000034
:10BB500044BB000831200008FDFF00000000000089
:10BB60008000000000000000000000000203040547
:10BB7000060708090A0B0C0D0E0F101049444C451E
:10BB800000000000000000000000000001020304AB
:10BB9000060708090000000001020304494E4600A0
:10BBA000696E66004E414E006E616E0030003031AD
:10BBB0003233343536373839414243444546003014
:10BBC0003132333435363738396162636465660043
:10BBD000496E66696E697479004E614E0052454542
:10BBE0004E54206D616C6C6F632073756363656583
:10BBF000646564002F6275696C642F676E752D74BF
:10BC00006F6F6C732D666F722D73746D33325F318D
:10BC1000312E332E72656C312E3230323330393161
:10BC2000322D313630302F7372632F6E65776C6929
:10BC3000622F6E65776C69622F6C6962632F737413
:10BC4000646C69622F64746F612E630042616C6C76
:10BC50006F6320737563636565646564002F627547
:10BC6000696C642F676E752D746F6F6C732D666FC2
:10BC7000722D73746D33325F31312E332E72656CD9
:10BC8000312E32303233303931322D313630302F9F
:10BC90007372632F6E65776C69622F6E65776C695E
:10BCA000622F6C6962632F7374646C69622F6D70AC
:10BCB0007265632E630000000080E03779C3414362
:10BCC000176E05B5B5B89346F5F93FE9034F384D02
:10BCD000321D30F94877825A3CBF737FDD4F1575AE
:10BCE000000000000000F03F0000000000002440C1
:10BCF00000000000000059400000000000408F409C
:10BD0000000000000088C34000000000006AF84006
:10BD10000000000080842E4100000000D01263412A
:10BD20000000000084D797410000000065CDCD41A0
:10BD3000000000205FA00242000000E87648374281
:10BD4000000000A2941A6D42000040E59C30A2421F
:10BD50000000901EC4BCD64200003426F56B0C4394
:10BD60000080E03779C3414300A0D885573476433B
:10BD700000C84E676DC1AB43003D9160E458E1439C
:10BD8000408CB5781DAF154450EFE2D6E41A4B4411
:10BD900092D54D06CFF08044F64AE1C7022DB54456
:10BDA000B49DD9794378EA440500000019000000E9
:10BDB0007D000000232D302B2000686C4C00656650
:10BDC00067454647004300504F534958002E002C0A
:10BDD0002066756E6374696F6E3A200061737365D7
:10BDE0007274696F6E2022257322206661696C650A
:10BDF000643A2066696C6520222573222C206C69C8
:10BE00006E65202564257325730A000020202020FC
:10BE100020202020202828282828202020202020FA
:10BE200020202020202020202020202088101010DA
:10BE30001010101010101010101010100404040432
:10BE400004040404040410101010101010414141A7
:10BE50004141410101010101010101010101010112
:10BE600001010101010101101010101010424242A5
:10BE700042424202020202020202020202020202E2
:10BE80000202020202020210101010200000000044
:10BE900000000000000000000000000000000000A2
:10BEA0000000000000000000000000000000000092
:10BEB0000000000000000000000000000000000082
:10BEC0000000000000000000000000000000000072
:10BED0000000000000000000000000000000000062
:10BEE0000000000000000000000000000000000052
:10BEF0000000000000000000000000000000000042
:0CBF000000000000000000000000000035
:04BF0C001502000812
:04BF1000F101000833
:10BF14000024F4001000000001000000AAAAAAAA4C
:10BF2400FFFC0000A1A200000000000003000000CC
:10BF34002026002000000000202600208826002063
:10BF4400F0260020000000000000000000000000B7
:10BF540000000000000000000000000000000000DD
:10BF640000000000000000000000000000000000CD
:10BF740000000000000000000000000000000000BD
:10BF84002400002043000000000000000000000026
:10BF9400000000000000000000000000000000009D
:10BFA400000000004300000000000000000000004A
:10BFB400000000000000000000000000000000007D
:10BFC400000000004300000000000000000000002A
:10BFD400000000000000000000000000000000005D
:10BFE400000000004300000000000000000000000A
:10BFF400000000000000000000000000000000003D
:10C0040000000000430000000000000000000000E9
:10C01400000000000000000000000000000000001C
:10C0240000000000430000000000000000000000C9
:10C0340000000000000000000000000000000000FC
:10C0440000000000430000000000000000000000A9
:10C0540000000000000000000000000000000000DC
:10C0640000000000E3B8000861B800080000000008
:10C074000BBE0008CDBD00080ABE00080ABE0008B9
:10C084000ABE00080ABE00080ABE00080ABE00086C
:10C094000ABE00080ABE00080ABE0008FFFFFFFF30
:10C0A400FFFFFFFFFFFFFFFFFFFF00000100415301
:10C0B40043494900000000000000000000000000A7
:10C0C40000000000000000000000000000004153D8
:10C0D4004349490000000000000000000000000087
:10C0E400000000000000000000000000000000004C
:0400000508002E1DA4
:00000001FF
