:020000040000FA
:10000000A08100206D020000810200008302000038
:10001000850200008502000085020000000000004B
:100020000000000000000000000000008502000049
:10003000850200000000000085020000850200002B
:100040008502000085020000850200008502000094
:100050008502000085020000850200008502000084
:100060008502000085020000850200008502000074
:100070008502000085020000850200008502000064
:100080008502000085020000850200008502000054
:100090008502000085020000850200008502000044
:1000A0008502000085020000850200008502000034
:1000B0008502000085020000850200008502000024
:1000C0008502000085020000850200008502000014
:1000D0008502000085020000850200008502000004
:1000E000850200008502000000000000850200007B
:1000F00085020000850200008502000085020000E4
:1001000085020000850200008502000085020000D3
:1001100000000000000000008502000085020000D1
:1001200085020000850200008502000085020000B3
:1001300085020000850200008502000085020000A3
:1001400000000000000000000000000000000000AF
:100150008502000085020000850200008502000083
:10016000000000000000000000000000000000008F
:10017000000000000000000000000000000000007F
:10018000000000000000000000000000000000006F
:10019000000000000000000000000000000000005F
:1001A000000000000000000000000000000000004F
:1001B0008502000085020000850200008502000023
:1001C0008502000085020000850200008502000013
:1001D0008502000085020000850200008502000003
:1001E000850200008502000085020000000000007A
:1001F000000000008502000085020000850200006A
:1002000085020000850200000000000000000000E0
:1002100085020000850200008502000085020000C2
:1002200085020000850200008502000085020000B2
:1002300085020000850200008502000085020000A2
:100240008502000085020000850200008502000092
:100250008502000085020000850200008502000082
:100260008502000085020000850200004EF68850DD
:10027000CEF20000016841F47001016000F004B8A2
:10028000FEE7FEE7FEE7000000F002F800F05CF891
:100290000AA090E8000C82448344AAF10107DA45E1
:1002A00001D100F051F8AFF2090EBAE80F0013F0D7
:1002B000010F18BFFB1A43F001031847E01E0300AB
:1002C000001F03000A444FF0000C10F8013B13F02C
:1002D000070408BF10F8014B1D1108BF10F8015B9F
:1002E000641E05D010F8016B641E01F8016BF9D192
:1002F00013F0080F1EBF10F8014BAD1C0C1B09D1E9
:100300006D1E58BF01F801CBFAD505E014F8016B5A
:1003100001F8016B6D1EF9D59142D6D370470000EC
:100320000023002400250026103A28BF78C1FBD8FE
:10033000520728BF30C148BF0B6070471FB52EF071
:1003400024FB1FBD10B510BD00F037F91146FFF7B3
:10035000F5FF29F02BFE00F055F903B4FFF7F2FF8B
:1003600003BC00F059F90000EFF3108072B670473B
:10037000EFF310807047EFF3108062B6704730BF24
:10038000704780F311887047EFF3118070470000C9
:100390000138FDD17047000002480349034A044B6D
:1003A00070470000A0750020A0810020A0790020E7
:1003B000A079002010B5431C02E010F8011B71B1B8
:1003C0008107FAD14FF0013202C88C1A8C4314EA2B
:1003D000C211F9D0C01A0A0603D0C01E10BDC01A3F
:1003E00010BD0A0401D0801E10BD0902FCD0401EC1
:1003F00010BD032A40F2308010F0030C00F015808D
:1004000011F8013BBCF1020F624498BF11F801CB17
:1004100000F8013B38BF11F8013BA2F1040298BF7C
:1004200000F801CB38BF00F8013B11F0030300F0E6
:100430002980083AC0F0088051F8043B083A51F886
:1004400004CBA0E80810F5E7121D5CBF51F8043B8F
:1004500040F8043BAFF30080D20724BF11F8013B02
:1004600011F801CB48BF11F8012B24BF00F8013B64
:1004700000F801CB48BF00F8012B704701B5FFF72A
:10048000B8FF01BD10B5203AC0F00B80B1E818509C
:10049000203AA0E81850B1E81850A0E81850BFF46E
:1004A000F5AF5FEA027C24BFB1E81850A0E818500D
:1004B00044BF18C918C0BDE810405FEA827C24BF61
:1004C00051F8043B40F8043B08BF7047D20728BFEF
:1004D00031F8023B48BF11F8012B28BF20F8023B3E
:1004E00048BF00F8012B704702F0FF0343EA0322E4
:1004F00042EA024200F002B84FF000020429C0F0C4
:10050000128010F0030C00F01B80CCF1040CBCF145
:10051000020F18BF00F8012BA8BF20F8022BA1EB97
:100520000C0100F00DB85FEAC17C24BF00F8012B7C
:1005300000F8012B48BF00F8012B70474FF0000274
:1005400000B5134694469646203922BFA0E80C50C9
:10055000A0E80C50B1F12001BFF4F7AF090728BFA4
:10056000A0E80C5048BF0CC05DF804EB890028BF20
:1005700040F8042B08BF704748BF20F8022B11F049
:10058000804F18BF00F8012B7047704770477047C5
:1005900010B500F00DF8006810BD10B5044600F06D
:1005A00007F8046010BD0000004870473C7500204B
:1005B000004870473C75002070477546FFF7F4FF10
:1005C000AE4605006946534620F00700854618B040
:1005D00020B5FFF7E1FEBDE820404FF000064FF0E8
:1005E00000074FF000084FF0000B21F00701AC4668
:1005F000ACE8C009ACE8C009ACE8C009ACE8C00987
:100600008D46704710B50446AFF300802046BDE824
:100610001040FFF7A2BE000001491820ABBEFEE764
:100620002600020010B5064820F016FB0021054800
:1006300000F00CF8044A0021024800F04DF810BD0B
:100640002C300020008003400C30002001228A4022
:10065000C260704701228A40C260826801238B40D9
:100660001A438260704782680A43826070472DE9AE
:10067000F04105460E4614463146284625F0F0FA6C
:100680000746214638460BF0A7FC38460BF032FCF3
:10069000BDE8F08110B50A0C120401F00F0401232B
:1006A000A3401A43836A1A43826210BD30B58900A1
:1006B00044690F258D40AC4302F00F058D402C435B
:1006C0004461056A0F248C4025EA040403F0030505
:1006D0008D402C43046230BD10B503464C014034BC
:1006E0002344002002E09C6810C2401CDC6804F433
:1006F00080740CB90828F6D310BD026801238B4022
:100700001A430260704770B50C46650140352844B5
:10071000920005680F269640B54303F00F069640F9
:100720003543056086690F25954026EA0505C3F324
:10073000032696403543856146680F25954026EA95
:100740000505C3F3031696403543456003F4702551
:1007500075B141690F259540A943C3F30245954002
:10076000294341610669012595402E43066104E055
:10077000066901259540AE43066170BD10481149D8
:100780004860082088600120487088700C480E4935
:1007900048600820886001204870887008480B492C
:1007A0004860082088600120487088700448084923
:1007B00048600820886001204870887070470000F9
:1007C00000700040DC6C0020FC6C00201C6D0020E0
:1007D0003C6D0020524890ED010AB8EE400ADFED72
:1007E000510A20EE200ADFED500A80EE201A4F4811
:1007F00080ED001A90ED000AF6EE000AB4EEE00A71
:10080000F1EE10FA03D80020494908703AE0474851
:1008100090ED000ADFED470AB4EEE00AF1EE10FABF
:1008200003D80420424908702CE0404890ED000AAB
:10083000DFED410AB4EEE00AF1EE10FA03D803202E
:100840003B4908701EE0394890ED000ADFED3B0A95
:10085000B4EEE00AF1EE10FA03D802203449087031
:1008600010E0324890ED000AF0EE0A0AB4EEE00A19
:10087000F1EE10FA03D801202D49087002E00020A3
:100880002B4908702A48007805283CD2DFE800F0A0
:10089000030D182430000120294948702949487067
:1008A000294948702949487037E000202449487098
:1008B00001202449487024494870244948702CE09C
:1008C00001201F49487000201E49487001201E4920
:1008D00048701E49487020E00120194948701949A4
:1008E000487000201849487001201849487014E0E9
:1008F000012013494870134948701349487000207B
:100900001249487009E001200D4948700D494870AE
:100910000D4948700D49487000BF00BF7047000086
:100920000C3000203333534000F07F450804002092
:10093000820F00209A99993FCDCCEC3F9A9929409B
:10094000DC6C0020FC6C00201C6D00203C6D002045
:1009500010B5FFF73FFF1CF0EDFE10BD10B52348AA
:100960001FF0A8FB00BF21481FF0BEFB0028FAD0F3
:100970001F481FF09FFB08211E4808F0D9FB1C48A8
:10098000401E1FF097FB08211B4808F0D1FB0023F5
:100990001A4619461948FFF789FE00231A461946D8
:1009A0001648FFF7B0FE6423012200211348FFF729
:1009B000AAFE00211148FFF749FE00210F48FFF76A
:1009C0009CFE00210D48FFF745FE01210B48FFF773
:1009D0004AFE1E200BF08EFA094A00210748FFF755
:1009E00046FEE0211E200BF0DDFA10BD003800F0BD
:1009F000040800F000400240007000400080034006
:100A00002506000010B509480088401C07490880E9
:100A100008460088022800DC10BD00200349088039
:100A200000210348FFF736FE00BFF5E71804002059
:100A30000080034030B587B000240020049005906A
:100A400006907F480078052873DC002039E07D4956
:100A500091ED000AF3EE040AB4EEE00AF1EE10FAAA
:100A60002AD8794991F86810012925D100241BE082
:100A70007549343101EB840191ED000ADFED730A11
:100A800060EE200A9FED721A80EE810A04A901EB44
:100A90008401D1ED000A30EE200A04A901EB8401A3
:100AA00081ED000A611C8CB2032CE1DB411C88B291
:100AB0000021654A82F868100121664A604B1B7864
:100AC000D154B0F57A7FC2DBDDED040A00EE100AE6
:100AD000B8EE400A80EE801A5949097801EB4101CD
:100AE0005D4A02EB810181ED001ADDED050A00EEA1
:100AF000100AB8EE400A80EE801A5149097801EBDD
:100B0000410102EB810181ED011ADDED060A00EEE3
:100B1000100AB8EE400A80EE801A4949097801EBC4
:100B2000410102EB810181ED021A0621444A117054
:100B300000BF4848007847494978084045498978C6
:100B400008404449C9780840424909790840414968
:100B500049790840002870D04048007800286CD1BE
:100B600001203E49087000203D4908703D4A3E4939
:100B7000394801F0B9FD3D490870002504E0002026
:100B800034494855681C85B2062DF8DB3748007893
:100B9000012839D13448D0ED021AB0EE611AD0EDF7
:100BA000011AF0EE610AD0ED001AB0EE610A304988
:100BB000022024F0ACFF2B48D0ED021AB0EE611AEF
:100BC000D0ED011AF0EE610AD0ED001AB0EE610A24
:100BD0002749052024F09BFF17F004FB002025493E
:100BE00008800221244A0346B6EE000ACDE900211E
:100BF00002904FF4FA6241F28831204801F001FB83
:100C000001201F49487214E000201A49088002217F
:100C1000194A03469FED1B0ACDE9002102904FF4CB
:100C2000FA6241F28831154801F0EBFA00201649CA
:100C30000880012007B030BDFFE70020FAE7000080
:100C4000FD000020E80A0020002800200AE81C41DE
:100C500000000046FF000020A8160020050100202B
:100C6000FE000020F000002078160020FC0000208C
:100C70003C300020920100200050024074180020F7
:100C80008E370020CDCCCC3D7E0200203EB5002426
:100C9000FE48008800EE100AB8EE400ADFEDFC0ABC
:100CA000B4EEE00AF1EE10FA22D8FA4890ED000A0C
:100CB000DFEDF90AB4EEE00AF1EE10FA18DBF748BE
:100CC00090ED000ADFEDF60AB4EEE00AF1EE10FA5C
:100CD0000ED8F44890ED000ADFEDF30AB4EEE00A16
:100CE000F1EE10FA04DBF1480088401CEF4908805F
:100CF000E648008800EE100AB8EE400ADFEDE40A8C
:100D0000B4EEE00AF1EE10FA22D8E24890ED000AC3
:100D1000DFEDE10AB4EEE00AF1EE10FA18DBDF488D
:100D200090ED000ADFEDDE0AB4EEE00AF1EE10FA13
:100D30000ED8DC4890ED000ADFEDDB0AB4EEE00AE5
:100D4000F1EE10FA04DBD9480088B0F5167F03DA1B
:100D5000D7480078022852D1D648008800284ED1C2
:100D60000120D5490880D54908700020D449087071
:100D700001200221D34A00239FEDD30ACDE90021AF
:100D800002904FF47A725100D04801F03AFA0620EE
:100D9000CF4908700020CF490870C449088000245A
:100DA0001DE00020CC4908559FEDCC0A04EB44001F
:100DB000CB4901EB800080ED000A9FEDC80A04EBEF
:100DC000440001EB800080ED010A9FEDC40A04EBB2
:100DD000440001EB800080ED020A601C84B2062C06
:100DE000DFDB0A20BF49088001201DF0E5FB012060
:100DF0001DF00AFC0020BC490880AD490870AF48CE
:100E0000007801287ED1A148008800EE100AB8EED3
:100E1000400ADFED9F0AB4EEE00AF1EE10FA19D8AD
:100E20009C4890ED000ADFEDB10AB4EEE00AF1EE65
:100E300010FA0FD8994890ED000AB5EEC00AF1EE0D
:100E400010FA07D1974890ED000AB5EEC00AF1EE0E
:100E500010FA03D0A6480078012817D1A5480088C9
:100E6000401CA449088008460088142803DAA048DA
:100E70000078012806D10020954908709E49088015
:100E80009E49088000209A49087097E17F480088B1
:100E900000EE100AB8EE400ADFED7D0AB4EEE00A7B
:100EA000F1EE10FA19D87B4890ED000AB5EEC00AB1
:100EB000F1EE10FA11D1794890ED000ADFED7A0ACF
:100EC000B4EEE00AF1EE10FA07DB764890ED000A86
:100ED000B5EEC00AF1EE10FA03D08548007802287A
:100EE0001AD184480088401C82490880084600883E
:100EF000142803DA7E480078022809D101207449B9
:100F0000087000E061E100207B4908807B4908808F
:100F100000207749087051E15C48008800EE100A13
:100F2000B8EE400ADFED5A0AB4EEE00AF1EE10FA2C
:100F300019D8584890ED000AB5EEC00AF1EE10FA43
:100F400011D1564890ED000ADFED550AB4EEE00AE3
:100F5000F1EE10FA07D8534890ED000AB5EEC00A3A
:100F6000F1EE10FA03D062480078032818D16148E6
:100F70000088401C5F49088008460088142803DA6E
:100F80005B480078032807D10220514908700020EF
:100F900059490880594908800020554908700DE1D9
:100FA0003A48008800EE100AB8EE400ADFED380A31
:100FB000B4EEE00AF1EE10FA19D8364890ED000AC6
:100FC000B5EEC00AF1EE10FA11D1344890ED000AE6
:100FD000B5EEC00AF1EE10FA09D1324890ED000AE0
:100FE000DFED310AB4EEE00AF1EE10FA03DA404820
:100FF0000078042818D13F480088401C3D490880EB
:1010000008460088142803DA39480078042807D1F4
:1010100003202F490870002037490880374908808D
:10102000002033490870C9E01848008800EE100A13
:10103000B8EE400ADFED160AB4EEE00AF1EE10FA5F
:1010400019D8144890ED000AB5EEC00AF1EE10FA76
:1010500011D1124890ED000AB5EEC00AF1EE10FA77
:1010600009D1104890ED000ADFED0D0AB4EEE00A58
:10107000F1EE10FA03D91E480078052853D11D4817
:101080000088401C1B490880084639E00603002000
:101090000040834410030020000016430C0300208E
:1010A0000000D2C1080300200000D2410601002048
:1010B000B90800202403002092010020FE00002037
:1010C000FC00002000500240CDCC4C3E74180020A3
:1010D000FD00002005010020FF00002000000000AE
:1010E000A81600207E02002032030020000016C354
:1010F000BA080020080100202C0300202E03002045
:101100000088142803DA31480078052807D1042024
:101110002F49087000202F4908802F49088000209F
:101120002A4908704AE02D48008800EE100AB8EEFF
:10113000400A5FED290AB4EEE00AF1EE10FA19D880
:10114000274890ED000A5FED2C0AB4EEE00AF1EEBC
:1011500010FA0FDD234890ED000AB5EEC00AF1EE5B
:1011600010FA07D1204890ED000AB5EEC00AF1EE62
:1011700010FA03D015480078062818D11B480088BB
:10118000401C1A49088008460088142803DA0F48D2
:101190000078062807D105200D49087000200D4968
:1011A00008800D49088000200849087006E00F49B2
:1011B000088800EBD07149100C4A11800B48008858
:1011C000C82802DB0020094908803EBDBA0800207B
:1011D000FD0000202C0300202E0300200603002029
:1011E000100300200C030020080300200801002049
:1011F00000B52DED028B83B0FD48FE49097830F82B
:101200001100E8BB26F03AFB2CF07AFBFA4890ED8F
:10121000000AFA4880ED020AF9480088052190FB8F
:10122000F1F1F848F34A127840F82210F34890EDB3
:10123000000AF548D0ED000A30EE200A8DED000AD4
:10124000EE4890ED010AF048D0ED200A30EE200A79
:101250008DED010AE94890ED020A8DED020ADDEDFF
:10126000021AB0EE611ADDED011AF0EE610ADDED51
:10127000001AB0EE610A0121084609F077FE00E08D
:101280000CE00120DA49DB4A127821F81200002034
:10129000DE49D84A127841F822005AE2D448D549AA
:1012A000097830F81100012871D126F0E7FAD74803
:1012B000D049097850F8210005282BD2D44890ED68
:1012C000011AF0EE410A90ED001AB0EE410A29F041
:1012D00061FEB0EE408AB1EE040AB4EEC08AF1EECF
:1012E00010FA0BD8C948C349097850F82100401CAE
:1012F000C649C04A127841F822000AE0C348BD49F5
:10130000097850F821004008C049BA4A127841F8DB
:1013100022001EE2B94890ED000ABB48D0ED010A58
:1013200030EE200A8DED000AB44890ED010AB6486F
:10133000D0ED210A30EE200A8DED010AAF4890ED84
:10134000020A8DED020ADDED021AB0EE611ADDED42
:10135000011AF0EE610ADDED001AB0EE610A01211A
:10136000084609F003FEA248A249097830F81100A6
:10137000401C81B29E489F4A127820F8121000212A
:10138000A2489C4A127840F82210E2E1FFE7984810
:101390009849097830F811001F287DDA26F06EFA96
:1013A0009A489449097850F8210005282BD298488A
:1013B00090ED011AF0EE410A90ED001AB0EE410AEC
:1013C00029F0E8FDB0EE408AB1EE040AB4EEC08A1E
:1013D000F1EE10FA0BD88D488649097850F82100B3
:1013E000401C8A49834A127841F822000AE0874863
:1013F0008049097850F82100410884487D4A1278D4
:1014000040F82210A5E17A487A49097830F81100AD
:101410007B4931F81000052190FBF1F07949754ABC
:10142000127841F82200754890ED000A7048714921
:10143000097830F81100744901EB8000D0ED000A02
:1014400030EE200A8DED000A6C4890ED010A6848E4
:101450006849097830F811106B48803000EB810042
:10146000D0ED000A30EE200A8DED010A634890EDC0
:10147000020A8DED020ADDED021AB0EE611ADDED11
:10148000011AF0EE610ADDED001AB0EE610A0121E9
:10149000084609F06BFD00E019E055485549097808
:1014A00030F81100401C5249524A127821F81200BB
:1014B000002056494F4A127841F822005548B0F8AA
:1014C000560001289ED154498870088041E148485F
:1014D0004849097830F811001F2855D126F0CEF977
:1014E0004A484449097850F8210005282BD2484839
:1014F00090ED011AF0EE410A90ED001AB0EE410AAB
:1015000029F048FDB0EE408AB1EE040AB4EEC08A7C
:10151000F1EE10FA0BD83D483649097850F8210011
:10152000401C3A49334A127841F822000AE0374811
:101530003049097850F82100400834492D4A127882
:1015400041F8220005E1C8202E492A4A127841F8C4
:10155000220027482749097830F81100401C81B241
:101560002348244A127820F8121000202749214AE3
:10157000127841F822002748B0F856000128A5D17A
:10158000254988700880E4E019481A49097830F83C
:101590001100202870D126F071F91A4815490978F0
:1015A00050F8210050B117481249097850F821002D
:1015B000401E14490F4A127841F8220011480D4983
:1015C000097850F82100002854D10D48C08F05211A
:1015D00090FBF1F00B49074A127841F822000748C6
:1015E00090ED000A0848D0ED1F0A30EE200A15E001
:1015F000706D00209D100020084C00202C700020F1
:10160000201000209C6E002060730020D46D00200C
:10161000A00D00207C6300205C3F00208DED000ABF
:101620004E4890ED010A4E48D0ED3F0A30EE200AB8
:101630008DED010A494890ED020A8DED020ADDEDBB
:10164000021AB0EE611ADDED011AF0EE610ADDED6D
:10165000001AB0EE610A0121084609F087FC4148F2
:101660004149097830F81100401C3E493E4A127841
:1016700021F812006DE0FFE73A483B49097830F85D
:101680001100212847D126F0F9F838483649097861
:1016900050F8210005282BD2354890ED011AF0EEC4
:1016A000410A90ED001AB0EE410A29F073FCB0EE49
:1016B000408AB1EE040AB4EEC08AF1EE10FA0BD8FB
:1016C0002A482949097850F82100401C2749264A10
:1016D000127841F822000AE024482349097850F89A
:1016E000210041082148204A127840F8221030E0B9
:1016F0001C481D49097830F81100401C81B2194876
:10170000194A127820F8121000201849164A127847
:1017100041F822001DE013481349097830F8110000
:10172000222814D10020134981F83000124890ED8E
:10173000260A084680ED060A002014F0B1FBFBEEF5
:101740000E0A9FED0E0A022006F06AFF01E026F065
:1017500095F803B0BDEC028B00BD00002C7000209A
:1017600060730020706D00209D100020D46D00205B
:10177000A00D0020F4620020B02600200000000030
:1017800000202E49097901292BD12D4991ED000A1C
:101790002C4981ED000A13200AE0294991ED000A45
:1017A0002849243101EB800181ED000A411E88B2F5
:1017B0000028F2DC224991ED000A224981ED090A54
:1017C0001F4991ED000A204981EDFD0A1C4991ED68
:1017D000000A1E4981ED000A9FED1D0A81ED030AF2
:1017E0002AE01C4991ED150A164981ED000A1320E3
:1017F0000AE0184991ED150A1249243101EB8001E4
:1018000081ED000A411E88B20028F2DC114991EDF9
:10181000150A0C4981ED090A094991ED000A0A49A6
:1018200081EDFD0A0B4991ED150A084981ED000A89
:101830009FED070A81ED030A70470000F80A0020B7
:10184000B8030020084C0020985400202C4F0020A2
:10185000000000000028002070B52DED028B04462A
:1018600094ED050AF94880ED010A94ED040A80ED33
:10187000550AF74890ED180AF648D0ED000A30EE08
:10188000600AF24880ED560AF14890ED170AF248D6
:10189000D0ED000A30EE600AEC4880ED020A9FEDC0
:1018A000EF0A00F5A87015F053FA9FEDEC0AE7482F
:1018B00015F04EFAE54890ED0C0A80ED2B0A90EDFC
:1018C000600A80ED7F0A94F83000062834D2DFE801
:1018D00000F00334A4F3F2F194ED060AB5EEC00A69
:1018E000F1EE10FA1FD1D94890EDA90AB5EEC00A61
:1018F000F1EE10FA05D1D64890ED190AD34880EDE3
:10190000A90AD34890ED190AD04880EDAA0A9FEDA4
:10191000D30A00F5287015F0F7FECC4890EDB40A14
:1019200080EDD30A08E09FEDCE0AC84880EDA90AF1
:1019300094ED060A80EDD30AD8E194F8310001282D
:1019400025D1D4ED060AB0EE600AB5EEC00AF1EE7C
:1019500010FA05D2DFEDC30A70EE200AB0EE600A7D
:10196000DFEDC00AB4EEE00AF1EE10FA05DDDFEDBE
:10197000BD0A70EE600AB0EE600AB44880EDA90AB4
:10198000002084F83100E08584F8320000BF94F82C
:10199000320028BBAD4890EDAB0AB5EEC00AF1EEBF
:1019A00010FA02DD90EDAB0A04E0A84890EDAB0A16
:1019B000B1EE400AF0EE080AB4EEE00AF1EE10FAD9
:1019C00003D2E08D401CE08504E0E08D00EBD07197
:1019D0004910E185E08DC82802DB012084F832003F
:1019E0009B4890ED190A994880EDAA0A9FED9B0A41
:1019F00000F5287015F088FE9448D0EDB40AB0EEDA
:101A0000600AB3EE091AFBEE090A25F053FFB0EEA7
:101A1000408A8E4880EDD38A68E194F8310001282D
:101A20002AD18B48D0ED190A94ED061A70EEC10A3E
:101A3000B0EE600AB5EEC00AF1EE10FA05D2DFEDA5
:101A4000890A70EE200AB0EE600ADFED860AB4EE75
:101A5000E00AF1EE10FA05DDDFED820A70EE600AB1
:101A6000B0EE600A794880EDA90A002084F83100C0
:101A7000E08584F8320000BF94F8320040BB734820
:101A800090EDAB0AB5EEC00AF1EE10FA02DD90ED72
:101A9000AB0A04E06D4890EDAB0AB1EE400AF0EEFF
:101AA000080AB4EEE00AF1EE10FA06D2E08D401C0E
:101AB000E08507E0E4E09DE027E0E08D00EBD071F9
:101AC0004910E185E08DC82802DB012084F832004E
:101AD0005F4890ED190A5D4880EDAA0A9FED5F0A04
:101AE00000F5287015F010FE5848D0EDB40AB0EE9D
:101AF000600AB3EE091AFBEE090A25F0DBFEB0EE30
:101B0000408A524880EDD38AF0E094F831000128F1
:101B10002AD14F48D0ED190A94ED061A70EE810AC9
:101B2000B0EE600AB5EEC00AF1EE10FA05D2DFEDB4
:101B30004D0A70EE200AB0EE600ADFED4A0AB4EEFC
:101B4000E00AF1EE10FA05DDDFED460A70EE600AFC
:101B5000B0EE600A3D4880EDA90A002084F831000B
:101B6000E08584F8320000BF94F8320028BB374883
:101B700090EDAB0AB5EEC00AF1EE10FA02DD90ED81
:101B8000AB0A04E0314890EDAB0AB1EE400AF0EE4A
:101B9000080AB4EEE00AF1EE10FA03D2E08D401C20
:101BA000E08504E0E08D00EBD0714910E185E08D27
:101BB000C82802DB012084F83200254890ED190A7C
:101BC000224880EDAA0A9FED250A00F5287015F03D
:101BD0009BFD1E48D0EDB40AB0EE600AB3EE091AC0
:101BE000FBEE090A25F066FEB0EE408A174880ED4C
:101BF000D38A7BE028F026FA054694F831000128C4
:101C000018D1D4ED060AF1EE600AB0EE600AB3EE28
:101C1000091AFBEE090A25F04DFEB0EE408A0B488A
:101C200080EDD38A002084F83100E08584F832000A
:101C3000656300BF94F83200B0B9616B681AA16B9C
:101C4000814202D8012184F8321018E09854002013
:101C500074280020500100204C0100200AD7A33B2B
:101C6000000000000000B4431FED030A214880ED8E
:101C7000D30A214890ED190A1E4880EDA90A35E0E3
:101C800028F0E0F9054694F83100012816D1D4ED8A
:101C9000060AB0EE600AB3EE091AFBEE090A25F057
:101CA00009FEB0EE408A134880EDD38A002084F804
:101CB0003100E08584F83200656300BF94F832009B
:101CC00040B9616B681AA16B814202D8012184F886
:101CD00032100AE01FED1E0A064880EDD30A0648BE
:101CE00090ED190A034880EDA90A00BF00BFBDECC2
:101CF000028B70BD985400207428002010B5034852
:101D0000FFF7AAFD08F034FC10BD0000F4620020CB
:101D100010B50446207821286FD2DFE800F0111EAC
:101D2000324650646F7684878A8D9BA8ABAEBBC861
:101D3000CBCECFD0D1D2D3D4D5D6D76ED8D9F80088
:101D400012F060F900208C4981F830008B4890ED4A
:101D5000260A084680ED060A0CE101F005F900208C
:101D6000854981F83000854890ED260A084680EDC7
:101D7000060ADFED830A9FED820A002006F050FC80
:101D8000F8E01FF079FC00207B4981F830007B48A7
:101D900090ED260A084680ED060ADFED790A9FEDF0
:101DA000780A002006F03CFCE4E01DF027FBDFEDA4
:101DB000740A9FED730A002006F032FCDAE006F0A8
:101DC000DBFE00206C4981F830006C4890ED260A5B
:101DD000084680ED060ADFED6A0A9FED690A0020D9
:101DE00006F01EFCC6E006F059FFDFED650A9FED28
:101DF000640A002006F014FCBCE09DE014230F22CE
:101E00000A21052029F036FAB4E05E48008800EE89
:101E1000100AB8EE400A00F0BBF8012802D1207881
:101E2000401E2070A6E025F0C3FEA3E025F0CAFF07
:101E3000A0E026F08DF99DE05248008800EE100ADF
:101E4000B8EE400A00F0A4F8012802D12078401C26
:101E500020708FE04C48008830B907204A4908803C
:101E6000087800211CF02CFCFFF7C2F982E02AF070
:101E700025F87FE025F002FD7CE04348008830B97A
:101E8000102041490880087800211CF019FC02F05C
:101E900059FC6FE03C48008830B910203A4908806E
:101EA000087800211CF00CFC03F0E6FF62E003F070
:101EB00009FB5FE02BF0C0FB00BF00BF00BF00BF0D
:101EC00000BF00BF00BF00BF00BF00BF00BF00BF1A
:101ED0002A4890ED240A284880ED040A274890ED0E
:101EE000250A254880ED050A0020234981F83000A5
:101EF000224890ED260A084680ED060ADFED200A0A
:101F00009FED1F0A002006F08BFB33E0FFE7002067
:101F100013F0E6FE0020184981F83000174890EDD4
:101F2000260A084680ED060ADFED180A9FED140A1E
:101F3000022006F075FB1DE0104890ED240A0E48C3
:101F400080ED040A0D4890ED250A0B4880ED050A46
:101F50000020094981F83000084890ED260A08461B
:101F600080ED060ADFED060A9FED050A002006F067
:101F700057FB00BF00BF10BDF4620020B026002058
:101F800000000000600100209C0F0020000048C2FB
:101F900000B52DED028B83B0B0EE408A25F06EFCCB
:101FA00043484449097830F81100E8BB0020424911
:101FB0000880424890ED010A414880ED000A3F4800
:101FC00090ED020A3E4880ED010A3E4890ED000A7D
:101FD0003B4880ED020A90ED000A8DED000A90ED7D
:101FE000010A8DED010A90ED020A30EE080A8DED2E
:101FF000020ADDED021AB0EE611ADDED011AF0EE13
:10200000610ADDED001AB0EE610A0121084608F010
:10201000ADFF01202649274A127821F8120000203E
:1020200003B0BDEC028B00BDFFE7214821490978D0
:1020300030F81100012839D123481E49097850F899
:102040002100B0F5C87F2FD2204890EDFF0AB5EEF1
:10205000C00AF1EE10FA02DD90EDFF0A04E01B4821
:1020600090EDFF0AB1EE400AF2EE040AB4EEE00A87
:10207000F1EE10FA0BD814480E49097850F82100F7
:10208000401C11490B4A127841F822000AE00E4820
:102090000849097850F8210040080B49054A127890
:1020A00041F822000020BBE70120B9E70020B7E794
:1020B000706D0020C01000203003002084690020D3
:1020C0002C700020084C0020D46D00209854002073
:1020D0001E480088401C1D49088008460088C82802
:1020E00033DB002008801A48008800EE100AF8EE62
:1020F000400A9FED181A80EE810A1748D0ED000AB9
:10210000B4EEE00AF1EE10FA05DD14480088401C38
:102110001249088006E01149088800EBD071491087
:102120000E4A11800D4800880A280EDBC8200C4991
:102130004861B5EE000A084680ED060A0120887065
:102140000520088000200549088070471A040020F7
:102150006401002000007A440C04002010040020D8
:10216000943F002010B505481DF0A4FF0E2104483F
:1021700006F0FCFF1AF062FF10BD0000050800F039
:102180000050024010B504462088012803DB208857
:10219000401E208004E0217C0022E06807F031F836
:1021A000208810B9A07C01282AD12089401C2081D8
:1021B000208900EB80006188884201DB00202081BB
:1021C000608800EE100AB8EE400AD4ED010A60EE15
:1021D000200A208900EB800000EE100AB8EEC00A49
:1021E000F4EEC00AF1EE10FA05DB227CD1B2E06811
:1021F00007F007F804E0217C0022E06807F001F80E
:1022000010BDF0B505AC70CC00EE901AF8EE600A87
:10221000B1EE041AC0EE811AFCEEE10A10EE907ADB
:102220000780428080ED010A0381C46005828674C4
:10223000F0BD000010B504464CB95848FFF7A2FFA6
:102240005748FFF79FFF5748FFF79CFFA4E0012C7A
:102250005CD15548007848B95148FFF793FF4F4883
:1022600006F0D4FF4F4806F0D1FF95E04E480078C5
:10227000012809D14A48FFF785FF484806F0C6FF04
:10228000484806F0C3FF87E047480078022809D194
:102290004348FFF777FF414806F0B8FF414806F092
:1022A000B5FF79E040480078032809D13C48FFF7A2
:1022B00069FF3A4806F0AAFF3A4806F0A7FF6BE02C
:1022C00039480078042809D13548FFF75BFF3348C7
:1022D00006F09CFF334806F099FF5DE03248007835
:1022E000052809D12E48FFF74DFF2C4806F08EFF38
:1022F0002C4806F08BFF4FE02848FFF743FF2848A3
:10230000FFF740FF2748FFF73DFF45E0022C32D1A1
:102310002648007848B92248FFF734FF1F4806F0E6
:1023200075FF204806F072FF36E02048007801284B
:1023300009D11B48FFF726FF184806F067FF194828
:1023400006F064FF28E019480078022809D11448F3
:10235000FFF718FF114806F059FF124806F056FF24
:102360001AE00E48FFF70EFF0D48FFF70BFF0D4870
:10237000FFF708FF10E0032C0ED1002202210C48C9
:1023800006F03FFF00220421094806F03AFF002230
:102390000821074806F035FF10BD00007418002022
:1023A000881800209C180020FD0000201C0100203F
:1023B0000050024010B51248F1EE040A9FED110AD8
:1023C0001DF0FEFA1048F0EE000A9FED0E0A1DF017
:1023D000F7FA0E48F2EE040A9FED0D0A1DF0F0FA2E
:1023E0000C48F0EE000AB3EE040A1DF0E9FA0A48C0
:1023F000F7EE080AB3EE040A1DF0E2FA10BD000081
:10240000C418002000004843DC180020F418002005
:10241000000048420C1900202419002010B5435C2C
:10242000084C23704B1CC35C63708B1CC35CA37093
:10243000CB1CC35CE370234693ED000A82ED000AD7
:1024400010BD00006009002070B503460C4615461B
:1024500000204DE0461C31B246E000EB400604EBA4
:10246000C60606EB8106D6ED000A00EB400604EB3B
:10247000C60606EB800696ED001A80EE810AB5EEE0
:10248000C00AF1EE10FA2DD003EB8106D6ED000A5A
:1024900003EB800696ED001A40EE410A03EB81063D
:1024A000C6ED000A0A461BE002EB420604EBC60634
:1024B00006EB8106D6ED000A02EB420604EBC606E7
:1024C00006EB800696ED001A40EE410A02EB42064A
:1024D00004EBC60606EB8106C6ED000A561C32B2B6
:1024E000062AE1DB4E1C31B20629B6DB461C30B2AF
:1024F0000628AFDB052045E000EB400604EBC606EE
:1025000006EB8006D6ED000A03EB800696ED001A76
:10251000C1EE201A03EB8006C6ED001AF7EE000AA2
:1025200000EB400604EBC60606EB8006C6ED000A8B
:10253000002123E000EB400604EBC60606EB810613
:10254000D6ED000AB0EE600A03EB8106D6ED000A74
:1025500003EB800696ED001A40EE410A03EB81067C
:10256000C6ED000ADFED100A00EB400604EBC606DC
:1025700006EB8106C6ED000A4E1C31B28142D9DB62
:10258000461E30B20028B7DA002009E003EB8006CF
:10259000D6ED000A05EB8006C6ED000A461C30B2F7
:1025A0000628F3DB70BD00000000000010B50246F5
:1025B0000B46002017E09FED0D0A02EB800484ED2E
:1025C000000A00210BE09FED090A00EB400403EB39
:1025D000C40404EB810484ED000A4C1C21B20629DA
:1025E000F1DB441C20B20628E5DB10BD0000000032
:1025F000F0B586B004460D46F7EE001AB0EE611A4B
:10260000002035E0C61C02EB8606D6ED000A03EB7F
:102610008006D6ED001A02EB800696ED002A31EE18
:10262000C20A60EEA01A21EE802AF0EE411A42EEB4
:10263000401AB0EE611AF0EE001A60EEA11A61EED7
:10264000A01A61EE801A6E4606EB8006C6ED001AEF
:10265000F8EE001A60EEA11A61EE801A61EE801A9F
:10266000C61C6F4607EB8606C6ED001A461C30B244
:102670000328C7DB002032E004EB8006D6ED001A09
:102680006E4606EB800696ED002A42EE011A04EB38
:102690008006C6ED001A00211DE000EB400605EBA8
:1026A000C60606EB8106D6ED001A6E4606EB8006DE
:1026B00096ED002A6E4606EB8106D6ED002A42EE24
:1026C000221A00EB400605EBC60606EB8106C6EDB6
:1026D000001A4E1C31B20629DFDB461C30B2062838
:1026E000CADB06B0F0BD00002DE9F0432DED028BF2
:1026F000B9B007460E4614464FF000089FED9F0AFA
:10270000B0EE408A9FED9E0AF0EE408A002036909F
:1027100037903890182130A8FDF710FF18212AA80B
:10272000FDF70CFF182124A8FDF708FF902168464B
:10273000FDF704FF4FF001099FED920A8DED320A7B
:102740008DED310A8DED300A9FED8F0A8DED350A42
:102750008DED340A8DED330A7FE008F101000FFAA8
:1027600080F8694624A8FFF721FF00251FE005EB4C
:10277000450007EB800090ED000A8DED360A05EB71
:10278000450007EB800090ED010A8DED370A05EB5F
:10279000450007EB800090ED020A8DED380A36AB5C
:1027A00030AA694624A8FFF723FF681C05B2062D4E
:1027B000DDDB2AAA694624A8FFF746FE9DED2D0A17
:1027C00020EE000ADDED330A20EEA01AC0EE010A69
:1027D0009DED2A0A20EE000A30EE000A9DED2B1A2C
:1027E000DDED2B1A01EE210A9DED2C1ADDED2C1AE0
:1027F00001EE210A30EE800ADDED2E0A60EEA00A1D
:102800009DED341A21EE011AC0EE811A70EE210AF4
:102810009DED2F0A20EE000A9DED351A21EE011ADA
:10282000C0EE011A30EEA10AF0EE408A002512E057
:1028300030A800EB850090ED000A2AA800EB850087
:10284000D0ED000A30EE600A30A800EB850080ED84
:10285000000A681C05B2062DEADBB8F1140F05DA90
:10286000F4EEC88AF1EE10FA3FF777AF9DED330A28
:10287000DFED460A20EE200A84ED000A9DED340AC1
:10288000DFED420A20EE200A84ED010A9DED350AB3
:10289000DFED3E0A20EE200A84ED020A9DED300AAB
:1028A000D4ED000A20EE200A86ED000A9DED310AE3
:1028B000D4ED010A20EE200A86ED010A9DED320AD0
:1028C000D4ED020A20EE200A86ED020A94ED000AF9
:1028D000F7EE000A30EE600AB0EEC00ADFED2C0A17
:1028E000B4EEE00AF1EE10FA1DDC94ED010AF7EE09
:1028F000000A30EE600AB0EEC00ADFED250AB4EE41
:10290000E00AF1EE10FA0EDC94ED020AF7EE000A8E
:1029100030EE600AB0EEC00ADFED1D0AB4EEE00A48
:10292000F1EE10FA01DD4FF0000996ED000AB0EE6D
:10293000C00AF1EE040AB4EEE00AF1EE10FA15DC7A
:1029400096ED010AB0EEC00AF1EE040AB4EEE00A18
:10295000F1EE10FA0ADC96ED020AB0EEC00AF1EED2
:10296000040AB4EEE00AF1EE10FA01DD4FF00009BE
:10297000484639B0BDEC028BBDE8F0835F7089300A
:102980000000C842000000007FD6D03D0AE81C418C
:10299000CDCC4C3E10B506480088012800D110BDB2
:1029A000FEF774F90CF056FD04F096FA00BFF6E756
:1029B0002403002010B509480078401C074908701E
:1029C00008460078042804DB01F0C6FC0020034917
:1029D00008701EF05DFF01F0FBF910BD460E0020EF
:1029E0002DE9FF470546002403A9284621F0E3F816
:1029F000044695F87C9340F27F30465D34B902ABD3
:102A000001AA6946284620F05BFF04461CB9284607
:102A100022F056FD04462CB94FF4FA71284620F0F6
:102A20004AFA044644B9D5F814804346324649462A
:102A300028461CF0E1FE044644B928469DE80E00F5
:102A400022F0F1FC04460CB90298286124B903A9CC
:102A5000284622F010FD044634B9AF7806223946E4
:102A6000284621F0D9FD044614B940F27E3046557F
:102A7000204604B0BDE8F087002009490978012903
:102A800001D140F0010007490978012901D140F046
:102A9000020005490978012901D140F0040070477E
:102AA00080020020FE0000201401002010B52DED52
:102AB000028B86B0142101A8FDF740FD9FED780A36
:102AC000B0EE408A002077490870774908700024EA
:102AD00001201FE000EB4001744A02EB0111C9899B
:102AE000B1B170490978491C6E4A117000EB400180
:102AF0006E4A02EB011191ED060A2146621CD4B226
:102B000001AA02EB810181ED000A0121664A1170E0
:102B1000411CC8B20528DDDB654890ED040AB5EE1E
:102B2000C00AF1EE10FA1BDD90ED040ADFED610A38
:102B3000B4EEE00AF1EE10FA12D25A480078401CC6
:102B4000584908705A4890ED040A2046611CCCB2DE
:102B500001A901EB800080ED000A012052490870B4
:102B60005048007828B99FED530A534880ED000A79
:102B700092E04C480078012805D19DED010A4E48AD
:102B800080ED000A88E04748007802280DD19DEDCD
:102B9000021AF0EE410A9DED011AB0EE410A23F04F
:102BA00007FF454880ED000A76E03E48007803289C
:102BB00019D19DED021AF0EE410A9DED011AB0EE19
:102BC000410A23F0F5FEB0EE408A9DED030AF0EED7
:102BD000400AB0EE480A23F0EBFEB0EE408A3648D9
:102BE00080ED008A58E02F480078042823D19DED1D
:102BF000021AF0EE410A9DED011AB0EE410A23F0EF
:102C0000D7FEB0EE408A9DED030AF0EE400AB0EE2A
:102C1000480A23F0CDFEB0EE408A9DED040AF0EEA6
:102C2000400AB0EE480A23F0C3FEB0EE408A2248C4
:102C300080ED008A30E01B48007805282CD19DEDFE
:102C4000021AF0EE410A9DED011AB0EE410A23F09E
:102C5000AFFEB0EE408A9DED030AF0EE400AB0EE02
:102C6000480A23F0A5FEB0EE408A9DED040AF0EE7E
:102C7000400AB0EE480A23F09BFEB0EE408A9DED7C
:102C8000050AF0EE400AB0EE480A23F091FEB0EEDD
:102C9000408A094880ED008A06B0BDEC028B10BD69
:102CA00000000000EC090020ED090020283D002074
:102CB0008840002000004843E809002010B5014684
:102CC000002001EBC1026E4B13F8222001EBC1037F
:102CD0006B4C04EB83035B781A4001EBC10304EBFC
:102CE00083039B781A4001EBC10304EB8303DB7879
:102CF0001A4001EBC10304EB83031B791A4001EB7B
:102D0000C10304EB83035B791A4001EBC10304EBBD
:102D100083039B791A4001EBC10304EB8303DB7946
:102D20001A4001EBC10304EB83031B7A1A4001EB49
:102D3000C10304EB83035B7A1A4001EBC10304EB8C
:102D400083039B7A1A4001EBC10304EB8303DB7A14
:102D50001A4001EBC10304EB83031B7B1A4001EB18
:102D6000C10304EB83035B7B1A4001EBC10304EB5B
:102D700083039B7B1A4001EBC10304EB8303DB7BE2
:102D80001A4001EBC10304EB83031B7C1A4001EBE7
:102D9000C10304EB83035B7C1A4001EBC10304EB2A
:102DA00083039B7C1A4001EBC10304EB8303DB7CB0
:102DB0001A4001EBC10304EB83031B7D1A4001EBB6
:102DC000C10304EB83035B7D1A4001EBC10304EBF9
:102DD00083039B7D1A4001EBC10304EB8303DB7D7E
:102DE0001A4001EBC10304EB83031B7E1A4001EB85
:102DF000C10304EB83035B7E1A4001EBC10304EBC8
:102E000083039B7E1A4001EBC10304EB8303DB7E4B
:102E10001A4001EBC10304EB83031B7F1A4001EB53
:102E2000C10304EB83035B7F1A4001EBC10304EB96
:102E300083039B7F1A4001EBC10304EB8303DB7F19
:102E40001A4001EBC10304EB830393F820301A40CE
:102E500001EBC10304EB830393F821301A4001EB2B
:102E6000C10304EB830393F822301A4001EBC10342
:102E700004EB830393F823301A4002B1012010BD04
:102E80006817002070B52DED0E8B0546B0EE408A18
:102E900000245DE004EB4400400000EE100AB8EEB0
:102EA000C00ADFED2E0A20EE200A10EE101A0846A6
:102EB0002BF0C4FC41EC1E0BB0EE4E0AF0EE6E0A95
:102EC00023F032FCB0EE40CAF0EE60CA18EE100AF1
:102ED0002BF0B4FC53EC1C2B2BF0BAF941EC1A0B81
:102EE00018EE100A2BF0AAFC53EC1A2B2BF0BCFBAB
:102EF0002AF0ACFE1A4941F8240004EB44004000DB
:102F000000EE100AB8EEC00ADFED140A20EE200A27
:102F100010EE101A08462BF091FC41EC1C0BB0EEA1
:102F20004C0AF0EE6C0A23F067FDB0EE40AAF0EE1A
:102F300060AA18EE100A2BF081FC53EC1A2B2BF030
:102F400087F92AF083FE074941F82400601C84B207
:102F5000681C84429EDBBDEC0E8B70BD35FA8E3C46
:102F6000387000202C71002010B53A480088401CB1
:102F7000384908800846008814284CDB0020088067
:102F8000354890F85900012842D134490870002092
:102F900033490870304981F859009FED320A3248B0
:102FA00080ED010A084690ED170A2F4880ED020ACD
:102FB000084690F856109FED2D0A2B4814F058FA49
:102FC0009FED280A2848A83080ED010A224890ED9C
:102FD000180A2548A83080ED020A1F4890F85610BC
:102FE0009FED220A2048A83014F042FA1E4890EDC6
:102FF0000C0AB1EE400A1E4880ED000A1A48A830BB
:1030000090ED0C0AB1EE400A194880ED010A02E089
:1030100001201349087012480078012812D10F4886
:103020000078012806D102200C490870012012F016
:1030300037FF0EE00948007802280AD1002012F07C
:103040002FFF06E00A48D0ED010A90ED000A13F0C8
:103050008FFB10BDE80D00207C630020E70D0020F1
:10306000EA0D002000000000C05F0020CDCCCC3D68
:10307000B00D002023480088401C224908800846E3
:10308000008828283DDB002008801F4890ED090AB1
:10309000D0ED060AB4EE600AF1EE10FA1ED190ED02
:1030A0000A0AD0ED070AB4EE600AF1EE10FA15D163
:1030B00090ED0B0AD0ED080AB4EE600AF1EE10FABA
:1030C0000CD112480088401C10490880084600882E
:1030D0000A2810DD00200E4988700CE00B49088892
:1030E00000EBD0714910094A11801046008810B9D0
:1030F0000120074988700448034618330ECB24305A
:103100000EC07047160A002000280020120A002076
:10311000F80A002010B508F001F80A2001F00CFBB5
:103120000A211E201CF0A6FD1249087008460078EE
:10313000482811D103200870782200211E201CF09D
:10314000ABFD202201211E201CF0A6FD0022022141
:103150001E201CF0A1FD04E015F056FB01200549DE
:1031600008700548F3EE020A9FED040A1CF028FCE3
:1031700010BD00000E0A0020E024002000002042C4
:1031800010B52DED048B82B0044680480088401CA9
:103190007E4908800846008801287DD008460088BE
:1031A00000EE100AB8EE400AF1EE000AB4EEE00AB2
:1031B000F1EE10FA70DB76480078012857D1002133
:1031C0000D201CF057FD8DF8000001210D201CF092
:1031D00051FD8DF8010002210D201CF04BFD8DF8F2
:1031E000020003210D201CF045FD8DF80300042191
:1031F0000D201CF03FFD8DF8040005210D201CF072
:1032000039FD8DF805009DF800009DF8011040EA99
:10321000012000B200EE100AB8EEC00ADFED5D0A30
:1032200080EE201A84ED001A9DF802009DF803102C
:1032300040EA012000B200EE100AB8EEC00ADFED4D
:10324000550A80EE201A84ED011A9DF804009DF8BD
:10325000051040EA012000B200EE100AB8EEC00AE4
:10326000DFED4C0A80EE201A84ED021A83E0032180
:103270001E201CF0FFFC8DF8000004211E201CF015
:10328000F9FC8DF8010005211E201CF0F3FC8DF8DF
:10329000020006211E2000E075E01CF0EBFC8DF81A
:1032A000030007211E201CF0E5FC8DF80400082116
:1032B0001E201CF0DFFC8DF805009DF801009DF834
:1032C000001040EA012000EE100AB8EEC00AB0EE8D
:1032D000408A9DF803009DF8021040EA012000EEAC
:1032E000100AB8EEC00AB0EE409A9DF805009DF8AD
:1032F000041040EA012000EE100AB8EEC00AF0EE19
:10330000408A9FED250AB4EEC08AF1EE10FA05DD81
:103310009FED220A38EE400AB0EE408A9FED1E0A69
:10332000F4EEC08AF1EE10FA05DD9FED1C0A38EECE
:10333000C00AF0EE408A9FED180AB4EEC09AF1EE92
:1033400010FA05DD9FED150A39EE400AB0EE409AFD
:103350009FED130AC8EE000AC4ED000A9FED100AA3
:10336000C8EE800AC4ED010A9FED0D0AC9EE000AFD
:10337000C4ED020A00BF002004490880012002B009
:10338000BDEC048B10BD0020F9E70000140A0020FA
:103390000E0A002000803B4500FEFF4600FF7F47ED
:1033A000004088443EB503460C46002017A52D6812
:1033B000029517A52D68019516A52D680095012584
:1033C0001570012C02D0022C04D101E0002103E091
:1033D000012101E0022100BF00BF032B08D0042B14
:1033E00002D0082B0CD107E002AD6D5C15700AE02D
:1033F00001AD6D5C157006E01DF80150157002E01E
:103400006FF0070000BF00BF3EBD000002010300D7
:1034100007060800242526002DE9F04F06460F4632
:1034200013464FF496784FF01E09DFF884C0DFF89A
:1034300084A041F69A1B0EB9002037E0072F01D176
:10344000322033E0B3F93CE0C64502DA4FEA0941E5
:1034500003E0B3F93CE00EFB0BF181B1B3F838E0C7
:103460000EFB0AF202EB5102B2FBF1F212046245CA
:1034700002D8ACEB020404E04FF4481401E04FF42E
:10348000C804C4F30745642D02DD4FF0640E00E06C
:10349000AE46BEF1320F06DD642D02DD4FF0640E44
:1034A00003E0AE4601E04FF0320E7046BDE8F08F0B
:1034B00033B37500CDCC300010B52DED0E8B044626
:1034C000684890ED130AB0EE408A90ED140AF0EED1
:1034D000408A90ED150AB0EE409A90ED160AF0EE93
:1034E000409A28EE890AB0EE40CA28EE290AF0EE8A
:1034F00040CA28EEA90AB0EE40DA28EE090AF0EE3A
:1035000040DA29EE290AB0EE40EA28EE280AF0EE69
:1035100040EA28EE080AB0EE40AA28EEA80AF0EE2B
:1035200040AA29EE090AB0EE40BA29EEA90AF0EE47
:1035300040BA3AEE2A0A30EE4B0A30EE6B0A84EDBE
:10354000000A3CEE6C0AF0EE000A20EE200A84ED40
:10355000010A3DEE2D0AF0EE000A20EE200A84ED6D
:10356000020A3CEE2C0AF0EE000A20EE200A84ED5E
:10357000030A3AEE6A0A30EE0B0A30EE6B0A84ED6B
:10358000040A3EEE6E0AF0EE000A20EE200A84EDF8
:10359000050A3DEE6D0AF0EE000A20EE200A84EDE9
:1035A000060A3EEE2E0AF0EE000A20EE200A84ED16
:1035B000070A3AEE6A0A30EE4B0A30EE2B0A84ED27
:1035C000080AD0ED170A9FED281A60EE810AB0EEC6
:1035D000600A04F019FE234880ED0A0AD0ED170AAC
:1035E0009FED211A60EE810AB0EE600A04F080FBC4
:1035F0001C4880ED0D0AD0ED180A9FED1B1A60EEF5
:10360000810AB0EE600A04F0FFFD164880ED090A59
:10361000D0ED180A9FED141A60EE810AB0EE600A30
:1036200004F066FB0F4880ED0C0AD0ED190A9FEDFF
:103630000E1A60EE810AB0EE600A04F0E5FD09485A
:1036400080ED0B0AD0ED190A9FED071A60EE810A92
:10365000B0EE600A04F04CFB024880ED0E0ABDECAF
:103660000E8B10BD7428002035FA8E3CF8B564200E
:1036700024F075F94FF4A176AA2028F077FCAB204E
:1036800028F074FC3949087828F070FC37494878EC
:1036900028F06CFC3549887828F068FC3349C878F4
:1036A00028F064FC31490978304A527851402F4A59
:1036B000927851402D4AD27881EA020028F056FCD7
:1036C00000254FF6FF702A49088017E009E02848D6
:1036D0000088401E264908800846008808B9002056
:1036E000F8BD24481EF0F9FA0028F0D021481EF059
:1036F000E3FAC2B228466D1C0DF80020032DE5DB6D
:1037000000242CE0BB2028F031FCDC2028F02EFC2B
:103710001949085D28F02AFC174A611C505C28F002
:1037200025FC1549095D81F0DC01134B621C9A5C94
:1037300081EA020028F01AFC00250DE000BF0D48C8
:103740001EF0CBFA0028FAD00A481EF0B5FAC2B231
:1037500028466D1C0DF80020032DEFDBA41CB4429D
:10376000D0D3DD2028F002FC0120B9E7A805030032
:10377000CA02002000E00040AC05030070B504461A
:1037800015481CF097FC15481CF094FC012005F02E
:10379000A1FC40F2014005F09DFC03214FF04020C8
:1037A00005F020FD1CF05AFB054660232246294601
:1037B0000B481EF09BFA0A481EF0D8FA1021084860
:1037C0001EF0DBFA074906481EF0DBFA40211520FF
:1037D00008F0E8FB70BD0000000800F0001800F0E1
:1037E00000C00040011A020070B5044614481CF0E5
:1037F00061FC14481CF05EFC4FF0011005F06AFCFF
:10380000114805F067FC0321104805F0EBFC1CF0A3
:1038100025FB05466023224629460D481EF066FA20
:103820000B481EF0A3FA102109481EF0A6FA094918
:1038300007481EF0A6FA6021162008F0B3FB70BD01
:10384000010800F0011800F00104010000500040E0
:1038500000D00040391A020070B504461B481CF025
:1038600029FC1B481CF026FC1A481B490860081D4F
:10387000006840F08000091D08600020091F0860F2
:10388000164805F027FC164805F024FCC021154811
:1038900005F0A8FC1CF0E2FA054660232246294602
:1038A00011481EF023FA10481EF060FA10210E484D
:1038B0001EF063FA12F06CFD0C490B481EF061FA21
:1038C0008021312008F06EFB70BD0000030800F07D
:1038D000021800F04B434F4C2075004001180300C4
:1038E000011C03000070004000E000406D1A02005F
:1038F00010B515481CF0DEFB14481CF0DBFB144827
:1039000005F0E8FB134805F0E5FBC021124805F07F
:1039100069FC1CF0A3FA044660234FF47A32214676
:103920000E481EF0E3F90D481EF020FA10210B4856
:103930001EF023FA0A4909481EF023FA40214B20C1
:1039400008F030FB10BD0000020800F0031800F082
:1039500001180200011C02000060004000F000405D
:10396000E91A020070B504460D461B4805801B4845
:103970001CF0A0FB1A481CF09DFB1A481A4908606D
:10398000081D006840F08000091D08600020091F24
:103990000860164805F09EFB154805F09BFB30219A
:1039A000144805F01FFC1CF059FA06466023224615
:1039B000314611481EF09AF90F481EF0D7F9102130
:1039C0000D481EF0DAF90D490B481EF0DAF92021F6
:1039D0004E2008F0E7FA70BDEA030020030800F06B
:1039E000061800F04B434F4C2075004001100300B7
:1039F000011403000070004000200140511B020030
:103A000010B577495A2019F062FE7549086820F010
:103A10000041C1F1FF41C90F002970D1704890EDFC
:103A2000000ABCEEC00A10EE100A6E490870084683
:103A3000007801282FD16C481CF03CFB6B481CF02F
:103A400039FB6B4805F046FB6A4805F043FB032150
:103A5000694805F0C7FB1CF001FA044660234FF4E7
:103A60001652214665481EF041F965481AF0F5FDE9
:103A700062481EF07BF9102160481EF07EF9614912
:103A80005E481EF07EF960214F2008F08BFA01207D
:103A90005D490880A2E053480078022830D152489E
:103AA0001CF008FB51481CF005FB514805F012FBC7
:103AB000504805F00FFB03214F4805F093FB1CF025
:103AC000CDF9044660234FF4E13221464B481EF005
:103AD0000DF94B481AF0C1FD48481EF047F9102176
:103AE00046481EF04AF9474944481EF04AF9602109
:103AF0004F2008F057FA0120434908806EE03EE06D
:103B00003848007803282FD137481CF0D3FA3748BB
:103B10001CF0D0FA364805F0DDFA364805F0DAFA3E
:103B20000321354805F05EFB1CF098F9044660233C
:103B30004FF46122214631481EF0D8F830481AF07F
:103B40008CFD2E481EF012F910212C481EF015F99C
:103B50002C492A481EF015F960214F2008F022FA5E
:103B600001202949088039E01E480078042835D111
:103B70002548008890BB25481EF0A4FD2EE01A4879
:103B80001CF098FA19481CF095FA194805F0A2FAA9
:103B9000184805F09FFA0321174805F023FB1CF095
:103BA0005DF9044660234FF41652214613481EF077
:103BB0009DF813481AF051FD10481EF0D7F8102157
:103BC0000E481EF0DAF80F490C481EF0DAF86021B2
:103BD0004F2008F0E7F901200B49088010BD0000D4
:103BE0008C0800208A080020040800F0071800F064
:103BF00001000400010404000040024000300140C4
:103C00001E2F00200D1C0200EC0300202439002090
:103C100010B5044614481CF04DFA14481CF04AFA3A
:103C2000134805F057FA134805F054FA30211248AA
:103C300005F0D8FA052111481EF055F8104A214622
:103C400000201EF0B3F80D481EF090F810210B482C
:103C50001EF093F80B4909481EF093F840214C20C0
:103C600008F0A0F910BD0000020800F0041800F0F0
:103C70000110020001140200006000400000014039
:103C80000024F400211B020070B52DED028BB0EE74
:103C9000408A04460D4694ED030AB5EEC00AF1EEE3
:103CA00010FA33D194ED040AB5EEC00AF1EE10FA21
:103CB0002CD194ED050AB5EEC00AF1EE10FA25D12B
:103CC00094ED000AB5EEC00AF1EE10FA1ED194EDA3
:103CD000010AB5EEC00AF1EE10FA17D194ED020A0E
:103CE000B5EEC00AF1EE10FA10D184ED038A84ED2E
:103CF000048A84ED058A84ED008A84ED018A84EDCE
:103D0000028AB0EE480ABDEC028B70BD84ED028AD7
:103D100095ED030AD4ED020A20EE200AD5ED040A3F
:103D200094ED011A00EE810AD5ED050A94ED001A12
:103D300000EE810AD5ED010A94ED041A00EEC10AE5
:103D4000D5ED020A94ED031A00EEC10A84ED050ACE
:103D500094ED010A84ED000A94ED020A84ED010A53
:103D600094ED040A84ED030A94ED050A84ED040A37
:103D7000002628E004F10C0000EB860090ED000A1C
:103D800010EE101A084622F0AEF801280AD004EB13
:103D9000860090ED000A10EE101A084622F0A3F8F3
:103DA00001280ED184ED038A84ED048A84ED058A0E
:103DB00084ED008A84ED018A84ED028AB0EE480A1F
:103DC000A1E7701C86B2032ED4DB94ED050A9AE7B6
:103DD0003EB527F02DF81DF013FAFE4800880128A3
:103DE0007DD1FD48007801287AD1FC48B0F9000067
:103DF000B0F57A7F15DCFA48B0F90000B0F57A7FAB
:103E00000FDCF848B0F90000B0F57A7F09DCF6481D
:103E1000B0F90000B0F57A7F03DC6420F349088034
:103E200013E0F348007880B90020EA4908800821AF
:103E3000F04A0346B6EE000ACDE900210290C822FE
:103E400040F6B831EC48FEF7DCF9EC480088401C3D
:103E5000EA4908800846008804280BDBE34800880C
:103E6000012804DBE1480088401EE049088000206A
:103E7000E2490880DD480088C0F1640064214843BD
:103E800090FBF1F000F57A7000B2DD490880D74868
:103E90000088C0F164006421484390FBF1F000F514
:103EA0007A7000B2D7490880D0480088C0F1640019
:103EB0006421484390FBF1F000F57A7000B2D249DA
:103EC0000880CA480088C0F164006421484390FB20
:103ED000F1F000F57A7000B2CC49088001E0D1E140
:103EE00006E01CF053FD12F0EFFB12F017F8D7E1DB
:103EF000C748007802287DD1C648008800EE100A25
:103F0000B8EE400AF7EE000A20EE200AC248D0EDD3
:103F10008A0ABFEE001A01EE200AD0ED360AB7EE8B
:103F2000001A01EE200AD0EDDE0ABFEE001A01EE03
:103F3000200ABDEEC00A10EE100A00B2B049088097
:103F4000B448008800EE100AB8EE400AF7EE000A06
:103F500020EE200AB048D0ED8A0AB7EE001A01EE32
:103F6000200AD0ED360ABFEE001A01EE200AD0ED8D
:103F7000DE0ABFEE001A01EE200ABDEEC00A10EE06
:103F8000100A00B29F490880A248008800EE100A7B
:103F9000B8EE400AF7EE000A20EE200A9E48D0ED67
:103FA0008A0AB7EE001A01EE200AD0ED360AB7EE03
:103FB000001A01EE200AD0EDDE0AB7EE001A01EE7B
:103FC000200ABDEEC00A10EE100A00B28E49088029
:103FD0009048008800EE100AB8EE400AF7EE000A9A
:103FE00020EE200A8C48D0ED8A0ABFEE001A01EEBE
:103FF000200A00E03FE0D0ED360ABFEE001A01EEE5
:10400000200AD0EDDE0AB7EE001A01EE200ABDEE5E
:10401000C00A10EE100A00B27C4908807848B0F956
:10402000002040F6C41140F24C4021F089FC744954
:1040300008807448B0F9002040F6C41140F24C40AA
:1040400021F07EFC6F4908806F48B0F9002040F6EF
:10405000C41140F24C4021F073FC6B4908806B485E
:10406000B0F9002040F6C41140F24C4021F068FC49
:104070006649088005E16948008840F21A41884293
:104080007DDB6448008800EE100AB8EE400AF7EEC7
:10409000000A20EE200A6048D0ED8A0ABFEE001A1E
:1040A00001EE200AD0ED360AB7EE001A01EE200A22
:1040B000D0EDDE0ABFEE001A01EE200ABDEEC00A06
:1040C00010EE100A00B24E4908805248008800EEF7
:1040D000100AB8EE400AF7EE000A20EE200A4E4819
:1040E000D0ED8A0AB7EE001A01EE200AD0ED360AAA
:1040F000BFEE001A01EE200AD0EDDE0ABFEE001A74
:1041000001EE200ABDEEC00A10EE100A00B23D49D1
:1041100008804048008800EE100AB8EE400AF7EE2A
:10412000000A20EE200A3C48D0ED8A0AB7EE001AB9
:1041300001EE200AD0ED360AB7EE001A01EE200A91
:10414000D0EDDE0AB7EE001A01EE200ABDEEC00A7D
:1041500010EE100A00B22C4908802E48008800EEAC
:10416000100AB8EE400AF7EE000A20EE200A2A48AC
:10417000D0ED8A0ABFEE001A01EE200A00E013E03B
:10418000D0ED360ABFEE001A01EE200AD0EDDE0AAD
:10419000B7EE001A01EE200ABDEEC00A10EE100ABA
:1041A00000B21A4908803DE01A48008800B214495C
:1041B00008801848008800B2124908801548008815
:1041C00000B2114908801348008800B20F490880E6
:1041D00026E0000024030020A70C0020220E00206F
:1041E000240E0020260E0020280E00203E0E002067
:1041F000A60C0020005002409C1800203C0E00201D
:104200001A0E00201C0E00201E0E0020200E002082
:104210002A0E00203A0E002098540020380E00206C
:104220001CF0B4FB4448B0F9002040F6C41140F241
:104230004C4021F085FB404908804048B0F90020FF
:1042400040F6C41140F24C4021F07AFB3B49088013
:104250003B48B0F9002040F6C41140F24C4021F038
:104260006FFB374908803748B0F9002040F6C41189
:1042700040F24C4021F064FB324908801DF0E0F828
:1042800000BF0DE04FF47A702B4908802B4908805D
:104290002B4908802B4908801CF078FB11F03EFE6A
:1042A0002548B0F90000284908802448B0F90000EA
:1042B000264908802248B0F9000025490880214895
:1042C000B0F90000234908801B48B0F9002040F6EF
:1042D0009801002021F034FB174908801748B0F9F5
:1042E000002040F69801002021F02AFB13490880A5
:1042F0001348B0F9002040F69801002021F020FB7F
:104300000F4908800F48B0F9002040F698010020BE
:1043100021F016FB0B4908800C462488A3B2084CF8
:104320002488A2B2054C2488A1B2034C2488A0B2F0
:1043300013F0E2FE3EBD00001A0E00201C0E00200D
:104340001E0E0020200E0020220E0020240E002031
:10435000260E0020280E002070B5C5480078C549FB
:104360000870C5480078C5490870C5480078C54937
:104370000870C548B0F85010B0F85600081AC34984
:104380000989884203DC0220B94908700CE0BE4864
:10439000B0F85210B0F856000844BC490989884268
:1043A00002DB0120B2490870B748B0F86010B0F8DD
:1043B0006600081AB5494989884206DC0120B449DB
:1043C0000870B44981F83D0009E00FF0FFFD23F0CB
:1043D000A7FF0020AE490870AE4981F83D00AA4908
:1043E000B1F8A60019F024F90446A749B1F8A800CD
:1043F00019F01EF90546A84890F84700A64981F82B
:104400004800A6480078012804D0022803D00328D9
:1044100072D16BE000BFBCB90120A149087025F042
:1044200011FEA04948609FEDA00AA04880ED010A56
:104430009FED9D0AA0F5A87080ED010A02F076FEBE
:1044400000209B49087029E0012C12D125F0FAFDCB
:1044500094490860084600684968401A9149886094
:1044600008468068B0F57A7F18D302208C4908701E
:1044700014E001208A49087025F0E4FD894948606C
:104480009FED890A894880ED010A9FED870AA0F512
:10449000A87080ED010A002085490870022C03D124
:1044A00002207749087003E014B9012074490870AC
:1044B0007B4800787F49087015B1022D0CD107E0C8
:1044C00001206D49087012F0FFF811F027FD0BE094
:1044D00002206949087007E001206749087012F05E
:1044E000F3F811F01BFD00BF00BF36E02CB1012C2A
:1044F00020D0022C2BD126E02BE015B1022D0CD1BF
:1045000007E001205C49087012F0DEF811F006FDAA
:104510000BE002205849087007E001205649087056
:1045200012F0D2F811F0FAFC00BF00BF012054498C
:1045300008700CE00120584981F847004E49087086
:104540004F49087003E002204D49087000BF00BFCA
:1045500003E001204849087000BF00BF56480088AA
:1045600001280DD11CF0BCFD5449087008460078A4
:10457000022803D100205049088001E01CF006FA0F
:104580003F4800783F49097888420BD04C4890ED6D
:10459000000A4C4880EDFD0A39480078012801D115
:1045A00025F088F9324800783249097888420CD0E1
:1045B0002F480078022802D10120434908702C4876
:1045C0000078012801D1404908702B4800782B4918
:1045D0000978884202D002203B4908703A480078A6
:1045E000012811D122480078022809D137480088D3
:1045F00037490880324890ED000A324880EDFD0AC4
:1046000000203149087006E02F480078022802D1C6
:1046100000202D49087022480078022826D124481D
:10462000007818BB05F0E0F988B1254890ED020A42
:104630001E4880ED010A224890ED010A254880EDD0
:10464000010A02F073FD0120194908700EE09FED88
:10465000160A164880ED010A9FED130A1D4880EDE9
:10466000010A02F063FD00201149087070BD0000CE
:104670002A0E00202B0E00202C0E00202D0E0020D4
:10468000300E0020310E0020B0260020A42500208E
:104690002E0E0020F4620020C8380020F40E002006
:1046A000320E00203463002000000000285B002050
:1046B000340E0020330E002030030020200D002097
:1046C000084C002098540020350E002006030020DE
:1046D000360E0020D859002001460A1F102A1BD28E
:1046E000DFE802F00E0C101216181A1A141A1A1A11
:1046F0001A1A080A0A2011E006200FE004200DE033
:1047000002200BE0012009E0072007E0092005E076
:10471000032003E0002001E0FF2000BF00BF70473E
:1047200007E0022101E04A1E91B20029FBD1421E9E
:1047300090B20028F5D1704710B50446204623F00A
:10474000F9F810BD00B52DED048B83B09FEDFE0A86
:10475000B0EE408A9FEDFC0AF0EE408A9FEDFA0A27
:10476000B0EE409AF948FA49097830F8110000286B
:104770004BD123F083F823F0FFF89FEDF60AF648BB
:1047800080ED020A90ED000AB0EE408A90ED010A39
:10479000F0EE408A9FEDEF0AB0EE409A8DED008A70
:1047A000CDED018A8DED029ADDED021AB0EE611AAF
:1047B000DDED011AF0EE610ADDED001AB0EE610ADE
:1047C0000121084606F0D2FB0120E049E04A1278B8
:1047D00021F812000020E149DD4A127841F8220058
:1047E0004FF47A70DE49DA4A127841F8220001204B
:1047F000DC4988704CF250300880C82048619FED39
:10480000DA0A084680ED060A17E2D048D04909784E
:1048100030F81100012864D123F030F8D048CC4999
:10482000097850F8210050B1CD48C949097850F8AD
:104830002100401ECA49C64A127841F82200C848E1
:10484000C349097850F821000028DDD1C74890ED10
:10485000000AD0ED010A20EE200AB0EE408A90ED69
:10486000000AD0ED020A20EE200AF0EE408A9FED09
:10487000B90AB0EE409AB84890ED000A30EE080A46
:104880008DED000A90ED010A30EE280A8DED010A47
:104890008DED029ADDED021AB0EE611ADDED011A1E
:1048A000F0EE610ADDED001AB0EE610A0121084662
:1048B00006F05CFBA548A649097830F81100401CB9
:1048C000A249A34A127821F812000020A349A04A65
:1048D000127841F82200A2499D4A127841F822003C
:1048E00092E79A489A49097830F8110002287BD15A
:1048F00022F0C4FF99489649097850F8210005280C
:104900002BD29B4890ED011AF0EE410A90ED001A6F
:10491000B0EE410A26F03EFBF0EE409AB1EE040AFA
:10492000F4EEC09AF1EE10FA0BD88C488849097859
:1049300050F82100401C8949854A127841F822002C
:104940000AE086488249097850F8210040088349E6
:104950007F4A127841F8220056E7844890ED000A19
:10496000D0ED010A20EE200AB0EE408A90ED000A58
:10497000D0ED020A20EE200AF0EE408A9FED7D0A7B
:10498000B0EE409A744890ED000A30EE080A8DEDC2
:10499000000A90ED010A30EE280A8DED010A8DED36
:1049A000029ADDED021AB0EE611ADDED011AF0EEA9
:1049B000610ADDED001AB0EE610A0121084606F039
:1049C000D5FA62486249097830F81100401C5F4905
:1049D0005F4A127821F81200002160485C4A127880
:1049E00040F8221010E7FFE758485949097830F895
:1049F0001100032852D122F041FF58485449097848
:104A000050F82100B0F5C87F2ED25B4890EDFF0A28
:104A1000B5EEC00AF1EE10FA02DD90EDFF0A04E0F7
:104A2000554890EDFF0AB1EE400AF2EE040AB4EEEA
:104A3000E00AF1EE10FA0BD848484549097850F8D9
:104A40002100401C4549424A127841F82200DBE629
:104A500042483F49097850F8210040083F493C4A04
:104A6000127841F82200CFE638483949097830F801
:104A70001100401C81B23548354A127820F81210D6
:104A800000203649324A127841F822004FF49660ED
:104A900033492F4A127841F82200B5E62B482C49B9
:104AA000097830F81100042879D1FEF75DFA00206A
:104AB000324981F83000324890ED260A084680EDF0
:104AC000060ADFED210A9FED200A002003F0A8FD71
:104AD00023481F49097850F8210070B120481C492B
:104AE000097850F82100401E1D49194A127841F8F2
:104AF00022004FF4FA6019F0A3FC19481449097810
:104B000050F821000028A2D140F2DC5019F098FCA6
:104B10000E480F49097830F81100401C0B490C4A27
:104B2000127821F8120000200C49094A127841F845
:104B300022004FF47A700A49054A127841F822009F
:104B4000C8201049486120E000000000706D00207E
:104B5000A0100020000016432C700020D46D00200F
:104B60009C6E00205C3F002048E17A3FD008002086
:104B7000A00D00200000A04298540020F462002004
:104B8000B0260020783F002009E0B6EE000A084673
:104B900080ED060A01208870042008804DE0F84866
:104BA000F849097830F81100052847D1FEF7DCF9FB
:104BB0000020F54981F83000F44890ED260A0846B7
:104BC00080ED060A5FED200A1FED210A002003F0A8
:104BD00027FDEF48EB49097850F8210050B1EC4827
:104BE000E849097850F82100401EE949E54A127861
:104BF00041F82200E648E349097850F821000028EE
:104C0000CCD1012011F04CF9DD48DE49097830F8AB
:104C10001100401C81B2DA48DA4A127820F81210EA
:104C20000021DC48D74A127840F8221040F2C440F4
:104C3000D749D44A127841F8220050E2D048D149ED
:104C4000097830F8110006286ED122F017FED048FE
:104C5000CC49097850F8210070B1CD48C94909788C
:104C600050F82100401ECA49C64A127841F8220075
:104C70004FF47A7019F0E4FBC548C249097850F83E
:104C8000210000288AD140F2DC5019F0D9FBC2483B
:104C900090ED000AD0ED010A20EE200AB0EE408A25
:104CA00090ED000AD0ED020A20EE200AF0EE408AD4
:104CB0001FED580AB0EE409AB84890ED000A30EE69
:104CC000080A8DED000A90ED010A30EE280A8DEDFC
:104CD000010A8DED029ADDED021AB0EE611ADDEDEA
:104CE000011AF0EE610ADDED001AB0EE610A012151
:104CF000084606F03BF9A248A249097830F81100AD
:104D0000401C9F499F4A127821F812000020A149B7
:104D10009C4A127841F822004FF47A719C48994AD3
:104D2000127840F82210B7E395489649097830F890
:104D3000110007287ED122F0A1FD964891490978FB
:104D400050F82100C8282ED2954890EDFF0AB5EE04
:104D5000C00AF1EE10FA02DD90EDFF0A04E090487F
:104D600090EDFF0AB1EE400AF2EE040AB4EEE00A5A
:104D7000F1EE10FA0BD887488249097850F82100E3
:104D8000401C84497F4A127841F8220084E381481C
:104D90007C49097850F8210040087E49794A127808
:104DA00041F8220078E37C4890ED000AD0ED030A38
:104DB00020EE200AB0EE408A90ED000AD0ED040A01
:104DC00020EE200AF0EE408A1FED9E0AB0EE409AD7
:104DD000724890ED000A30EE080A8DED000A90ED61
:104DE000010A30EE280A8DED010A8DED029ADDED03
:104DF000021AB0EE611ADDED011AF0EE610ADDED86
:104E0000001AB0EE610A0121084606F0AFF85C48CE
:104E10005C49097830F81100401C5949594A127808
:104E200021F8120000205B49564A127841F822000E
:104E3000574900E004E0534A127841F822002BE37E
:104E40004F485049097830F8110008287CD122F0E9
:104E500015FD50484B49097850F8210005282BD200
:104E6000504890ED011AF0EE410A90ED001AB0EEB4
:104E7000410A26F08FF8F0EE409AB1EE040AF4EE03
:104E8000C09AF1EE10FA0BD842483E49097850F822
:104E90002100401C3F493B4A127841F822000AE0B9
:104EA0003C483849097850F8210040083949354ACA
:104EB000127841F82200EFE2374890ED000AD0ED79
:104EC000030A20EE200AB0EE408A90ED000AD0EDF1
:104ED000040A20EE200AF0EE408A1FEDDA0AB0EE56
:104EE000409A2E4890ED000A30EE080A8DED000A37
:104EF00090ED010A30EE280A8DED010A8DED029A3F
:104F0000DDED021AB0EE611ADDED011AF0EE610A74
:104F1000DDED001AB0EE610A0121084606F026F820
:104F200017481849097830F81100401C81B214481C
:104F3000144A127820F8121000201649114A1278EB
:104F400041F82200A8E2FFE70D480E49097830F841
:104F50001100092865D122F091FC0E480949097811
:104F600050F82100C82843D20D4890EDFF0AB5EE55
:104F7000C00AF1EE10FA17DD90EDFF0A19E000000B
:104F8000706D0020A0100020F4620020B0260020E8
:104F90009C6E0020D46D0020D00800202C700020D2
:104FA00098540020A00D0020FE4890EDFF0AB1EEBD
:104FB000400AF2EE040AB4EEE00AF1EE10FA0BD861
:104FC000F948FA49097850F82100401CF649F74A97
:104FD000127841F822005FE2F348F449097850F86A
:104FE00021004008F049F14A127841F8220053E2CA
:104FF000EF48EE49097830F81100401CEC49EB4AC3
:10500000127821F812000021E748E84A127840F8A7
:1050100022104FF49661E748E44A127840F82210D3
:105020003AE2E348E149097830F811000A2857D1FB
:10503000FDF79AFF0020E04981F83000DF4890ED4D
:10504000260A084680ED060ADFEDDD0A9FEDDC0A40
:10505000002003F0E5FAD748D449097850F8210038
:1050600070B1D448D149097850F82100401ED14987
:10507000CE4A127841F822004FF4FA6019F0E0F9B4
:10508000CC48CA49097850F821000028A3D140F241
:10509000DC5019F0D5F9C648C449097830F8110038
:1050A000401CC349C14A127821F812000020BE49B1
:1050B000BE4A127841F822004FF47A70BD49BB4ACB
:1050C000127841F82200C820BE494861B6EE000AB5
:1050D000084680ED060A0120887004200880DBE184
:1050E000B348B249097830F811000B2846D1FDF7D2
:1050F0003BFF0020B04981F83000B04890ED260A0F
:10510000084680ED060ADFEDAE0A9FEDAD0A0020ED
:1051100003F086FAA748A549097850F8210050B154
:10512000A448A249097850F82100401EA1499F4A8D
:10513000127841F822009F489C49097850F82100D4
:105140000028CCD1012010F0ABFE9948974909788E
:1051500030F81100401C9649944A127821F8120048
:1051600000209149914A127841F8220040F2C4404F
:1051700090498E4A127841F822008DE18C488B4983
:10518000097830F811000C286DD122F077FB89489E
:105190008649097850F8210070B18648834909781A
:1051A00050F82100401E8349804A127841F82200BD
:1051B0004FF47A7019F044F97E487C49097850F828
:1051C000210000288BD140F2DC5019F039F97E48DB
:1051D00090ED000AD0ED030A20EE200AB0EE408ADE
:1051E00090ED000AD0ED040A20EE200AF0EE408A8D
:1051F0009FED760AB0EE409A754890ED000A30EEC9
:10520000080A8DED000A90ED010A30EE280A8DEDB6
:10521000010A8DED029ADDED021AB0EE611ADDEDA4
:10522000011AF0EE610ADDED001AB0EE610A01210B
:10523000084605F09BFE5E485C49097830F811008D
:10524000401C5B49594A127821F812000021564847
:10525000564A127840F8221000205649534A1278D4
:1052600041F8220018E152485049097830F81100FD
:105270000D286DD122F002FB4B484C49097850F8BB
:105280002100C8282ED2474890EDFF0AB5EEC00A8B
:10529000F1EE10FA02DD90EDFF0A04E0414890EDD6
:1052A000FF0AB1EE400AF2EE040AB4EEE00AF1EEB3
:1052B00010FA0BD83C483D49097850F82100401CB1
:1052C00039493A4A127841F82200E5E03648374930
:1052D000097850F8210041083348344A127840F8E0
:1052E0002210D9E03A4890ED000A8DED000A90EDC9
:1052F000010A8DED010A9FED350A8DED020ADDED03
:10530000021AB0EE611ADDED011AF0EE610ADDED70
:10531000001AB0EE610A0121084605F027FE244874
:105320002249097830F81100401C81B220481F4AF8
:10533000127820F8121000211B481C4A127840F8FD
:10534000221000201B49194A127841F82200A3E0DC
:1053500017481649097830F811000E287ED122F03E
:105360008DFA11481149097850F82100052846D2D4
:10537000184890ED011AF0EE410A90ED001AB0EED7
:10538000410A25F007FEF0EE409AB1EE040AF4EE71
:10539000C09AF1EE10FA26D803480449097850F86B
:1053A000210019E098540020D46D0020A0100020A6
:1053B000706D00209C6E0020F4620020B02600205A
:1053C00000000000783F0020D008002000001643B5
:1053D0002C700020A00D0020401C3149314A127869
:1053E00041F822000AE02E482E49097850F82100A1
:1053F00040082B492B4A127841F822004CE02A48F9
:105400002849097830F81100401C81B22648254A05
:10541000127820F8121000202149224A127841F80F
:105420002200002121481F4A127840F8221004204F
:105430001F4908701FED1E0A1E4880ED010A1FED6E
:10544000200A80ED020A1FED220A1B4880ED000AA7
:105450001FED250A80ED010A1EE0FFE71248114901
:10546000097830F811000F2814D10020134981F871
:105470003000134890ED260A084680ED060A002009
:1054800010F00EFDFBEE0E0A1FED330A022003F0B2
:10549000C7F801E022F0F2F903B0BDEC048B00BDC7
:1054A000D46D0020A0100020706D00209C6E0020A4
:1054B000320A002084690020980D0020F462002048
:1054C000B026002000B52DED048B83B09FEDFE0AC1
:1054D000B0EE408A9FEDFC0AF0EE408A9FEDFA0A9A
:1054E000B0EE409AF948FA49097830F811000028DE
:1054F0007BD122F041FAF74890ED090AF64880ED99
:10550000000AF44890ED0A0AF44880ED000AF148D8
:1055100090ED0B0AF24880ED000AD0ED000A9FEDF5
:10552000F11A60EE810AB0EE600A21F0C9FAEA4889
:10553000D0ED000A9FEDEC1A41EE000AEB48C0EDF9
:10554000000AE748D0ED000A9FEDE61A60EE810AF6
:10555000B0EE600A21F04CF9E048D0ED000A9FED72
:10556000E21A41EE400AE248C0ED000ADC48D0ED04
:10557000000A9FEDDC1A60EE810AB0EE600A21F0AD
:105580009FFAD548D0ED000A9FEDD71A41EE400AA8
:10559000D648C0ED010AD248D0ED000A9FEDD11ADD
:1055A00060EE810AB0EE600A21F022F9CB48D0ED1E
:1055B000000A9FEDCD1A41EE000ACD48C0ED010A68
:1055C000C74890ED000ADFEDCB0AB4EEE00AF1EE39
:1055D00010FA16D89FEDBC0AC74880ED000A9FED6F
:1055E000C70AC74880ED000A00E05BE09FEDC50AEE
:1055F000C14880ED010A9FEDC10AC14880ED010A52
:1056000013E09FEDB10ABC4880ED000A9FEDBE0A91
:10561000BB4880ED000A9FEDBB0AB74880ED010A48
:105620009FEDB90AB64880ED010A22F027F99FEDF7
:10563000B70AB74880ED020A90ED000AB0EE408A42
:1056400090ED010AF0EE408A9FEDB00AB0EE409A6C
:105650008DED008ACDED018A8DED029ADDED021A05
:10566000B0EE611ADDED011AF0EE610ADDED001A0F
:10567000B0EE610A0121084605F078FC012193484B
:10568000934A127820F812100021A248904A12780A
:1056900040F822104FF4C8719F488D4A127840F8A4
:1056A0002210D1E389488A49097830F8110001288D
:1056B0005DD122F0E3F898488549097850F8210037
:1056C00050B195488249097850F82100401E92490E
:1056D0007F4A127841F822008F487D49097850F8B6
:1056E00021000028DDD1844890ED000AB0EE408A08
:1056F000834890ED000AF0EE408A9FED840AB0EEF8
:10570000409A834890ED000A30EE080A8DED000AB9
:1057100090ED010A30EE280A8DED010A8DED029A16
:10572000DDED021AB0EE611ADDED011AF0EE610A4C
:10573000DDED001AB0EE610A0121084605F016FC05
:1057400062486349097830F81100401C5F49604A9B
:10575000127821F8120000206E495D4A127841F853
:1057600022006D495A4A127841F822006CE35748EA
:105770005749097830F81100022874D122F07EF8D8
:1057800064485349097850F8210005282BD2634812
:1057900090ED011AF0EE410A90ED001AB0EE410AC8
:1057A00025F0F8FBF0EE409AB1EE040AF4EEC09A50
:1057B000F1EE10FA0BD857484549097850F8210006
:1057C000401C5449424A127841F822000AE05148EC
:1057D0003F49097850F8210041084E483C4A127868
:1057E00040F8221030E3444890ED010AB0EE408AC0
:1057F000434890ED010AF0EE408A9FED440AB0EE76
:10580000409A434890ED000A30EE080A8DED000AF8
:1058100090ED010A30EE280A8DED010A8DED029A15
:10582000DDED021AB0EE611ADDED011AF0EE610A4B
:10583000DDED001AB0EE610A0121084605F096FB85
:1058400022482349097830F81100401C1F49204A9A
:10585000127821F8120000202E491D4A127841F8D2
:105860002200F1E2FFE719481949097830F81100E0
:10587000032875D122F002F826481549097850F816
:105880002100052858D2254890ED011AF0EE410A72
:1058900090ED001AB0EE410A25F07CFBF0EE409A44
:1058A000B1EE040AF4EEC09AF1EE10FA38D81948B5
:1058B0000749097850F82100401C1649044A12781B
:1058C00041F8220037E0000000000000706D002069
:1058D000A2100020D0080020A4100020A810002052
:1058E000AC10002035FA8E3C0000DC427C10002019
:1058F000841000200000B442B0100020000048C214
:10590000B81000200000AF4300009643000016438B
:105910002C700020D46D00209C6E0020A00D002073
:10592000FD48FE49097850F821004008FA49FB4A31
:10593000127841F8220087E2F948F849097830F8EE
:105940001100401C81B2F648F44A127820F8121077
:105950000020F149F14A127841F8220074E2FFE791
:10596000EF48EE49097830F81100042821D10120D0
:10597000EC4981F8300081F83100EB4890ED000AE5
:10598000084680ED060A002010F08AFA5FED320A20
:105990001FED330A002002F043FEE148DF49097899
:1059A00030F81100401CDE49DC4A127821F8120060
:1059B0004AE2DB48D949097830F81100052824D19A
:1059C0000120D84981F83000D74890ED000A0846F8
:1059D00080ED060A002010F063FA5FED450A1FED26
:1059E000460A002002F01CFECE4890F83200012842
:1059F000A1D1CB48C949097830F81100401CC849E9
:105A0000C64A127821F812001EE2C548C349097837
:105A100030F81100062840D121F030FFC34890ED46
:105A2000000AB0EE408AC24890ED000AF0EE408ACB
:105A30001FED4A0AB0EE409ABE4890ED000A30EEE3
:105A4000080A8DED000A90ED010A30EE280A8DED6E
:105A5000010A8DED029ADDED021AB0EE611ADDED5C
:105A6000011AF0EE610ADDED001AB0EE610A0121C3
:105A7000084605F07BFAAA48A849097830F81100D1
:105A8000401CA749A54A127821F812000020A2491B
:105A9000A24A127841F82200D6E1A1489F4909782C
:105AA00030F81100072874D121F0E8FE9A489B498C
:105AB000097850F8210005282BD29F4890ED011A53
:105AC000F0EE410A90ED001AB0EE410A25F062FABC
:105AD000F0EE409AB1EE040AF4EEC09AF1EE10FA3C
:105AE0000BD88D488D49097850F82100401C8A490F
:105AF0008A4A127841F822000AE0874887490978E3
:105B000050F8210041088448844A127840F8221055
:105B10009AE1864890ED010AB0EE408A844890ED03
:105B2000010AF0EE408A1FED870AB0EE409A8148E4
:105B300090ED000A30EE080A8DED000A90ED010AA2
:105B400030EE280A8DED010A8DED029ADDED021A84
:105B5000B0EE611ADDED011AF0EE610ADDED001A1A
:105B6000B0EE610A0121084605F000FA6C486B4965
:105B7000097830F81100401C6949684A127821F808
:105B8000120000206449654A127841F822005BE166
:105B9000FFE763486149097830F81100082846D1C9
:105BA00021F06CFE5C485D49097850F82100052819
:105BB0002BD2614890ED011AF0EE410A90ED001AE7
:105BC000B0EE410A25F0E6F9F0EE409AB1EE040A93
:105BD000F4EEC09AF1EE10FA0BD84F484F4909780D
:105BE00050F82100401C4C494C4A127841F82200E0
:105BF0000AE049484949097850F8210041084648D7
:105C0000464A127840F822101EE145484349097877
:105C100030F81100401C4249404A127821F8120025
:105C200000203D493D4A127841F822000CE13C48F1
:105C30003A49097830F81100092821D10120394961
:105C400081F8300081F831001FEDE10A084680ED4F
:105C5000060A002010F024F95FEDE50A1FEDE60AC0
:105C6000002002F0DDFC2E482C49097830F81100A4
:105C7000401C81B22A48294A127820F81210E3E029
:105C800027482649097830F811000A285AD10120FE
:105C9000244981F830001FEDF40A084680ED060A19
:105CA000002010F0FDF85FEDF80A1FEDF90A002062
:105CB00002F0B6FC1B4890F83200012841D1184888
:105CC0001649097830F81100401C81B21448134A73
:105CD000127820F8121000210F48104A127840F86C
:105CE0002210144890ED000A8DED000A90ED010A93
:105CF0008DED010A1FEDFB0A8DED020ADDED021AA2
:105D0000B0EE611ADDED011AF0EE610ADDED001A68
:105D1000B0EE610A012111E0D46D0020A210002034
:105D2000706D0020F4620020AC1000207C10002078
:105D3000841000202C700020A00D0020084605F0E3
:105D400015F981E042484349097830F811000B28E1
:105D50005CD121F093FD40483E49097850F821007C
:105D600005282BD23D4890ED011AF0EE410A90ED46
:105D7000001AB0EE410A25F00DF9F0EE409AB1EEAE
:105D8000040AF4EEC09AF1EE10FA0BD83248314909
:105D9000097850F82100401C2F492E4A127841F80A
:105DA00022000AE02C482B49097850F821004108CC
:105DB0002948284A127840F8221045E0244825490D
:105DC000097830F81100401C81B22148214A12782C
:105DD00020F81210002020491E4A127841F82200B3
:105DE00004201F4908709FED1F0A1F4880ED010A1B
:105DF0009FED1C0A80ED020A9FED1A0A1B4880EDF8
:105E0000000A9FED180A80ED010A1DE010481149B3
:105E1000097830F811000C2814D10020144981F8B9
:105E20003000144890ED260A084680ED060A00204E
:105E300010F036F8FBEE0E0A9FED0A0A022002F07F
:105E4000EFFB01E021F01AFD03B0BDEC048B00BDB7
:105E5000706D0020A2100020D46D0020A00D002045
:105E6000320A00200000000084690020980D002004
:105E7000F4620020B026002010B52DED048B84B014
:105E80009FEDFE0AB0EE408A9FEDFC0AF0EE408ADC
:105E90009FEDFA0AB0EE409AF948FA49097830F8CD
:105EA000110000287ED121F067FDF74890ED070A28
:105EB000BCEEC00A10EE100AF4490880F24890EDDA
:105EC000080ABCEEC00A10EE100A48800024002028
:105ED0002AE0EE490988EE4A32F8102091421ED19C
:105EE000EA494A88EA49183131F810108A4216D135
:105EF000E84901EB800191ED000AE74901EB8401DB
:105F000081ED000AE349803101EB800191ED000A47
:105F1000E24901EB840181ED000A611C8CB2022C84
:105F200000DB03E0411C88B20C28D2DB00BF21F06B
:105F3000A5FC9FEDDB0ADB4880ED020A90ED000A2C
:105F4000B0EE408A90ED010AF0EE408A9FEDD40A4F
:105F5000B0EE409A8DED018ACDED028A8DED039A67
:105F6000DDED031AB0EE611ADDED021AF0EE610A02
:105F7000DDED011AB0EE610A0121084604F0F6FFDA
:105F80000121BF48BF4A127820F812100021C648EC
:105F9000BC4A127840F822104FF4C871C348B94A7D
:105FA000127800E00FE040F822100120C04988700C
:105FB0004CF250300880C8204861B6EE080A084606
:105FC00080ED060A13E2AE48AE49097830F81100B8
:105FD00001285FD121F052FCB448AA49097850F851
:105FE000210050B1B148A749097850F82100401E5E
:105FF000AE49A44A127841F82200AC48A149097878
:1060000050F821000028DDD1A34890ED000AB0EE41
:10601000408AA24890ED000AF0EE408A9FEDA00A67
:10602000B0EE409A9F4890ED000A30EE080A8DEDE0
:10603000010A90ED010A30EE280A8DED020A8DED7D
:10604000039ADDED031AB0EE611ADDED021AF0EEEF
:10605000610ADDED011AB0EE610A0121084604F083
:1060600085FF87488749097830F81100401C81B2C4
:106070008348844A127820F8121000218A48814A05
:10608000127840F82210002088497E4A127841F8A0
:10609000220097E77A487B49097830F811000228F6
:1060A00074D121F0EBFB80487649097850F8210043
:1060B00005282BD27F4890ED011AF0EE410A90EDB1
:1060C000001AB0EE410A24F065FFF0EE409AB1EEFE
:1060D000040AF4EEC09AF1EE10FA0BD8724869493E
:1060E000097850F82100401C6F49664A127841F83F
:1060F00022000AE06C486349097850F82100400802
:106100006949604A127841F822005BE7624890EDE5
:10611000000AB0EE408A614890ED000AF0EE408A35
:106120009FED650AB0EE409A5E4890ED000A30EEB1
:10613000080A8DED010A90ED010A30EE280A8DED76
:10614000020A8DED039ADDED031AB0EE611ADDED62
:10615000021AF0EE610ADDED011AB0EE610A0121CA
:10616000084604F003FF46484649097830F8110014
:10617000401C4349434A127821F8120000204A4942
:10618000404A127841F822001CE7FFE73C483D49AD
:10619000097830F81100032851D121F06FFB4248F3
:1061A0003849097850F82100B0F5C87F2ED243480D
:1061B00090EDFF0AB5EEC00AF1EE10FA02DD90EDA7
:1061C000FF0A04E03D4890EDFF0AB1EE400AF2EE0E
:1061D000040AB4EEE00AF1EE10FA0BD8324829496D
:1061E000097850F82100401C2F49264A127841F8BE
:1061F0002200E7E62C482349097850F8210040089E
:106200002949204A127841F82200DBE61C481D4942
:10621000097830F81100401C19491A4A127821F8FF
:10622000120000212048174A127840F822104FF43B
:1062300096601E49134A127841F82200D7E01048B0
:106240001049097830F8110004287DD1FCF78CFE44
:1062500000201B4981F830001A4890ED260A0846B4
:1062600080ED060ADFED050A9FED040A002002F02A
:10627000D7F90E480349097826E000000000000025
:10628000706D0020A1100020D008002076100020A2
:10629000801F0300607300207C1000208410002009
:1062A000000016432C700020D46D00209C6E00204E
:1062B0005C3F0020A00D00200000A0429854002068
:1062C000F4620020B026002050F8210070B1FE4892
:1062D000FE49097850F82100401EFB49FB4A12781C
:1062E00041F822004FF4FA6018F0AAF8F648F7498E
:1062F000097850F82100002887D140F2DC5018F0CE
:106300009FF8F348F149097830F81100401C81B238
:10631000EF48EE4A127820F812100021ED48EB4ABF
:10632000127840F822104FF47A70E749E74A127861
:1063300041F82200C820E8494861B6EE000A084644
:1063400080ED060A012000E003E088700420088048
:106350004DE0DF48DD49097830F81100052847D1C4
:10636000FCF702FE0020DD4981F83000DC4890EDAA
:10637000260A084680ED060A5FED400A1FED410A35
:10638000002002F04DF9D048D049097850F821009A
:1063900050B1CD48CD49097850F82100401ECA4976
:1063A000CA4A127841F82200C748C849097850F80B
:1063B00021000028CCD101200FF072FDC448C34950
:1063C000097830F81100401C81B2C148BF4A1278E8
:1063D00020F812100020BF49BC4A127841F8220070
:1063E00040F2C441B848B94A127840F82210FFE39D
:1063F000B748B649097830F81100062867D121F06E
:106400003DFAB148B149097850F8210070B1AE4861
:10641000AE49097850F82100401EAB49AB4A1278CA
:1064200041F822004FF47A7018F00AF8A648A749FC
:10643000097850F8210000288AD140F2DC5017F08A
:10644000FFFFA84890ED000AB0EE408AA64890ED04
:10645000000AF0EE408A1FED6E0AB0EE409AA348A3
:1064600090ED000A30EE080A8DED010A90ED010A68
:1064700030EE280A8DED020A8DED039ADDED031A48
:10648000B0EE611ADDED021AF0EE610ADDED011ADF
:10649000B0EE610A0121084604F068FD8C488B4982
:1064A000097830F81100401C8949884A127821F88F
:1064B000120000218748854A127840F822104FF4D4
:1064C0007A718148814A127840F8221090E380481E
:1064D0007E49097830F8110007287CD121F0CEF9E7
:1064E0007C487A49097850F82100C8282ED2804883
:1064F00090EDFF0AB5EEC00AF1EE10FA02DD90ED64
:10650000FF0A04E07A4890EDFF0AB1EE400AF2EE8D
:10651000040AB4EEE00AF1EE10FA0BD86D486B49AC
:10652000097850F82100401C6A49684A127841F8FD
:1065300022005DE367486549097850F8210040086A
:106540006449624A127841F8220051E3654890EDAF
:10655000010AB0EE408A644890ED010AF0EE408AEC
:106560001FEDB10AB0EE409A604890ED000A30EE9F
:10657000080A8DED010A90ED010A30EE280A8DED32
:10658000020A8DED039ADDED031AB0EE611ADDED1E
:10659000021AF0EE610ADDED011AB0EE610A012186
:1065A000084604F0E3FC4A484849097830F81100ED
:1065B000401C4749454A127821F8120000204549FD
:1065C000424A127841F822003F49404A127841F885
:1065D00022000DE3FFE73E483C49097830F81100FE
:1065E00008286FD121F04AF93A483849097850F81B
:1065F000210005282BD23F4890ED011AF0EE410A08
:1066000090ED001AB0EE410A24F0C4FCF0EE409A7E
:10661000B1EE040AF4EEC09AF1EE10FA0BD82D4850
:106620002A49097850F82100401C2A49274A127843
:1066300041F822000AE027482449097850F821004F
:1066400040082449214A127841F82200D0E2254826
:1066500090ED010AB0EE408A234890ED010AF0EE79
:10666000408A1FEDEB0AB0EE409A204890ED000AF8
:1066700030EE080A8DED010A90ED010A30EE280A8D
:106680008DED020A8DED039ADDED031AB0EE611A6D
:10669000DDED021AF0EE610ADDED011AB0EE610ADD
:1066A0000121084604F062FC09480849097830F8DD
:1066B0001100401C0649054A127821F812000020FA
:1066C000044919E01DE000009C6E0020A11000208C
:1066D000706D0020D46D0020783F0020F46200200F
:1066E000B02600207C100020841000202C70002098
:1066F00098540020A00D0020F74A127841F822009B
:1067000076E2F648F449097830F81100092851D1A9
:1067100021F0B4F8F248F049097850F82100C8286F
:106720002ED2F04890EDFF0AB5EEC00AF1EE10FA55
:1067300002DD90EDFF0A04E0EA4890EDFF0AB1EEB9
:10674000400AF2EE040AB4EEE00AF1EE10FA0BD8B9
:10675000E348E149097850F82100401CE049DE4A4D
:10676000127841F8220043E2DD48DB49097850F80D
:1067700021004108DA48D84A127840F8221037E25E
:10678000D648D549097830F81100401C81B2D34869
:10679000D14A127820F812100020D149CE4A12783E
:1067A00041F822004FF49661CF48CB4A127840F866
:1067B00022101DE2C948C849097830F811000A289A
:1067C00058D1FCF7D1FB0020C84981F83000C848F7
:1067D00090ED260A084680ED060ADFEDC60A9FED19
:1067E000C50A002001F01CFFBF48BB49097850F8DA
:1067F000210070B1BC48B849097850F82100401E0A
:10680000B949B54A127841F822004FF4FA6017F0FE
:1068100017FEB548B049097850F821000028A2D1E8
:1068200040F2DC5017F00CFEAC48AB49097830F868
:106830001100401C81B2A948A74A127820F8121012
:106840000020A749A44A127841F822004FF47A7038
:10685000A549A14A127841F82200C820A6494861FA
:10686000B6EE000A084680ED060A01208870042072
:106870000880BDE199489849097830F811000B2843
:1068800047D1FCF771FB0020984981F83000984807
:1068900090ED260A084680ED060ADFED960A9FED88
:1068A000950A002001F0BCFE8F488B49097850F80A
:1068B000210050B18C488849097850F82100401EC9
:1068C0008949854A127841F8220087488249097827
:1068D00050F821000028CCD101200FF0E1FA7F48C8
:1068E0007D49097830F81100401C81B27B487A4A12
:1068F000127820F8121000207949774A127841F86E
:10690000220040F2C4407849734A127841F82200CC
:106910006EE172487049097830F811000C2865D191
:1069200020F0ACFF70486C49097850F8210070B134
:106930006D486949097850F82100401E6A49664A45
:10694000127841F822004FF47A7017F079FD66480A
:106950006149097850F8210000288AD140F2DC50C2
:1069600017F06EFD654890ED010AB0EE408A64486C
:1069700090ED010AF0EE408A9FED620AB0EE409A77
:10698000614890ED000A30EE080A8DED010A90EDA5
:10699000010A30EE280A8DED020A8DED039ADDED35
:1069A000031AB0EE611ADDED021AF0EE610ADDEDB8
:1069B000011AB0EE610A0121084604F0D7FA4748EF
:1069C0004549097830F81100401C4449424A127880
:1069D00021F81200002042493F4A127841F8220073
:1069E00041493D4A127841F8220001E13B483A49C9
:1069F000097830F811000D286CD120F03FFF38489D
:106A00003549097850F82100C8282ED2354890ED34
:106A1000FF0AB5EEC00AF1EE10FA02DD90EDFF0AB2
:106A200004E0304890EDFF0AB1EE400AF2EE040AAD
:106A3000B4EEE00AF1EE10FA0BD82948264909789D
:106A400050F82100401C2649234A127841F82200C0
:106A5000CEE023482049097850F821004008204919
:106A60001D4A127841F82200C2E0274890ED000A42
:106A70008DED010A90ED010A8DED020A9FED210ACC
:106A80008DED030ADDED031AB0EE611ADDED021A99
:106A9000F0EE610ADDED011AB0EE610A012108464F
:106AA00004F064FA0D480C49097830F81100401CD4
:106AB00081B20A48084A127820F8121000210848CA
:106AC000054A127840F822100748034A127840F825
:106AD00022108DE01AE00000A1100020706D00204F
:106AE000D46D0020985400209C6E0020F462002099
:106AF000B026002000000000783F00207C1000201D
:106B000084100020000016432C7000203A483B49B6
:106B1000097830F811000E284CD120F0AFFE38482B
:106B20003649097850F8210005282BD2354890EDD8
:106B3000011AF0EE410A90ED001AB0EE410A24F07D
:106B400029FAF0EE409AB1EE040AF4EEC09AF1EEA2
:106B500010FA0BD82A482949097850F82100401C1E
:106B60002749264A127841F822000AE0244823499E
:106B7000097850F8210040082149204A127841F84C
:106B8000220035E01C481D49097830F81100401CEE
:106B900019491A4A127821F8120000211848174A98
:106BA000127840F8221000201749144A127841F850
:106BB00022001DE010481149097830F811000F2813
:106BC00014D10020114981F83000114890ED260AB7
:106BD000084680ED060A00200FF062F9FBEE0E0A6F
:106BE0001FED3C0A022001F01BFD01E020F046FEF3
:106BF00004B0BDEC048B10BD706D0020A11000200E
:106C0000D46D0020A00D00209C6E0020F4620020B6
:106C1000B026002031B52DED020B2DED048B04467E
:106C2000B3EE0E0AB0EE408A9DED040AB1EE400AC2
:106C3000F0EE408A9DED050AB0EE409AB1EE680A8A
:106C4000DFED1E0A80EE201A1D4890ED0D0A21EEA0
:106C5000000AF0EE409A1FF0B5FCDFED1A0A20EEB4
:106C6000200A84ED000A9FED150AC9EE000AF0EE35
:106C7000609AB0EE690A1FF0A5FCDFED120A20EE63
:106C8000200A84ED010AD4ED000AB0EE600AB0EEED
:106C9000481AF1EE480A20F00DFE84ED000AD4ED0A
:106CA000010AB0EE600AB0EE481AF1EE480A20F090
:106CB00001FE84ED010ABDEC048B3EBD902A7544B3
:106CC00074280020E12E654270B50026002414E0EF
:106CD0002146002006F0D6FF00250AE03146761C4A
:106CE0000A4A505C07F016F80220FDF725FD681CE3
:106CF000C5B2802DF2DB601CC4B2082CE8DB4FF477
:106D0000FA70FDF719FD06F007FF70BDD8FA020012
:106D100010B50220F9F73CFB1FF00EF80B48C469D0
:106D200004F00C0080B10A4819F0FAF90220F9F7D2
:106D30002FFB1FF001F80548C46904F00C0008B1EE
:106D4000022010BD0120FCE70020FAE700F00A4015
:106D5000005800F010B50F4800680F4908400F496F
:106D6000884205D10B48006880B208B91EF0A8FF20
:106D70000B480C4908601EF0DFFF0B4819F0D0F9F2
:106D80000220F9F705FB1EF0D7FF0648803880691E
:106D900010BD000000E00F400000FF700000051073
:106DA00001007BE380F00A40005800F02DE9F0413B
:106DB00007460E46144600BF2A48856905F00100C3
:106DC0000028F9D1B00927494860C6F383008860DC
:106DD000A40835E024480068244908402449884232
:106DE00006D12148006880B210B930461EF084FFF9
:106DF0001C493868486100BF1A48856905F00100E0
:106E00000028F9D105F4887078B11748006817494F
:106E100008401749884205D11348006880B208B974
:106E20001EF04EFF2846BDE8F0813F1D641E3CB1B8
:106E30000C48806820B90B484068401C09494860EC
:106E4000002CC7D108480068084908400849884212
:106E500005D10548006880B208B91EF031FF01482D
:106E60008069E0E700F00A4000E00F400000FF709A
:106E70000000051010B58B090B4C6360C1F3830350
:106E8000A36092080DE0084B5B690360001D521E71
:106E90003AB1054B9B6823B9034B5B685B1C024C02
:106EA0006360002AEFD110BD00F00A4010B503481E
:106EB00019F000F9FFF72CFF10BD0000005800F09A
:106EC00010B5044CA388A288A188A08811F014F9F9
:106ED00010BD0000B82500200EB54448008800EE23
:106EE000100AB8EE400ADFED420AB4EEE00AF1EE15
:106EF00010FA22D83F4890ED000ADFED3F0AB4EEC9
:106F0000E00AF1EE10FA18DB3C4890ED000ADFEDE4
:106F10003C0AB4EEE00AF1EE10FA0EDB394890EDCF
:106F2000000ADFED390AB4EEE00AF1EE10FA04D8F7
:106F300036480088401C354908802C48008800EEFF
:106F4000100AB8EE400ADFED2A0AB4EEE00AF1EECC
:106F500010FA49D8274890ED000ADFED270AB4EE71
:106F6000E00AF1EE10FA3FDB244890ED000ADFED75
:106F7000240AB4EEE00AF1EE10FA35DB214890ED78
:106F8000000ADFED210AB4EEE00AF1EE10FA2BD888
:106F90001E480088B0F57A7F26DD1D48008818BBA2
:106FA000B7EE000A1B4880ED000A00201749088050
:106FB000194908801949174890ED000A54201EF01D
:106FC0008FFD00200221164A03469FED160ACDE9E7
:106FD000002102904FF4FA7241F288311248FBF717
:106FE00010F90F20114908800EBD00000603002093
:106FF0000040834410030020000016430C030020CF
:107000000000D241080300200000D2C14601002048
:107010002403002048010020320300203C300020DF
:1070200000500240CDCC4C3E741800207E0200205F
:107030000DF01EF910F04EFF10F0B8FF642020F0A4
:107040008EFC25499FED250A54201EF049FD42E0A3
:10705000FFF736FF0021084606F08AFE01210020D6
:1070600006F086FE1EA20021084606F0C7FD02219A
:10707000002006F07DFE0321002006F079FE1CA210
:107080000221002006F0BAFD0421002006F070FE67
:107090000521002006F06CFE19A20421002006F054
:1070A000ADFD1AA20421502006F076FD1948808813
:1070B00000EE900AF8EE600AB0EE600A052150205A
:1070C00026F04EFC0621002006F052FE12A20621F8
:1070D000002006F061FDBBE73C300020000000000E
:1070E000506C65617365204D6F7665205468720041
:1070F000446F776E205768656E204553430000004B
:107100004265657020426565700000005468723AFF
:1071100000000000B82500205265706F776572206E
:107120005768656E205365742055700000B5074898
:1071300010F0D8FC0548A83810F0D4FC044810F032
:10714000D1FC0348A83810F0CDFC00BDD05B002076
:10715000805A002010B52DED0A8B84B000200190DC
:1071600002900390E24AA2F13401A1F10C0004F074
:10717000E3F8E04890ED000ADFEDDF0A60EE200A58
:107180009FEDDE1A80EE810ADD48D0ED000AD84876
:10719000403890ED031A10EE810ADA4880ED000ABB
:1071A000D44890ED010ADFEDD40A60EE200A9FED8D
:1071B000D31A80EE810AD248D0ED010ACC4840387B
:1071C00090ED041A10EE810ACE4880ED010AC948FC
:1071D00090ED020ADFEDC80A60EE200A9FEDC71AA3
:1071E00080EE810AC648D0ED020AC148403890EDD1
:1071F000051A10EE810AC34880ED020A90ED000ADC
:10720000F0EE408A90ED010AB0EE409A90ED020A4D
:10721000B0EE408A69EE090A48EE080AB0EE600A4C
:1072200021F08EFC20EE280A10EE104A204627F0AE
:1072300005FB41EC1C0BB0EE4C0AF0EE6C0A1EF0A4
:10724000FFFEB0EE40BAF0EE60BA9FEDAF0B53EC2C
:10725000102B51EC1B0B26F0FBFF41EC1A0B26F018
:10726000F5FCAB49086068EEA80A48EE080AB0EEE3
:10727000600A21F065FC20EE090A10EE104A204653
:1072800027F0DCFA41EC1C0BB0EE4C0AF0EE6C0A75
:107290001EF0D6FEB0EE40BAF0EE60BA9FED9D0B48
:1072A00053EC102B51EC1B0B26F0D2FF41EC1A0BC8
:1072B00026F0CCFC99490860084690ED000ADFED05
:1072C000980A20EE200A10EE101A084627F0B6FAA7
:1072D00041EC1B0BB0EE4B0AF0EE6B0A1FF08CFB7F
:1072E000B0EE40AAF0EE60AA51EC1A0B26F0AEFC0C
:1072F0008C498862894890ED000ADFED890A20EE0A
:10730000200A10EE101A084627F098FA41EC1B0BE1
:10731000B0EE4B0AF0EE6B0A1FF006FAB0EE40AA90
:10732000F0EE60AA51EC1A0B26F090FC7D49486300
:10733000774890ED000ADFED7A0A20EE200A10EE81
:10734000101A084627F07AFA41EC1B0BB0EE4B0AF4
:10735000F0EE6B0A1FF050FBB0EE40AAF0EE60AA10
:1073600051EC1A0B26F072FC6E494862684890EDA9
:10737000000ADFED6B0A20EE200A10EE101A084614
:1073800027F05CFA41EC1B0BB0EE4B0AF0EE6B0AF7
:107390001FF0CAF9B0EE40AAF0EE60AA51EC1A0B49
:1073A00026F054FC5F49086308E0052020F0D7FA76
:1073B0004F482838FBF7E4FE5B4908705A480078CC
:1073C0000028F2D04A48403890ED060A5748D0EDE0
:1073D000000A30EE600A8DED010A4548403890ED14
:1073E000070A5248D0ED010A30EE600A8DED020A1C
:1073F0003F48403890ED080A4C48D0ED020A30EE84
:10740000600A8DED030A9DED020A4648D0ED0D0A93
:1074100020EE200ADDED030A90ED0A1A00EEC10A03
:10742000434880ED010A9DED010A3E48D0ED0C0A6B
:1074300020EE200ADDED020A90ED091A60EE810AC5
:1074400090ED0A1A00EE810ADDED030A90ED091AAB
:1074500060EE810A90ED0D1A00EE810A344880ED4D
:10746000000A90ED011AF0EE410A90ED001AB0EE1C
:10747000410A00F063FBDFED2F0A20EE200A2E48C0
:1074800080ED000A90ED000AB5EEC00AF1EE10FAA8
:1074900007D290ED000ADFED290A30EE200A80EDD8
:1074A000000A9FED261ADFED260A234890ED000A18
:1074B00020F000FA204880ED000A90ED000A2148F3
:1074C00080ED000A124890ED000A1F4880ED000A86
:1074D000124890ED000A1C4880ED010A164890ED14
:1074E000000A194880ED020A04B0BDEC0A8B10BDF9
:1074F00040280020CC480020000000460AE81C413B
:10750000EC0A0020404900206666666666A64CC00C
:10751000E00A00206666666666A64C40DC0A00202B
:1075200035FA8E3C74280020040B0020D42400205F
:107530005C0200201B2F6542E40A00200000B443D7
:1075400000000000000B0020C84B002010B52DEDFE
:107550000A8B84B00020019002900390FE4890EDC9
:10756000000ADFEDFE0A60EE200A9FEDFD1A80EEB4
:10757000810AFC48D0ED000AFB4890ED031A10EE9A
:10758000810AFA4880ED000AF34890ED010ADFED28
:10759000F30A60EE200A9FEDF21A80EE810AF148AC
:1075A000D0ED010AF04890ED041A10EE810AEF4880
:1075B00080ED010AE84890ED020ADFEDE80A60EE8E
:1075C000200A9FEDE71A80EE810AE648D0ED020A14
:1075D000E54890ED051A10EE810AE44880ED020AB4
:1075E00090ED000AF0EE408A90ED010AB0EE409A6C
:1075F00090ED020AB0EE408A69EE090A48EE080AE8
:10760000B0EE600A21F09CFA20EE280A10EE104A33
:10761000204627F013F941EC1C0BB0EE4C0AF0EEBB
:107620006C0A1EF00DFDB0EE40BAF0EE60BA9FEDB0
:10763000D00B53EC102B51EC1B0B26F009FE41EC48
:107640001A0B26F003FBCC49086068EEA80A48EE46
:10765000080AB0EE600A21F073FA20EE090A10EE73
:10766000104A204627F0EAF841EC1C0BB0EE4C0A19
:10767000F0EE6C0A1EF0E4FCB0EE40BAF0EE60BA38
:107680009FEDBE0B53EC102B51EC1B0B26F0E0FDD5
:1076900041EC1A0B26F0DAFABA490860084690ED78
:1076A000000ADFEDB90A20EE200A10EE101A084693
:1076B00027F0C4F841EC1B0BB0EE4B0AF0EE6B0A5E
:1076C0001FF09AF9B0EE40AAF0EE60AA51EC1A0B46
:1076D00026F0BCFAAD498862AA4890ED000ADFEDB9
:1076E000AA0A20EE200A10EE101A084627F0A6F883
:1076F00041EC1B0BB0EE4B0AF0EE6B0A1FF014F8D6
:10770000B0EE40AAF0EE60AA51EC1A0B26F09EFAF9
:107710009E494863984890ED000ADFED9B0A20EEF1
:10772000200A10EE101A084627F088F841EC1B0BCF
:10773000B0EE4B0AF0EE6B0A1FF05EF9B0EE40AA15
:10774000F0EE60AA51EC1A0B26F080FA8F494862DD
:10775000894890ED000ADFED8C0A20EE200A10EE39
:10776000101A084627F06AF841EC1B0BB0EE4B0AE2
:10777000F0EE6B0A1EF0D8FFB0EE40AAF0EE60AA61
:1077800051EC1A0B26F062FA80490863764890EDB6
:10779000060A7F48D0ED000A30EE600A8DED010A3E
:1077A000714890ED070A7A48D0ED010A30EE600A80
:1077B0008DED020A6C4890ED080A7548D0ED020A7A
:1077C00030EE600A8DED030A9DED010A0846D0ED0A
:1077D0000C0A20EE200ADDED030A90ED091A00EEF6
:1077E000810A6C4880ED000A9DED010A0846D0ED43
:1077F0000A0A20EE200AD0ED090A20EE200ADDED6B
:10780000020A90ED0D1A00EE810ADDED030A90EDFB
:107810000A1A60EE810A90ED0C1A00EEC10A5D486A
:1078200080ED010A90ED011AF0EE410A90ED001A88
:10783000B0EE410A00F082F9DFED570A20EE200A8F
:10784000564880ED000A9FED561ADFED560A90ED7E
:10785000000A20F02FF8514880ED000A90ED000A50
:10786000514880ED000A444890ED000A4F4880EDF1
:10787000000A444890ED000A4C4880ED010A474850
:1078800090ED000A494880ED020AD0ED021AB0EEF0
:10789000611AD0ED011AF0EE610AD0ED001AB0EED7
:1078A000610A434823F0B2FB414890ED000A414889
:1078B00080ED000A3E4890ED010A3F4880ED000A45
:1078C0003B4890ED020A3D4880ED000A384890EDB3
:1078D000030A3B4880ED000A092024E0354991ED78
:1078E000000A384901EB800181ED000A324991ED2F
:1078F000000A3449283101EB800181ED000A2F494B
:1079000091ED000A2F49503101EB800181ED000A11
:107910002B4991ED000A2B49783101EB800181ED73
:10792000000A411E08B20028D8DC224890ED000A67
:10793000244880ED000A204890ED000A214880ED9F
:107940000A0A1E4890ED000A1E4880ED140A1C48E1
:1079500090ED000A1B4837E0CC48002000000046AC
:107960000AE81C41EC0A00200028002040490020C1
:107970006666666666A64CC0E00A002066666666B5
:1079800066A64C40DC0A002035FA8E3C74280020A4
:10799000D42400205C0200201B2F6542E40A002052
:1079A0000000B44300000000000B0020C84B002082
:1079B000D44B0020CC0A0020D00A0020D40A00209A
:1079C000D80A00202C48002080ED1E0A04B0BDEC2F
:1079D0000A8B10BD0348006840F47000014908603C
:1079E0007047000088ED00E00348006840F0404028
:1079F000014908607047000034EF00E000B5B0EEC8
:107A0000404AB7EE000AF0EE404AF0EE442AF5EEA6
:107A1000C02AF1EE10FA07D2B1EE620AF0EE402A67
:107A2000B1EE640AF0EE404AB6EE000AF4EEC02A67
:107A3000F1EE10FA1FDD0122B7EE000AF4EEC02AC3
:107A4000F1EE10FA04DDDFED343AB0EE630A00BD6A
:107A5000B7EE000A30EE620AF6EE000A20EE203A97
:107A6000B0EE430A00F0E4FCF8EE000A20EE200A33
:107A7000F0EE402A17E000229FED280AF4EEC02A1B
:107A8000F1EE10FA0DD2F0EE623AF5EEC04AF1EEE8
:107A900010FA03D2B1EE630AF0EE403AB0EE630A98
:107AA000D5E722EEA23A9FED1E0ADFED1E0A00EE98
:107AB000830ADFED1D0A40EE030A20EE835A9FED94
:107AC0001B0A73EE000A9FED1A0A00EE830ADFED2F
:107AD000190AF0EE605A40EE035A85EE250AF0EEE0
:107AE000403AB0EE620A03EEA20AF0EE403A012AF2
:107AF00005D19FED110A33EE800AF0EE403AF5EE23
:107B0000C04AF1EE10FA03D2B1EE630AF0EE403A49
:107B1000B0EE630A9BE7000000000000F304B539F3
:107B2000E0F939403F3118BF201B30C0855725C1CF
:107B3000F7EAC641581484C1DB0FC93FF0EE402A72
:107B4000B0EE603AB5EEC03AF1EE10FA19D1F5EEAA
:107B5000C02AF1EE10FA02D19FED590A70479FED4D
:107B6000590AF5EEC02AF1EE10FA00DDF6E7F5EE5F
:107B7000C02AF1EE10FA04D2F1EE403AB0EE630AF8
:107B8000ECE70020F0EE621AB0EE432AF5EEC01AE0
:107B9000F1EE10FA03D2F1EE613AF0EE631AB5EEAF
:107BA000C02AF1EE10FA03D2F1EE423AB0EE632AA7
:107BB000F4EEC21AF1EE10FA06DDF0EE420AB0EE73
:107BC000612AF0EE601A0220C1EE823AF0EE630AFA
:107BD000DFED3D3AF4EEE30AF1EE10FA14DD9FED2D
:107BE0003B4AF7EE003A50EE843A73EEA03AF0EEDC
:107BF000631ADFED373A70EEA33AB0EE632AC1EEB6
:107C0000823AF0EE630A401CB0EE601AB5EEC01A7C
:107C1000F1EE10FA03D2F1EE413AB0EE631ADFED65
:107C20002D3AB4EEE31AF1EE10FA02D2B0EE600A89
:107C300021E060EEA03AB0EE631ADFED273A9FED47
:107C4000274A44EE013A63EE813AF0EE631ADFED23
:107C5000243A31EE234ADFED233A44EE013AB0EE06
:107C6000632AC1EE823AB0EE630AF0EE603A40EE6B
:107C7000203AB0EE630A012803DDF1EE403AB0EE9F
:107C8000630A194901EB8001D1ED003A73EE803AA5
:107C9000B0EE630AB5EEC03AF1EE10FA05D2DFEDB0
:107CA000133A73EEC03AB0EE630AF5EEC02AF1EE75
:107CB00010FA03D2F1EE403AB0EE630A00BF4DE78E
:107CC00000000000DB0FC93FA330893EAF673B3F98
:107CD000D7B3DD3FF304B539A854B8BFAE5338BFAE
:107CE0003C1298407E3F8A40600F0300DB0F494002
:107CF000B0EE402A9FED1F4AF5EE003A42EE043AFC
:107D0000F0EE630AFDEEE03A13EE901AF5EEC00ACB
:107D1000F1EE10FA00D2491E03EE901AF8EEE33AA3
:107D200070EEE33AF0EE630ADFED133A60EEA31A69
:107D3000FCEEE13A13EE902AC2F3080003EE900A3B
:107D4000F8EE633A31EEE31A0C4A02EB8002D2ED10
:107D5000002A0A4B421C03EB820292ED003AF7EE36
:107D6000003A73EEC13A63EEA23AB0EE630A01EE56
:107D7000030A704783F9223E00000044F006030026
:107D80002DE9F04F2DED028B86B0B0EE404AF0EEBB
:107D9000602A6C466D46FE4EFE4801904FF0000B87
:107DA000B5EEC04AF1EE10FA16D1F5EEC02AF1EEAA
:107DB00010FA06D1B7EE000A06B0BDEC028BBDE8A2
:107DC000F08FF5EEC02AF1EE10FA02DD9FEDF20A17
:107DD000F2E79FEDF20AEFE7B5EEC04AF1EE10FAD6
:107DE00015D2BDEEE20A10EE107A00EE107AB8EE6F
:107DF000C00AB4EE620AF1EE10FA02D09FEDE60A74
:107E0000DAE7B1EE440AB0EE404A07F0010B8DED1F
:107E1000004A20684FEAE058A8F17E08206820F068
:107E2000FF4040F07C50206095ED003A012296ED35
:107E3000090AB4EEC30AF1EE10FA00DB0922101DA4
:107E400006EB800090ED000AB4EEC30AF1EE10FAE2
:107E500000DB121D901C06EB800090ED000AB4EED2
:107E6000C30AF1EE10FA00DB921C521C06EB8200F2
:107E700090ED000A33EE400AB0EE407A4FEA620C11
:107E8000019800EB8C0090ED000A37EE400AB0EE4E
:107E9000407A06EB820090ED000A70EE037A521EE3
:107EA00087EE270A8DED050A9DED050A30EE000AE2
:107EB0008DED050A9DED050A60EE006A9FEDB80A9A
:107EC00026EE800AF0EE403A9FEDB60A33EE800AC5
:107ED000F0EE403A23EEA60AF0EE403A9DED050A98
:107EE00023EE800AF0EE403ADFEDAF0AB0EE630A0F
:107EF00000EEA30AF0EE403A9DED050ADFEDAA0A76
:107F000020EE200AB0EE406A33EE860AB0EE406AF8
:107F10009DED050A36EE000AB0EE406AC2EB08108D
:107F200000EE100AB8EEC00AF0EE405A9FED9F0A2C
:107F300025EE800AF0EE405AF3EE000A62EEA00A47
:107F4000B0EE600A04A807F023FD9DED040ADFED02
:107F5000970A20EE200A8DED040A9DED040A32EE08
:107F6000C08A25EE880A8DED020A26EE220AB0EEBE
:107F7000405A9DED020A35EE000A8DED020ADDED54
:107F8000020AB3EE001A60EE810AB0EE600A03A89E
:107F900007F0FEFC9DED030ADFED840A20EE200AC7
:107FA0008DED030A9DED020ADDED030A30EE600A55
:107FB000B0EE402A9DED040A25EE800A8DED020AFE
:107FC0009DED020ADDED030A30EE200A8DED020A76
:107FD000DDED020AB3EE001A60EE810AB0EE600A2F
:107FE00003A807F0D5FC9DED030ADFED700A20EE33
:107FF000200A8DED030A9DED020ADDED030A30EE45
:10800000600AB0EE405A32EE050AB0EE402AF3EEB6
:10801000000A62EE200AB0EE600A02A807F0B8FC7F
:108020009DED020ADFED610A20EE200A8DED020AC5
:108030009DED030ADDED020A30EE200AB0EE405A53
:10804000B3EE000A25EE000AB0EE405ABDEEC50AB6
:1080500010EE101A9DED020A32EE400AB0EE402AF0
:1080600000EE101AB8EEC00ADFED510AB4EEE00AD5
:10807000F1EE10FA0BDDDFED494ABBF1010F03D140
:10808000B1EE640AF0EE404AB0EE640A94E6B5EE52
:10809000C02AF1EE10FA06DD9FED440A32EE400AE6
:1080A000B0EE402A491C00EE101AB8EEC00ADFED0F
:1080B000410AB4EEE00AF1EE10FA02D29FED360A60
:1080C0007AE6002901DA002300E0012308464FEA9E
:1080D000E17C01EB1C7C4FEA2C194B44C1EB031AE9
:1080E0009FED350A22EE000A8DED050A9DED050A89
:1080F000DFED320A30EE200A8DED050A9DED050A0E
:1081000020EE020A8DED050A9DED050ADFED2C0A31
:1081100030EE200A8DED050A9DED050A20EE020ADB
:108120008DED050A9DED050ADFED260A30EE200AE9
:108130008DED050A9DED050A20EE020A8DED050A7A
:108140009DED050ADFED200A30EE200A8DED050ACF
:108150009DED050A20EE020A8DED050A0AF10100E7
:1081600006EB800090ED000ADDED050A20EE200A06
:108170008DED050A0AF1010006EB800090ED000A82
:10818000DDED050A30EE200A8DED050A05AD1DE096
:10819000F40E03003C0F030000000000FFFF7F7F90
:1081A00000E84C3CAAAAAA3DEDA8E23E0000803DB2
:1081B00000C0FF4400E0FBC41815AB3A4B8D1D3CDA
:1081C0003758633DF0FD753E1872313F2C462068EC
:1081D000C0F3C759A9F17F094B447F33DBB2206854
:1081E00020F0FF402060206840EAC3502060D5EDB9
:1081F000004ABBF1000F03D0B1EE640AF0EE404A32
:10820000B0EE640AD8E50000F0EE400ADFED1E3A59
:1082100060EEA33AF0EE631AFDEEE13A13EE901A27
:10822000F5EEC00AF1EE10FA00D2491E03EE901AE4
:10823000F8EEE33A71EEE33AF0EE631ADFED133A4B
:1082400021EEA32AFCEEC23A13EE902AC2F30800F4
:1082500003EE900AF8EE633A32EE631A0C4A02EB30
:108260008002D2ED002A0A4B421C03EB820292EDFF
:10827000003AF7EE003A73EEC13A63EEA23AB0EE7E
:10828000630A01EE030A704783F9223E00000044AE
:10829000F006030070B5F0EE404A03460C46DFEDF1
:1082A000605A64EEA55AB0EE652AFDEEC25A15EE8C
:1082B000902AB5EEC02AF1EE10FA00D2521E05EE59
:1082C000902AF8EEE55A72EE655AB0EE652ADFEDB7
:1082D000555A22EE254AFCEEC45A15EE905AC5F3C3
:1082E000080000F18005C5F3080105EE900AF8EEDC
:1082F000655A34EE650A4C4D05EB8105D5ED005A03
:10830000F0EE652A484E4D1C06EB8505D5ED005A6A
:10831000B0EE655A354605EB8005D5ED005AF1EE15
:10832000655AB0EE651A451C06EB8505D5ED005A79
:10833000F1EE655AB0EE653ADFED3C0A75EE625A31
:10834000F0EE653A71EE035A65EEA05AB0EE006A9F
:1083500046EE635AF0EE651AF0EE085A63EEA55A3F
:10836000F0EE006AB0EE436A06EE816A46EE605AAD
:1083700040EE215AF0EE651A60EE215A41EE205A85
:10838000F0EE651AF0EE625A40EE215AC4ED005A42
:10839000354605EB8005D5ED005AF0EE652A451C03
:1083A00006EB8505D5ED005AB0EE655A354605EB6E
:1083B0008105D5ED005AB0EE651A4D1C06EB85051A
:1083C000D5ED005AB0EE653A75EE625AF0EE653AB8
:1083D00071EE035A65EEA05AB0EE006A46EE635A9B
:1083E000F0EE651AF0EE085A63EEA55AF0EE006A58
:1083F000B0EE436A06EE816A46EE605A40EE215ABC
:10840000F0EE651A60EE215A41EE205AF0EE651A40
:10841000F0EE625A40EE215AC3ED005A70BD0000E2
:1084200083F9223E00000044F0060300DB0F493CC4
:1084300000B5B0EE402AB0EE420A00F003F820EE9C
:10844000020A00BD08B5F0EE400ACDED000A0C4965
:108450000098A1EB500000909FED0A0A20EE800AE0
:108460009DED001A20EE011ADDED001A9FED060ABF
:1084700001EE610A9DED001A20EE010A08BD000020
:1084800012141F5F12D3363FFF51D83FF0EE401A4F
:108490009FED570AF4EEC01AF1EE10FA06DC9FEDDC
:1084A000550AF4EEC01AF1EE10FA02D29FED520A0C
:1084B0007047BDEEE10AB8EEC04A71EEC44AB6EEAE
:1084C000001AF5EEC01AF1EE10FA03D8B1EE410A27
:1084D000B0EE401A9FED495AB0EE410A01EE850A0E
:1084E000BDEEC00A10EE100A00EE100AF8EEC03A17
:1084F0009FED435AB0EE440A03EEC50AF0EE400A7F
:1085000030EEA40AF0EE400A9FED3E5AB0EE600A4B
:1085100003EEC50AF0EE400A9FED3B5AB0EE600A4A
:1085200003EEC50AF0EE400AF5EEC00AF1EE10FACD
:1085300004D2B1EE600AB0EE401A01E0B0EE601A6B
:108540009FED320AB4EEC01AF1EE10FA0CD200F030
:10855000010121B1BFEE000AC0EE202A01E0F0EED9
:10856000602AB0EE620AA3E720EEA00AB0EE401A3D
:108570009FED270A21EE000AB0EE402A9FED250A62
:1085800032EE000AB0EE402A22EE010AB0EE402A96
:1085900022EE200AB0EE402A32EE200AB0EE402A47
:1085A0009FED1D0A21EE000AB0EE403A9FED1B0A36
:1085B00033EE000AB0EE403A23EE010AB0EE403A44
:1085C000B7EE000A33EE000AB0EE403A00F00101C7
:1085D00039B1F0EE422AB1EE430AB0EE402AB0EED5
:1085E000623A82EE030AF0EE402AB0EE620A5FE7DA
:1085F000192C0E46192C0EC60000000083F9223FEC
:108600000000C93F0000FE39D3BB2BB5F304B539D8
:1086100035EC8C3A7811E4BDA2DA823C08AFE3BEB7
:1086200070B52DED028B0446B0EE408AF0EE608A04
:108630000025FE4801F03EFD40F2DC50FC49088078
:10864000FA4890ED020ADFEDFB0A20EE200ADFED8A
:10865000FA0AB4EEE00AF1EE10FA00DB0125F74861
:108660000078A04200D00125F448047024B1012C08
:108670007DD0022C7CD164E1F14890ED270AB5EE63
:10868000C00AF1EE10FA25D1EE4890EDFD0AB5EEE4
:10869000C00AF1EE10FA01D0012D05D1EA4890EDA3
:1086A000000AE84880EDFD0AE74890ED000AE54839
:1086B00080EDFE0A9FEDE50A00F57C700EF048FBA8
:1086C000E34890ED0C0AA83080ED010A0020E14952
:1086D00008702CE0DA4890ED270AB5EEC00AF1EEFA
:1086E00010FA0EDD90ED270AD948A83080ED010A76
:1086F0009FEDD90AD34880EDFD0A0120D5490870C5
:1087000015E0CF4890ED270AB5EEC00AF1EE10FA59
:108710000DD290ED270ACE48A83080ED010A9FEDDA
:10872000CE0AC84880EDFD0A0220CA490870C64832
:1087300090ED030AC648A83080ED020A9FEDC30AF7
:108740000EF012FCC3480078012812D1C048A830AE
:10875000D0ED0C0AB0EE600A9FEDC01ADFEDC00A42
:108760001FF0A8F8BA48A83080ED0C0A15E03EE0EA
:10877000B1E1B848007802280FD1B548A830D0ED53
:108780000C0AB0EE600A9FEDB71ADFEDB70A1FF0D2
:1087900091F8AF48A83080ED0C0AAD48A83090EDB4
:1087A0000C0A00F5527080ED010AB04890ED000A05
:1087B000AF4880ED020A9FEDA50A0EF0C9FAAC4859
:1087C00090ED010A9FEDAB1AC0EE010A90ED0C0A84
:1087D00090ED071ADFEDA81A31EE211ADFEDA71A86
:1087E00031EE611A01EE200A80ED0C0A73E1944823
:1087F00090ED270AB5EEC00AF1EE10FA17D19148B4
:1088000080EDFD8A904890ED000A8E4880EDFE0ACA
:108810009FED8E0A8E480EF09BFA8D4890ED0C0A63
:10882000A83080ED010A00208A4908702CE08448B5
:1088300090ED270AB5EEC00AF1EE10FA0EDD90EDCC
:10884000270A8348A83080ED010A9FED830A7D48FE
:1088500080EDFD0A01207F49087015E0784890ED11
:10886000270AB5EEC00AF1EE10FA0DD290ED270AF4
:108870007748A83080ED010A9FED770A714880EDB6
:10888000FD0A0220734908706F4890ED030A704892
:10889000A83080ED020A9FED6D0A0EF065FB6D4871
:1088A0000078012810D16A48A830D0ED0C0AB0EE4B
:1088B000600A9FED6A1ADFED6A0A1EF0FBFF64484A
:1088C000A83080ED0C0A13E06248007802280FD12E
:1088D0005F48A830D0ED0C0AB0EE600A9FED611A37
:1088E000DFED610A1EF0E6FF5948A83080ED0C0A62
:1088F0005748A83090ED0C0A5D4880ED010A5B48AE
:1089000090ED000A5A4880ED020A9FED500A0EF0E1
:108910001FFA574890ED010A9FED561AC0EE010A62
:1089200090ED0C0A90ED071ADFED531A31EE211A83
:10893000DFED521A31EE611A01EE200A80ED0C0AC9
:10894000C9E03F4890ED270AB5EEC00AF1EE10FAF3
:108950000CD19FED410A3B4880EDFD0A00F5936084
:10896000C0ED018A00203B4908702CE0344890EDAE
:10897000270AB5EEC00AF1EE10FA0EDD90ED270AD7
:108980003348A83080ED010A9FED330A2D4880ED71
:10899000FD0A01202F49087015E0294890ED270AAB
:1089A000B5EEC00AF1EE10FA0DD290ED270A284874
:1089B000A83080ED010A9FED280A224880EDFD0ACB
:1089C000022024490870204890ED030A2048A8306E
:1089D00080ED020A9FED1D0A0EF0C6FA1D480078D0
:1089E000012810D11A48A830D0ED0C0AB0EE600A68
:1089F0009FED1A1ADFED1A0A1EF05CFF1448A8302A
:108A000080ED0C0A3EE01348007802283AD1104865
:108A1000A830D0ED0C0AB0EE600A9FED121ADFED1F
:108A2000120A1EF047FF0A48A83029E07C620020A5
:108A3000360E00206F12833ACCCC4C3D240D002022
:108A4000B026002098540020084C00200AD7A33BF1
:108A500088580020250D0020000000000000C843B9
:108A60000000C8C300007A4300007AC39852002077
:108A7000785C0020000075440080BB4400408344C3
:108A800080ED0C0A1E4890ED0C0A00F5527080ED46
:108A9000010A1C4890ED000A1B4880ED020A1FEDF8
:108AA000150A0EF055F9184890ED010A1FED0F1A3E
:108AB000C0EE010A90ED0C0A90ED071A5FED121A54
:108AC00031EE211A5FED131A31EE611A01EE200A20
:108AD00080ED0C0A00BF00BF0B48D0ED0C0A0B481C
:108AE000008800EE100AB8EE400A30EE800ABDEEB3
:108AF000C00A10EE100A06490880BDEC028B70BD5A
:108B00003059002098520020785C0020360E00205A
:108B1000380E002010B5B0EE000A164B83ED000AA7
:108B20001B789BB990ED000A124B83ED000A1B786D
:108B30008B54104B5C78531CCC540E4B9C78931C7C
:108B4000CC540C4BDC78D31CCC5412E090ED000AD2
:108B5000084B83ED000ADB788B54064B9C78531C42
:108B6000CC54044B5C78931CCC54024B1C78D31C23
:108B7000CC5410BD6009002010B53F480088401C4F
:108B80003D4908800846008814284CDB00200880F6
:108B90003A4890F85900012842D13949087000201C
:108BA00038490870354981F859009FED370A374830
:108BB00080ED010A084690ED170A344880ED020A5C
:108BC000084690F856109FED320A30480EF050FCDF
:108BD0002E4890ED0C0AB1EE400A2E4880ED000AB6
:108BE0009FED2D0A2948A83080ED010A234890ED19
:108BF000140A2648A83080ED020A204890F8561042
:108C00009FED230A2148A8300EF032FC1F48A830FF
:108C100090ED0C0AB1EE400A1E4880ED010A02E018
:108C20000120184908701748007801281BD1144802
:108C3000007801280FD10220114908709FED120A17
:108C4000144880ED000A9FED100A80ED010A012012
:108C50000DF026F90EE00A48007802280AD100201B
:108C60000DF01EF906E00B48D0ED010A90ED000A68
:108C70000DF07EFD10BD0000F00D0020F46300201B
:108C8000EF0D0020F20D002000000000C05F00206A
:108C9000CDCCCC3DB00D00200000C84210B57748C7
:108CA0000088401C7549088008460088142871DB3C
:108CB00000200880724890F8590001286BD1714952
:108CC00008700020704908706D4981F859006F499B
:108CD00081F830006A4890ED170AF1EE040A20EEA0
:108CE000200A084680ED060A654890ED170AB5EEA1
:108CF000C00AF1EE10FA02DD90ED170A04E06048B8
:108D000090ED170AB1EE400AF1EE040AB4EEE00A63
:108D1000F1EE10FA58D201205D4908705D480078E4
:108D2000012827D19FED5C0A5C4880ED010A5C4870
:108D300090ED000A594880ED020A9FED5A0A554805
:108D4000017856480EF094FB544890ED0C0AB1EEB1
:108D5000400A554880ED010AD0ED010AB0EE600AE4
:108D6000B2EE041AFAEE040A1EF0A4FD4E4880ED9D
:108D7000010A04E0B2EE040A4B4880ED010A4748BC
:108D800090ED030AB5EEC00AF1EE10FA04DD90EDA5
:108D9000030A06E01FE01BE0404890ED030AB1EE35
:108DA000400AF2EE040AB4EEE00AF1EE10FA05D23F
:108DB000B9EE040A3C4880ED000A0CE09FED3B0A46
:108DC000394880ED000A06E002202F49087002E0D1
:108DD00001202D4908702C480078012825D1294808
:108DE000007801280FD10220264908709FED2F0A34
:108DF0002D4880ED000A9FED2D0A80ED010A01202B
:108E00000DF04EF838E01F480078022834D10020D9
:108E10000DF046F800201D4981F83000244890EDFF
:108E2000260A084680ED060A26E017480078022840
:108E30001BD11748007801280FD10220144908706F
:108E40009FED1A0A184880ED000A9FED180A80ED80
:108E5000010A01200DF024F80EE00D4800780228E8
:108E60000AD100200DF01CF806E00F48D0ED010AF1
:108E700090ED000A0DF07CFC10BD0000FE0D0020FE
:108E8000F4630020FC0D0020000E0020F46200209E
:108E9000010E0020ED09002000004842686000201B
:108EA000E8090020CDCCCC3DB00D00200000000032
:108EB000B026002002F001031BB1D0F800340B43B0
:108EC00002E0D0F800348B43C0F8003402F0020313
:108ED0001BB1D0F820340B4302E0D0F820348B4390
:108EE000C0F820347047C0F81C147047D0F8102424
:108EF0000A43C0F81024704770B504460D4620465A
:108F00001CF024FF06462946304603F065F830463B
:108F100002F0F0FF70BD02F001031BB1D0F808347D
:108F20000B4302E0D0F808348B43C0F8083402F059
:108F300002031BB1D0F804340B4302E0D0F8043430
:108F40008B43C0F8043402F004031BB1D0F80C3496
:108F50000B4302E0D0F80C348B43C0F80C3402F41D
:108F6000803323B1D0F8383543F0010303E0D0F863
:108F7000383523F00103C0F838357047F0B502F0FA
:108F800001051DB1D0F800550D4302E0D0F80055A1
:108F90008D43C0F8005502F002051DB1D0F804550C
:108FA0000D4302E0D0F804558D43C0F8045502F09B
:108FB00004051DB1D0F808550D4302E0D0F808555E
:108FC0008D43C0F8085502F008051DB1D0F81855BA
:108FD0000D4302E0D0F818558D43C0F8185502F043
:108FE00010051DB1D0F83C550D4302E0D0F83C55BA
:108FF0008D43C0F83C55002416E00125A5400D40E6
:1090000085B1D0F8C45F67000326BE40B543C0F801
:10901000C45FD0F8C45F6700C2F34116BE40354359
:10902000C0F8C45F651CECB2082CE6DB03F0010558
:109030001DB1D0F80C550D4302E0D0F80C558D430E
:10904000C0F80C5503F002051DB1D0F810550D43C2
:1090500002E0D0F810558D43C0F8105503F0040518
:109060001DB1D0F814550D4302E0D0F814558D43CE
:10907000C0F8145503F008051DB1D0F81C550D4378
:1090800002E0D0F81C558D43C0F81C5503F4007560
:109090001DB1D0F844550D4302E0D0F844558D433E
:1090A000C0F8445503F440751DB1D0F840550D4348
:1090B00002E0D0F840558D43C0F840551BB9D0F8B8
:1090C00028550D4302E0D0F828558D43C0F82855A7
:1090D000F0BD000010B50146C1F307400F4BDB6E39
:1090E00001248440234033B1012303EB40030C4CA3
:1090F00054F8230003E04300094C54F82300C1F363
:109100000722D0F82C350F249440A34301F00F041C
:1091100094402343C0F82C3510BD000000E00F4000
:1091200020EB02000246002000EB8100105870473F
:1091300030B504460D46002229462046FFF7BAFE08
:109140000023012229462046FFF718FF30BD30B525
:1091500004460D46002229462046FFF7ABFE0823B1
:10916000012229462046FFF709FF30BD30B50446ED
:109170000D460823012229462046FFF7FFFE012263
:1091800029462046FFF796FE30BD30B504460D4611
:10919000022229462046FFF78DFE09230122294697
:1091A0002046FFF7EBFE30BD30B504460D460222E7
:1091B00029462046FFF77EFE082301222946204645
:1091C000FFF7DCFE30BD30B504460D4602222946CD
:1091D0002046FFF76FFE0823012229462046FFF7AD
:1091E000CDFE30BD30B504460D460222294620464C
:1091F000FFF760FE0823012229462046FFF7BEFE46
:1092000030BD002303EB8103C250704710B5044604
:10921000227CD1B2E068FFF7F4FF10BD1FB500203B
:109220000290039028480068284988602848006810
:109230004860D1E90101CDE90001244803682548CF
:1092400007C820F02DFD8DED020ACDED030A9DED3E
:10925000020ADFED210A20EE200A8DED020A9DEDC3
:10926000030ADFED1D0A20EE200A8DED030A9DEDB5
:10927000030A1A4880ED000A9DED020A80ED010AFA
:109280009DED020A1648D0ED0E0A20EE200ADDED13
:10929000030A90ED0B1A00EE810A124880ED010AD4
:1092A0009DED020AB1EE400A0D48D0ED0B0A20EE0A
:1092B000200ADDED030A90ED0E1A00EE810A09483E
:1092C00080ED020A1FBD0000C0010020F8530020FD
:1092D000C4010020EC5300200000C842E0530020ED
:1092E00074280020D453002010B50F480088401C7B
:1092F0000D49088008460088142814DB0B48408874
:10930000632803DA6A200A49088002E00620084937
:10931000088000F011F816F0BDFB01200549087027
:1093200000200149088010BD42020020502E00207C
:1093300040020020AE01002010B52DED048BFE4848
:1093400017F08AFCFD4890ED000BFD4880ED000B06
:10935000FC4890ED000BFC4880ED000BFB4890EDC5
:10936000000AFB4880ED000AF84890ED010AF84831
:1093700080ED010AF54890ED020AF54880ED020AF9
:10938000F448F54909880831405C0830F349086021
:10939000F048F14909880931405CF0494860ED48DE
:1093A000ED4909880A31405CEC498860E948EA499E
:1093B00009881431405CEA490870E648E6490988A2
:1093C0001531405C00F00100E6490870E148E249CF
:1093D00009881531405CC0F34000E2494870DD481F
:1093E000DD4909881531405C00F03A008010DD4904
:1093F0008870D848D84909881531405C00F02000B1
:10940000D849C870D8480088D8490880D148D2497E
:1094100009881731405CD4490880CE48CE49098874
:109420001831425CCC4909881931405C02EB0022BA
:10943000C848C94909881A31405C02EB0042C54955
:10944000C54800881B30085C02EB0060C849086012
:10945000084690ED000AB8EEC00ADFEDC60A20EE1D
:10946000200A10EE101A084625F0E8F9B34A03C2A4
:10947000B848B94909881C31425CB74909881D318F
:10948000405C02EB0022B348B34909881E31405CBE
:1094900002EB0042AF48B04909881F31405C02EB43
:1094A0000060B5490860084690ED000AB8EEC00AB1
:1094B000DFEDB00A20EE200A10EE101A084625F063
:1094C000BDF9A04A03C29D4890ED000B51EC100B72
:1094D00024F0FAFD044624F054FEA84A03C2A7482B
:1094E00090ED000B53EC102B944890ED000B51ECD9
:1094F000100B25F0B9F841EC190B9FEDA10B53ECC3
:10950000102B24F0A5FE41EC180B24F0DDFD0446E1
:1095100024F037FE9C4A03C28A4890ED000B51ECC0
:10952000100B24F0D1FD044624F02BFE974A03C211
:10953000964890ED000B53EC102B824890ED000BF9
:1095400051EC100B25F090F841EC190B9FED8C0BB2
:1095500053EC102B24F07CFE41EC180B24F0B4FDEE
:10956000044624F00EFE8A4A03C27A487A490988E2
:109570002431425C784909882531405C02EB0022A5
:109580007448754909882631405C02EB00427148F5
:10959000714909882731405C02EB006000EE100A37
:1095A000B8EEC00A7B4880ED000A90ED000ABDEEDF
:1095B000C00A794880ED000A764890ED000ADFED98
:1095C000770A80EE201A80ED001A62486249098805
:1095D0002831425C604909882931405C02EB002255
:1095E0005C485D4909882A31405C02EB00425948D9
:1095F000594909882B31405C02EB006000EE100AEB
:10960000B8EEC00A664880ED000A90ED000ADFED72
:10961000650A20EE200A80ED000A4E484E4909886E
:109620002C31425C01464C4800882D30085C02EB2E
:109630000022494800882E30085C02EB0042464870
:1096400000882F30085C02EB006000B256490880A9
:109650000846B0F9000000EE100AB8EEC00ADFEDCF
:10966000530A20EE200ABDEEC00A10EE100A00B226
:1096700008803848384909883031425C36490988C1
:109680003131405C02EB00223248334909883231E3
:10969000405C02EB00422F482F4909883331405C7F
:1096A00002EB006000EE100AB8EEC00A274880ED19
:1096B000010A90ED010AF2EE040A80EE201A80ED14
:1096C000011A2448244909883431425C0146224861
:1096D00000883530085C02EB002208461E490988E4
:1096E0003631405C02EB00421A481B490988373189
:1096F000405C02EB006000EE100AB8EEC00A1348AE
:1097000080ED000A90ED000AF2EE040A80EE201AC5
:1097100080ED001A0F48104909883831405C00EB91
:1097200000220C480C4909883A31405C02EB0042A7
:109730000849094800883BE0C4240020D0010020EB
:10974000B0010020D8010020B8010020AC24002086
:10975000A0240020562E0020400200209424002047
:109760002C0200202D0200201402002016020020EE
:10977000C001002095BFD633C4010020E8010020BD
:1097800000000000D0126341F8010020F001002029
:10979000000200203C020020C801002000007A44A2
:1097A000340200206F12833A380200200AD7233C8B
:1097B0003B30085C02EB006000EE100AB8EEC00A15
:1097C000774880ED020A90ED020AFAEE040A80EE74
:1097D000201A80ED021A90ED010A724880ED000A0D
:1097E0006F4890ED000A6F4880ED010A881F90F8DD
:1097F0004220801D6C4909883D31405C02EB00220B
:109800006A48694909883E31405C02EB004267487A
:10981000654909883F31405C02EB006000EE100AA8
:10982000B8EEC00A624880ED000A90ED000AF2EE40
:10983000040A80EE201A80ED001A5C485A49098813
:109840004031425C584909884131405C02EB0022BA
:109850005648554909884231405C02EB0042534961
:10986000514800884330085C02EB006000EE100AAB
:10987000B8EEC00A4F4880ED000A90ED000ADFED17
:109880004E0A20EE200A80ED000A08464649098863
:109890004431425C444909884531405C02EB002276
:1098A0004248414909884631405C02EB00423F484A
:1098B0003D4909884731405C02EB006000B23F49F6
:1098C00008800846B0F9000000EE100AB8EEC00AA1
:1098D000DFED3B0A20EE200ABDEEC00A10EE100AB2
:1098E00000B208803148304909884C31425C2E4929
:1098F00009884D31405C02EB002000EE100AB8EE02
:10990000C00A304880ED000A90ED000A5FED590A68
:1099100020EE200A80ED000A90ED000A2A4880ED32
:10992000000A1F4890ED000A2848D0ED000A30EEEA
:10993000600A5FED660A20EE200A2548D0ED020A93
:1099400080EE201A234880ED001A154890ED010A98
:109950001E48D0ED010A30EE600A5FED700A20EE7D
:10996000200A1B48D0ED020A80EE201A194880ED2B
:10997000011A0B4890ED020A1448D0ED020A30EEAD
:10998000600A5FED7A0A20EE200A1148D0ED020A43
:1099900080EE201A0F4880ED021ABDEC048B10BD3A
:1099A000AC2400201802002040020020562E002087
:1099B000080200200C020020ACC527373A02002024
:1099C000CDCCCC3D2802002010020020A024002095
:1099D000C4240020B824002010B50446C821204625
:1099E000F9F7C0FF10BD00000C480088072812DB03
:1099F0000B4890ED000AF0EE0C0AB4EEE00AF1EE2E
:109A000010FA08D807480078012804D106480078E1
:109A100008B9012070470020FCE700001402002074
:109A200010020020DC0B0020500C002010B52DEDA2
:109A3000028B32480088642804DC30480088401CCF
:109A40002E4908802D480088642808D12C4890EDC4
:109A5000130A80ED140A0120BDEC028B10BD2748CB
:109A60000088652847D1264890ED130AD0ED140AE6
:109A700080EE201AB7EE000A21EE000AB0EE408A0E
:109A8000DFED200AB0EE480AFEF77AF9F7EE000A99
:109A900030EEC00ADFED1C0A20EE200A184880EDE7
:109AA000150A1A480078012823D1154890ED150AA7
:109AB000D0ED160A30EE600ADFED150A80EE201AAE
:109AC00080ED171A90ED150A80ED160A90ED170A31
:109AD000D0ED180A30EE600ADFED0D0A80EE201A94
:109AE00080ED191A90ED170A80ED180A0020074939
:109AF00008700120B0E700BF0020ADE7380B002060
:109B000000280020B1DC423ED048874A7003002084
:109B1000CDCC4C3D0F4890ED000AB8EE400ADFED89
:109B20000E0A20EE200ADFED0D0A60EE200A9FEDFE
:109B30000C1A80EE810A0B48D0ED000A9FED0A1A3C
:109B400001EE200A80ED000A90ED000A074880ED42
:109B5000000A70470C300020CDCCCC3D333311428D
:109B600000F07F45140400206666663F0C04002068
:109B700010B52DED028B9FEDFE0AB0EE408A9FEDF1
:109B8000FC0AF0EE408AFB4817F066F8F94890EDC1
:109B9000020ADFEDF90A80EE201AF0EE418A9FED0D
:109BA000F70AF4EEC08AF1EE10FA0BDC9FEDF40A2E
:109BB000F4EEC08AF1EE10FA04D318EE900A1CF00D
:109BC00084F918B19FEDEF0AF0EE408AEE4890F864
:109BD000440001287DD1EC4890F847000028F9D1D5
:109BE000EA4800780328F5D1E94890ED000AE948F1
:109BF000D0ED000A00EEA80AE54880ED000A90EDDD
:109C0000000AB5EEC00AF1EE10FA07D290ED000A94
:109C1000DFEDE10A30EE200A80ED000ADC4890ED2D
:109C2000000ADFEDDD0AB4EEE00AF1EE10FA07DD1E
:109C300090ED000ADFEDD80A30EE600A80ED000AF0
:109C4000D6480088401CD54908800846008802286C
:109C500012DB0020088013200CE0411ED04A02EBEA
:109C6000810191ED000A114601EB800181ED000AAE
:109C7000411E88B20028F0DCC54890ED000AC848B3
:109C800080ED000AC04890ED100AC548C549098812
:109C900000EB8100D0ED000A30EE600AB0EE408AA1
:109CA000B94890ED100ADFEDC00AB4EEE00AF1EE1B
:109CB00010FA16DDBA48BB49098800EB810090ED27
:109CC000000ADFEDBA0AB4EEE00AF1EE10FA08D2AB
:109CD00000E078E09FEDB00A38EE400AB0EE408A2E
:109CE0001DE0A94890ED100ADFEDB00AB4EEE00ADD
:109CF000F1EE10FA13D2AA48AA49098800EB8100B4
:109D000090ED000ADFEDA80AB4EEE00AF1EE10FAD9
:109D100005DD9FEDA10A38EE000AB0EE408A9A48B0
:109D200090F84500012835D10020974981F8450079
:109D30003831A1F1200021F031FA934890ED100A5A
:109D4000B5EEC00AF1EE10FA07D290ED100ADFED81
:109D5000920A30EE200A80ED100A8B4890ED100A2E
:109D6000DFED8D0AB4EEE00AF1EE10FA07DD90EDBA
:109D7000100ADFED890A30EE600A80ED100A84488F
:109D800090ED000A8A48D0ED000A08EE200A8048CB
:109D900080ED000A7E4890ED000AB5EEC00AF1EEB3
:109DA00010FA09D290ED000ADFED7B0A30EE200AAE
:109DB000804880ED190A29E1754890ED000A7D4838
:109DC00080ED190A22E17C48807801287ED1704814
:109DD00090ED000A6F48D0ED000A00EEA80A6C482A
:109DE00080ED000A90ED000AB5EEC00AF1EE10FA1F
:109DF00007D290ED000ADFED680A30EE200A80ED10
:109E0000000A634890ED000ADFED630AB4EEE00A51
:109E1000F1EE10FA07DD90ED000ADFED5F0A30EE9B
:109E2000600A80ED000A654890ED000A5848D0EDC0
:109E3000000A30EE600AB0EE408A604890ED000AF9
:109E4000DFED590AB4EEE00AF1EE10FA10DD5048E9
:109E500090ED000ADFED550AB4EEE00AF1EE10FADB
:109E600006D29FED4D0A30EE480AB0EE408A19E066
:109E7000524890ED000ADFED4D0AB4EEE00AF1EE33
:109E800010FA0FD2424890ED000ADFED470AB4EE17
:109E9000E00AF1EE10FA05DD9FED3F0A38EE000A08
:109EA000B0EE408A4648007801280DD10020444990
:109EB0000870374890ED000A4248D0ED000A08EEDD
:109EC000200A334880ED000A314800E026E090ED9A
:109ED000000AB5EEC00AF1EE10FA09D290ED000AC0
:109EE000DFED2D0A30EE200A324880ED190A05E038
:109EF000274890ED000A2F4880ED190A3248007873
:109F000001280AD12B4890ED190A3048D0ED000AFB
:109F100030EE600A274880ED190A77E02C4890ED72
:109F2000001AF8EE001A21EE211AD0ED001A21EEE7
:109F3000211A2848D0ED001AB0EE002A61EE821AEC
:109F400090ED002A01EEC21AF7EE001A31EE211A46
:109F5000F0EE410A204890ED001AF0EE001A21EED2
:109F6000211A1C48D0ED001A21EE211A1B4837E0B7
:109F700000000000F44B002000007A443008AC3BA5
:109F8000E3A59B3B0AD7A33BC8380020F40E002072
:109F9000000B00200C0B00200000B443480B0020F5
:109FA000D8480020200B0020000087430000B44266
:109FB0001C0B002074280020F80A0020E40A00206E
:109FC000040B0020180B0020DC0B0020E00B00200D
:109FD000D80A0020D40A0020D00A0020CC0A002091
:109FE000D0ED001AB0EE002A61EE821A2C4890EDF6
:109FF000002A01EE821AB0EE410AFDF79FFDDFED67
:10A00000290A20EE200A284880ED190A264890EDFA
:10A01000190AB5EEC00AF1EE10FA07D290ED190A4E
:10A020005FED230A30EE200A80ED190A1E4890EDFC
:10A03000190A5FED270AB4EEE00AF1EE10FA07DD27
:10A0400090ED190A5FED2C0A30EE600A80ED190AD6
:10A05000164890F84800154991F84710884205D0F5
:10A06000114890ED190A124880EDA90A0E48D0ED6A
:10A07000191AB0EE611AD0ED171AF0EE610AD0EDA0
:10A08000181AB0EE610A4C3020F0C0FF0648F9F70C
:10A0900013FA14F0BBFC15F019FEBDEC028B10BDD9
:10A0A000D80A0020E02E654274280020C83800201D
:10A0B0009854002010B5044694ED010A84ED000A7E
:10A0C0001FF0A0FF00EE100AB8EE400ADFED0C0A08
:10A0D00080EE201A84ED011A94ED010AD4ED000AF5
:10A0E00030EE600A84ED020A94ED020AF6EE000AF0
:10A0F00030EE200ABCEEC00A10EE100AA08110BD9E
:10A1000000007A44002113210CE0481E104A02EBA3
:10A110008000D0ED000A104600EB8100C0ED000A7F
:10A12000481E81B20029F0DC094880ED000AD0ED1C
:10A13000000A90ED091A70EEC10AB7EE001AC0EEDF
:10A14000811AFDEEE10A10EE900A00B2704700009D
:10A150006027002010B514480078012802D117F0BC
:10A16000C1FE1DE010480078022802D116F054F814
:10A1700016E00D480078032802D116F061FB0FE0CD
:10A180000A480088401C09490880084600880A21BE
:10A1900090FBF1F201FB120010B9054818F0E4FA47
:10A1A00023F0EEFA10BD00008A0800209808002075
:10A1B0002439002010B52DED028B84B00446D3481D
:10A1C0000088012802D0D248008818B104B0BDEC44
:10A1D000028B10BDCF48008800EE100AB8EE400A8E
:10A1E000DFEDCD0AB4EEE00AF1EE10FA20D8CB484C
:10A1F00090ED000ADFEDCA0AB4EEE00AF1EE10FAC3
:10A2000016DBC84890ED000AB5EEC00AF1EE10FA70
:10A210000ED1C54890ED000ADFEDC40AB4EEE00AA5
:10A22000F1EE10FA04D8C2480088401CC0490880EA
:10A23000B848008800EE100AB8EE400ADFEDB60A12
:10A24000B4EEE00AF1EE10FA20D8B44890ED000A1E
:10A25000DFEDB30AB4EEE00AF1EE10FA16DBB14816
:10A2600090ED000AB5EEC00AF1EE10FA0ED1AE483C
:10A2700090ED000ADFEDAD0AB4EEE00AF1EE10FA5F
:10A2800004D8AB480088B0F5167F03DAA9480078F7
:10A29000012809D19D48008830B90020A4490880D0
:10A2A000A5490870A3490870A3480078012800D187
:10A2B0008CE79FEDA28A94ED000AA148D0ED000A38
:10A2C00030EE600AB5EEC00AF1EE10FA06DD94ED4C
:10A2D000000AD0ED000A30EE600A08E094ED000AB2
:10A2E0009748D0ED000A30EE600AB1EE400ADFED8B
:10A2F000930A20EE200AF2EE040AB4EEE00AF1EE30
:10A3000010FA71D894ED010A8D48D0ED010A30EEB3
:10A31000600AB5EEC00AF1EE10FA06DD94ED010A0E
:10A32000D0ED010A30EE600A08E094ED010A84489D
:10A33000D0ED010A30EE600AB1EE400ADFED7F0A8F
:10A3400020EE200AF2EE040AB4EEE00AF1EE10FA72
:10A350004AD894ED020A7A48D0ED020A30EE600A3B
:10A36000B5EEC00AF1EE10FA06DD94ED020AD0ED6A
:10A37000020A30EE600A08E094ED020A7048D0ED5F
:10A38000020A30EE600AB1EE400ADFED6C0A20EE00
:10A39000200AF2EE040AB4EEE00AF1EE10FA23D835
:10A3A0006848007801281FD1674890ED000AD4ED75
:10A3B000000A30EE200A80ED000A90ED010AD4ED8B
:10A3C000010A30EE200A80ED010A90ED020AD4ED78
:10A3D000020A30EE200A80ED020A5C480088401C28
:10A3E0005A49088010E0FFE79FED590A564880ED72
:10A3F000000A9FED570A80ED010A9FED550A80ED96
:10A40000020A00205149088094ED000A4C4880ED72
:10A41000000A94ED010A80ED010A94ED020A80ED34
:10A42000020A4A480088B0F5C87F6CDB4648D0ED88
:10A43000000A4648008800EE100AB8EE400A80EE96
:10A44000801A444880ED001A3F48D0ED010A3F4889
:10A45000008800EE100AB8EE400A80EE801A3D48EF
:10A4600080ED011A3848D0ED020A3848008800EE25
:10A47000100AB8EE400A80EE801A364880ED021AC3
:10A48000FDF764F83348D0ED021AB0EE611AD0ED52
:10A49000011AF0EE610AD0ED001AB0EE610A2E4901
:10A4A0005B201BF034FB002002212C4A03469FED69
:10A4B0002C0ACDE90021029064224FF4FA61294868
:10A4C000F7F79FFE9FED220A1F4880ED000A9FEDDF
:10A4D000200A80ED010A9FED1E0A80ED020A00208D
:10A4E0001A490880012020494872134908706420E5
:10A4F0001E494861B5EE000A084680ED060A0120B3
:10A5000088700320088000BF60E60000240300205C
:10A510007E02002006030020004083441003002038
:10A52000000016430C030020080300200000D2C1E5
:10A530005E010020B90800205C01002047237A3C1E
:10A540001C180020620F0020101800207801002045
:10A5500000000000982500203C3000200050024000
:10A56000CDCC4C3E741800208E370020943F002044
:10A5700010B5174890ED0C0A80ED2B0A90ED600A9B
:10A5800080ED7F0A134890ED1B0A114880ED2C0ADC
:10A59000104890ED1C0A0E4880ED800A9FED0E0ACF
:10A5A000A8300CF011FE9FED0C0A0C480CF00CFECC
:10A5B0000B4890ED000A064880EDD40A9FED060A8C
:10A5C00000F552700CF000FE1BF0E4FA10BD000024
:10A5D00098540020742800200AD7A33B90560020EE
:10A5E0000C0B002010B51BF0F3F94FF46120F9F7C4
:10A5F000FBF84FF47A30F9F7C1F8F6F7AFF9F7F74F
:10A60000D9FE0DF067FC0DF0D1FCF7F7ABFD13F0B0
:10A61000C5FE02F0BFFF12F0B1FF00F097F90DF098
:10A620008DFA0CF081FA00BF00F07CFD0028FBD110
:10A63000F8F770FD14F0F6FA0DF0D4FD1BF0E6F912
:10A64000F9F756F913F052FFF9F7DAF917F07AFD36
:10A6500014F074F94FF4E130F9F7DAFA16F0F8F97A
:10A6600016F0A6FFC8201DF07AF910BD10B52DED2B
:10A67000028B86B000200390049005909B480088D0
:10A6800000EE100AB8EE400ADFED990AB4EEE00AD7
:10A69000F1EE10FA22D8974890ED000ADFED960A05
:10A6A000B4EEE00AF1EE10FA18DB944890ED000ADF
:10A6B000DFED930AB4EEE00AF1EE10FA0ED89148FD
:10A6C00090ED000ADFED8E0AB4EEE00AF1EE10FA2A
:10A6D00004D88D480088401C8B4908808348008836
:10A6E00000EE100AB8EE400ADFED810AB4EEE00A8F
:10A6F000F1EE10FA21D87F4890ED000ADFED7E0AD6
:10A70000B4EEE00AF1EE10FA17DB7C4890ED000A97
:10A71000DFED7B0AB4EEE00AF1EE10FA0DD87948CD
:10A7200090ED000ADFED760AB4EEE00AF1EE10FAE1
:10A7300003D875480088962803DA744800780428FE
:10A740007DD1734800880028FAD14FF4FA601DF0DB
:10A7500006F9704890ED170A6F4880ED000A6D48C1
:10A7600090ED180A6D4880ED000A002425E06C4841
:10A7700090ED000AF3EE040AB4EEE00AF1EE10FAEE
:10A780001BD8002012E003A901EB800191ED000A23
:10A79000644901EB8001D1ED000A30EE200A03A9E3
:10A7A00001EB800181ED000A411C08B20328EADBBD
:10A7B00005201DF0D4F8601C84B2C82CD7DBDDED79
:10A7C000030A00EE104AB8EE400A80EE801A9FEDB0
:10A7D000560A21EE000ADFED550A80EE201A544891
:10A7E00080ED001ADDED040A00EE104AB8EE400AD2
:10A7F00080EE801A9FED4C0A21EE000ADFED4B0A35
:10A8000080EE201A80ED011ADDED050A00EE104AF7
:10A81000B8EE400A80EE801A9FED430A21EE000A4E
:10A82000DFED420A80EE208A90ED001AD0ED001A8A
:10A83000DFED400A41EE610A90ED011A00E050E0C0
:10A84000D0ED011A41EE610AB0EE600A21F074FB0E
:10A8500038EE400A364880ED020A00202A49088076
:10A860003348D0ED000AB0EE600A334956201BF0A1
:10A8700037F92F48D0ED010AB0EE600A2E49572073
:10A880001BF02EF92A48D0ED020AB0EE600A2A49E0
:10A8900058201BF025F928491F4890ED000A002098
:10A8A0001BF01EF924491D4890ED000A01201BF001
:10A8B00017F90DF097FC00200221204A03469FED76
:10A8C000200ACDE90021029064224FF4FA711D485C
:10A8D000F7F797FC01201C49487200200B490870CB
:10A8E00000BF06B0BDEC028B10BD000006030020C7
:10A8F0000040834410030020000016430C03002096
:10A900000000D2C10803002054010020B908002033
:10A9100024030020742800204C0100205001002056
:10A92000E80A0020342800200AE81C410000004604
:10A93000041800203D57C0423C3000200050024027
:10A94000CDCC4C3E741800208E3700201CB59FEDF6
:10A95000110A8DED010A9FED0F0A8DED000A01A984
:10A96000002012F0B4FE6946012012F0B0FE0198FA
:10A970001BF08FFA20B99DED010A074880ED000A0F
:10A9800000981BF086FA20B99DED000A034880ED7F
:10A99000000A1CBD000000004C01002050010020F6
:10A9A00010B5044663480079012869D161484079AF
:10A9B000012803D05F488079012816D15E4890EDC8
:10A9C000010A5E4880ED000A5B4890ED020A594892
:10A9D000D0ED030A30EE200A584880ED010A5848AD
:10A9E00090ED000A574880EDFD0A5248C0790128D1
:10A9F00003D05048007A012816D14F4890ED010A43
:10AA00004C48D0ED030A30EE200A4C4880ED000A95
:10AA1000494890ED020A494880ED010A484890ED06
:10AA2000000A484880EDFD0A4248407A012803D0D8
:10AA30004048807A012816D13F4890ED010A3F48EE
:10AA400080ED000A3C4890ED020A3C4880ED010A86
:10AA50003B4890ED000A3748D0ED030A30EE200A5B
:10AA6000384880EDFD0A0020324948710021314804
:10AA70008171C17101724172817200202D4908718A
:10AA8000314890ED000AB5EEC00AF1EE10FA1FD180
:10AA90002E4890ED000AB5EEC00AF1EE10FA17D17B
:10AAA0002B480078012801D0012C0ED1224890EDCE
:10AAB000010A224880ED000A1F4890ED020A1F4853
:10AAC00080ED010A0020224908700BF0ABFC29E060
:10AAD0002048D0ED240AF1EE600AB0EE600ADFED06
:10AAE0001E0A23200BF052FA1C4880ED000A194878
:10AAF000D0ED250AF1EE600AB0EE600ADFED160A2D
:10AB000023200BF043FA154880ED010A9FED140A4B
:10AB10000A4880ED000A9FED120A80ED010A01202B
:10AB20000B4908700D48D0ED010A90ED000A0BF0BA
:10AB30001FFE10BDA438002060660020980D002084
:10AB4000084C0020985400200C030020080300202B
:10AB5000960D0020B026002000007A43B00D0020A2
:10AB6000000000001FB50446BD480079012869D1E6
:10AB7000BB484079012803D0B9488079012816D113
:10AB8000B84890ED010AB84880ED000AB54890ED4C
:10AB9000020AB348D0ED030A30EE200AB24880ED35
:10ABA000010AB24890ED000AB14880EDFD0AAC48B8
:10ABB000C079012803D0AA48007A012816D1A948F3
:10ABC00090ED010AA648D0ED030A30EE600AA648CF
:10ABD00080ED000AA34890ED020AA34880ED010A27
:10ABE000A24890ED000AA24880EDFD0A9C48407AF8
:10ABF000012803D09A48807A012816D1994890ED0F
:10AC0000010A994880ED000A964890ED020A96489C
:10AC100080ED010A954890ED000A9148D0ED030AB5
:10AC200030EE200A924880EDFD0A00208C494871E0
:10AC300000218B488171C1710172417281720020C3
:10AC4000874908718B48807C012815D1894A517C3D
:10AC5000107CD2ED031AB0EE611AD2ED021AF0EEBA
:10AC6000610AD2ED011AB0EE610A00F07FF900200E
:10AC700080498874C87488827E48007C30B101287D
:10AC800005D0022809D0032873D1DAE000BF20469E
:10AC900000F0FEF81FF08CFFE0E0764890ED010A2E
:10ACA000B5EEC00AF1EE10FA06D190ED020AB5EE4B
:10ACB000C00AF1EE10FA76D06F48D0ED240AF1EE1A
:10ACC000600AB0EE600ADFED6D0A23200BF05EF93A
:10ACD0008DED020A6848D0ED250AF1EE600AB0EE6B
:10ACE000600ADFED660A23200BF050F98DED030AB0
:10ACF000634890ED000AB5EEC00AF1EE10FA40D1BB
:10AD0000604890ED000AB5EEC00AF1EE10FA38D1B5
:10AD1000584890F8280001282CD15648806BC0B1C3
:10AD20005448806B401E53498863084690ED0B0AD7
:10AD30008DED000A90ED0C0A8DED010ADDED010AA2
:10AD40009DED000A0BF014FD01204A4981F83C00FA
:10AD500027E00020474981F82800032008740020DC
:10AD600081F83C0001204849887303204749087056
:10AD700017E06FE0DDED030A9DED020A0BF0F8FC31
:10AD80000FE0DDED030A9DED020A0BF0F1FC00205F
:10AD9000384981F82800032008740020886381F86E
:10ADA0003C004DE0FFE7334890F82800012818D117
:10ADB0003048806B28B12F48806B401E2D49886336
:10ADC0000FE000202B4981F828000420087401209E
:10ADD0002D49887303202D4908700020254981F8EA
:10ADE0003C00244890F83C00012806D100F050F8BF
:10ADF0000020204981F83C0002E0204600F048F89D
:10AE00001F4890ED000AB5EEC00AF1EE10FA07D126
:10AE10001C4890ED000AB5EEC00AF1EE10FA0FD012
:10AE20000020144981F828000420087401201649E4
:10AE3000887303201549087000200E4981F83C00F2
:10AE40000CE0012000F024F80A48007C401C09496D
:10AE5000087403E0204600F01BF800BF00BF1FBDD0
:10AE6000A438002084690020980D0020084C0020A0
:10AE70009854002020090020B026002000007A43CA
:10AE80000C030020080300208E370020320A002027
:10AE900010B504462C4890ED000AB5EEC00AF1EE5C
:10AEA00010FA1FD1294890ED000AB5EEC00AF1EE64
:10AEB00010FA17D126480078012801D0012C0ED1B4
:10AEC000244890ED010A244880ED000A214890EDC5
:10AED000020A214880ED010A00201D4908700BF08C
:10AEE00027FB29E01D48D0ED240AF1EE600AB0EE00
:10AEF000600ADFED1B0A23200BF048F8194880EDAB
:10AF0000000A1648D0ED250AF1EE600AB0EE600A9C
:10AF1000DFED130A23200BF039F8124880ED010A07
:10AF20009FED110A0C4880ED000A9FED0F0A80ED9D
:10AF3000010A0120064908700A48D0ED010A90ED87
:10AF4000000A0BF015FC10BD0C03002008030020C4
:10AF5000960D002084690020980D0020B026002066
:10AF600000007A43B00D00200000000030B52DED48
:10AF7000048B83B0F0EE408AB0EE609AB0EE418A66
:10AF800004460D46ACBB15B1012D4CD132E09FED0E
:10AF9000390A8DED020A9FED370A8DED010A364818
:10AFA00090ED190AB0EE401A01A902A8F0EE490A84
:10AFB000B0EE680A1DF0D0F9304890ED010ADDEDE1
:10AFC000020A30EE200A2E4880ED000A2B4890ED50
:10AFD000020ADDED010A30EE200A294880ED010A5F
:10AFE000284890ED000A30EE080A274880EDFD0A57
:10AFF00019E019E0214890ED010A30EE280A2048B6
:10B0000080ED000A1D4890ED020A30EE090A1C4846
:10B0100080ED010A1B4890ED000A30EE080A1A483C
:10B0200080EDFD0A00BF20E0012C1ED1012D08D1CA
:10B030001348C0ED008A80ED019A134880EDFD8A27
:10B0400012E00E4890ED010A0D4880ED000A0B4811
:10B0500090ED020A0A4880ED010A0A4890ED000AC4
:10B06000094880EDFD0A00BF00BF03B0BDEC048BB2
:10B0700030BD00000000000074280020846900201A
:10B08000980D0020084C0020985400200146486884
:10B0900000F0010008B1012070470020FCE741608A
:10B0A000704701468868704781607047016A41F0C7
:10B0B000100101627047000070B503460C46164649
:10B0C0001846FFF7F3FF012E01D10F4A00E00F4AA7
:10B0D000142000FB0240401E02EB82018900B0FBFD
:10B0E000F1F0451EDD60D3F8C00F00F0010048B15B
:10B0F00007482044401E0649B0FBF1F0451E45F0CC
:10B100008000D86070BD0000801A0600A086010093
:10B110008047370142EA41030360704710B500F0F1
:10B12000ADFE10BD10B5002481226B217948007856
:10B130001DF0A2FC64201CF012FC752175480078FB
:10B1400014F090FD7449087008460078FF2812D169
:10B1500069207049087081226B216E4800781DF0CB
:10B160008BFC64201CF0FBFB75216A48007814F00E
:10B1700079FD6949087068480078982832D004DC65
:10B1800012285DD068287DD104E0AE2856D0AF28C3
:10B19000F9D154E080226B215E4800781DF06CFCF0
:10B1A000C8201CF0DCFB002219215A4800781DF051
:10B1B00063FC03226B21574800781DF05DFC0222DE
:10B1C0001A21544800781DF057FC08221B215148D1
:10B1D00000781DF051FC08221C214E4800781DF01B
:10B1E0004BFC71E000226B214A4800781DF044FCC2
:10B1F00000221921474800781DF03EFC64201CF015
:10B20000AEFB02221A21434800781DF035FC0822CB
:10B210001B21404800781DF02FFC08221C213D48CE
:10B2200000781DF029FC03221D213A4800781DF00A
:10B2300023FC4FF4FA701CF092FB45E000BF00BF06
:10B2400080226B21334800781DF016FC64201CF02E
:10B2500086FB01226B212F4800781DF00DFC002297
:10B2600019212C4800781DF007FC02221A212948D8
:10B2700000781DF001FC08221B21264800781DF0F3
:10B28000FBFB00E01EE008221C21224800781DF094
:10B29000F3FB03221D211F4800781DF0EDFB002267
:10B2A0006C211C4800781DF0E7FB00221E21194884
:10B2B00000781DF0E1FB00222321164800781DF0E4
:10B2C000DBFB01E0012400BF00BF4FF4FA701CF06B
:10B2D00046FB00F027FA1148DFED110A9FED110A35
:10B2E00014F06EFB1048F3EE0E0A9FED0E0A14F0F8
:10B2F00067FB0E48F0EE000A9FED0A0A14F060FBAF
:10B300000B48DFED0C0A9FED070A14F059FB2046AD
:10B3100010BD0000A3020020A2020020682500202A
:10B320000000BE4200004843502500208025002038
:10B3300038250020000070422DE9F0412DED048BEE
:10B3400084B004460D4617460E236A463B21EE485C
:10B3500000781DF03BFBED480078982876D004DC9F
:10B36000122870D068286FD104E0AE286DD0AF28C5
:10B37000F9D1E4E09DF801009DF8001040EA0120B9
:10B3800000B200EE100AB8EEC00A85ED000A9DF882
:10B3900003009DF8021040EA012000B2404200EE96
:10B3A000100AB8EEC00A85ED010A9DF805009DF867
:10B3B000041040EA012000B2404200EE100AB8EE4C
:10B3C000C00A85ED020A9DF807009DF8061040EAC4
:10B3D000012006B29DF809009DF8081040EA0120FE
:10B3E00000B200EE100AB8EEC00A84ED000A9DF823
:10B3F0000B009DF80A1040EA012000B2404200EE26
:10B40000100AB8EEC00A84ED010A9DF80D009DF8FF
:10B410000C1040EA012000B2404200EE100AB8EEE3
:10B42000C00A84ED020A00EE106AB8EEC00A9FED71
:10B43000B81AC0EE010A9FEDB70A30EE800A87ED18
:10B44000000A5BE102E07BE0F0E077E09DF80100BC
:10B450009DF8001040EA012000B200EE100AB8EE9C
:10B46000C00A85ED000A9DF803009DF8021040EA2D
:10B47000012000B2404200EE100AB8EEC00A85ED8D
:10B48000010A9DF805009DF8041040EA012000B271
:10B49000404200EE100AB8EEC00A85ED020A9DF89F
:10B4A00007009DF8061040EA012006B29DF8090049
:10B4B0009DF8081040EA012000B200EE100AB8EE34
:10B4C000C00A84ED000A9DF80B009DF80A1040EABE
:10B4D000012000B2404200EE100AB8EEC00A84ED2E
:10B4E000010A9DF80D009DF80C1040EA012000B201
:10B4F000404200EE100AB8EEC00A84ED020A00EEE7
:10B50000106AB8EEC00AF3EE090A30EE600ADFED09
:10B51000820A80EE201A11EE108A404623F08EF93E
:10B5200041EC190B9FED7D0B53EC102B22F0C0FB6F
:10B5300041EC180B22F08AFB3860DFE000BF00BF4F
:10B540009DF801009DF8001040EA012000B200EED5
:10B55000100AB8EEC00A85ED010A9DF803009DF8B7
:10B56000021040EA012000B200EE100AB8EEC00A54
:10B5700085ED000A9DF805009DF8041040EA0120C1
:10B5800000B2404200EE100AB8EEC00A85ED020A91
:10B590009DF807009DF8061040EA012006B29DF8CC
:10B5A00009009DF8081040EA012000B200EE100AE0
:10B5B000B8EEC00A84ED010A9DF80B009DF80A1050
:10B5C00040EA012000B200EE100AB8EEC00A84ED95
:10B5D000000A9DF80D009DF80C1040EA012000B211
:10B5E000404200EE100AB8EEC00A84ED020A00EEF6
:10B5F000106AB8EEC00AF3EE090A30EE600ADFED19
:10B60000460A80EE201A11EE108A404623F016F901
:10B6100041EC190B9FED410B53EC102B22F048FB32
:10B6200041EC180B22F012FB386067E09DF8010036
:10B630009DF8001040EA012000B200EE100AB8EEBA
:10B64000C00A85ED000A9DF803009DF8021040EA4B
:10B65000012000B2404200EE100AB8EEC00A85EDAB
:10B66000010A9DF805009DF8041040EA012000B28F
:10B67000404200EE100AB8EEC00A85ED020A9DF8BD
:10B6800007009DF8061040EA012006B29DF8090067
:10B690009DF8081040EA012000B200EE100AB8EE52
:10B6A000C00A84ED000A9DF80B009DF80A1040EADC
:10B6B000012000B2404200EE100AB8EEC00A84ED4C
:10B6C000010A9DF80D009DF80C1040EA012000B21F
:10B6D000404200EE100AB8EEC00A84ED020A00EE05
:10B6E000106AF8EEC00A9FED0A1A80EE810ADFEDBB
:10B6F000090A30EE200A87ED000A00BF00BF04B03F
:10B70000BDEC048BBDE8F081A3020020A202002062
:10B710000000AA43B81E12426666A3430000000060
:10B72000000039400EB569465B2011F0D0FF01A939
:10B730005C2011F0CCFF02A95D2011F0C8FF9DED47
:10B74000000A10EE101A08461AF0B1FBE0B99DEDA0
:10B75000010A10EE101A08461AF0A9FBA0B99DEDD7
:10B76000020A10EE101A08461AF0A1FB60B99DED0E
:10B77000000A074880ED000A9DED010A80ED010AEC
:10B780009DED020A80ED020A0020024908700EBDFC
:10B79000982500205C01002010B5FD4890ED100AAE
:10B7A00080ED110A00F1400200F10C01FFF7C4FD29
:10B7B0000120F74981F86800084690ED000AF54835
:10B7C000D0ED000A30EE600AF34880ED000A08462A
:10B7D00090ED010AEF48D0ED010A30EE600AEE4824
:10B7E00080ED010A084690ED020AEA48D0ED020A0F
:10B7F00030EE600AE84880ED020AE84890ED000A61
:10B80000DFEDE70A60EE200A9FEDE61A80EE810A7E
:10B81000E548D0ED000A084690ED031A10EE810AC3
:10B82000E24880ED000ADD4890ED010ADFEDDC0A18
:10B8300060EE200A9FEDDB1A80EE810ADA48D0ED37
:10B84000010A084690ED041A10EE810AD74880EDEF
:10B85000010AD24890ED020ADFEDD10A60EE200A1B
:10B860009FEDD01A80EE810ACF48D0ED020A08463B
:10B8700090ED051A10EE810ACC4880ED020A0846C8
:10B8800090ED1C0ACA4880ED000A084690ED100AA7
:10B89000C748D0ED000A70EE600A90ED000A9FEDF7
:10B8A000C51A01EE200A084680ED1C0ABF48D0EDFB
:10B8B000000AB0EE600AC049C04802F074FAC048FD
:10B8C00080ED000AB948D0ED010AB0EE600ABA492D
:10B8D000BA48183002F067FAB94880ED010AB34857
:10B8E000D0ED020AB0EE600AB349B448303002F03D
:10B8F0005AFAB34880ED020AA748D0ED000AB0EE2C
:10B90000600AB049B04802F04EFAB04880ED000A33
:10B91000A148D0ED010AB0EE600AAA49AA48183041
:10B9200002F041FAA94880ED010A9B48D0ED020AD5
:10B93000B0EE600AA349A448303002F034FAA348BC
:10B9400080ED020A9948D0ED000AB0EE600AA049E5
:10B95000A04802F028FAA04880ED000A9348D0EDF4
:10B96000010AB0EE600A9A499A48183002F01BFAB0
:10B97000994880ED010A8D48D0ED020AB0EE600AC8
:10B9800093499448303002F00EFA934880ED020A51
:10B990007F48D0ED030AB0EE600A9049904802F06B
:10B9A00002FA904880ED000A7948D0ED040AB0EE22
:10B9B000600A8A498A48183002F0F5F9894880ED12
:10B9C000010A7348D0ED050AB0EE600A8349844845
:10B9D000303002F0E8F9834880ED020A90ED000A69
:10B9E0006B4880ED0D0A7F4890ED010A684880EDB4
:10B9F0000E0A7C4890ED020A654880ED0F0A7348F4
:10BA000090ED000ADFED780A20EE200A774880EDFD
:10BA10001B0A6E4890ED010ADFED730A20EE200A42
:10BA2000724880ED1C0A694890ED020ADFED6E0A4B
:10BA300020EE200A6D4880ED1A0A90ED1B0ADFED1A
:10BA40006C0A20EE200A80ED1E0A90ED1C0ADFED44
:10BA5000680A20EE200A80ED1F0A90ED1A0ADFED39
:10BA6000640A20EE200A80ED1D0A504890ED000A7D
:10BA7000DFED4C0A20EE200ADFED490A80EE201AA5
:10BA80005A4880ED201A494890ED010ADFED450A39
:10BA900020EE200ADFED420A80EE201A534880EDA6
:10BAA000211A424890ED020ADFED3E0A20EE200AFC
:10BAB000DFED3B0A80EE201A4C4880ED221AD0EDD3
:10BAC0001A0A60EEA00A90ED1B1AD0ED1B1A41EE87
:10BAD000210A90ED1C1AD0ED1C1A41EE210AB0EE9D
:10BAE000600AFCF7A5FC434880ED000A424890ED4F
:10BAF000000A3E48D0ED1B0A9FED401A00EE810A75
:10BB00003D4880ED000A90ED010A3848D0ED1C0A4E
:10BB10009FED3A1A00EE810A374880ED010A90ED58
:10BB2000020A3248D0ED1A0A9FED341A00EE810A5B
:10BB3000314880ED020A90ED000AB5EEC00AF1EE40
:10BB400010FA07D290ED000ADFED2D0A30EE200A40
:10BB500080ED000A284890ED000ADFED290AB4EED6
:10BB6000E00AF1EE10FA07DD90ED000ADFED240A9D
:10BB700030EE600A80ED000A1F4890ED010AB5EE34
:10BB8000C00AF1EE10FA43D290ED010A3AE000004B
:10BB9000002800209825002034490020CC480020AF
:10BBA000000000460AE81C41EC0A00204049002041
:10BBB000400B0020CDCCCC3D50250020904A0020E9
:10BBC0006449002068250020004A002058490020D0
:10BBD00038250020B8490020AC49002080250020ED
:10BBE000684B00202849002047237A3C7428002015
:10BBF00035FA8E3CE80A0020204800200AD7A33BF3
:10BC00000000B4435FED020A30EE200A80ED010A25
:10BC1000754890ED010A5FED060AB4EEE00AF1EE18
:10BC200010FA07DD90ED010A5FED0B0A30EE600AB5
:10BC300080ED010A6C4890ED020AB5EEC00AF1EE03
:10BC400010FA07D290ED020A5FED130A30EE200AD7
:10BC500080ED020A644890ED020A5FED170AB4EE27
:10BC6000E00AF1EE10FA07DD90ED020A5FED1C0A22
:10BC700030EE600A80ED020A5C48D0ED024AB0EE78
:10BC8000644AD0ED014AF0EE643AD0ED004AB0EEDD
:10BC9000643A5748D0ED024AF0EE642AD0ED014AEA
:10BCA000B0EE642AD0ED004AF0EE641A5148D0EDAF
:10BCB000024AB0EE641AD0ED014AF0EE640AD0ED0B
:10BCC000004AB0EE640A4C48D0ED004A02F094FC01
:10BCD0004A4890ED001AF8EE001A21EE211AD0ED34
:10BCE000001A21EE211A4648D0ED001AB0EE002AC3
:10BCF00061EE821A90ED002A01EEC21AF7EE001AE8
:10BD000031EE211AF0EE410A90ED001AF0EE001A21
:10BD100021EE211A3B48D0ED001A21EE211A3A48B3
:10BD2000D0ED001AB0EE002A61EE821A334890ED91
:10BD3000002A01EE821AB0EE410A1AF0EDFADFEDA8
:10BD4000330A20EE200A324880ED170A2E48D0ED43
:10BD5000000AB0EE001A60EE810A294890ED001A40
:10BD600060EE810A254890ED001AF0EE001A21EEEF
:10BD7000211A2448D0ED001A41EE610AB0EE600AA3
:10BD80001AF0C6F8DFED210A20EE200A204880EDE7
:10BD9000180A1D4890ED000A1D4880ED0F0A17484B
:10BDA00090ED000A1A4880ED100A154890ED000A3F
:10BDB000174880ED110A134890ED000A144880EDF1
:10BDC000120A14480088401C12490880084600885E
:10BDD000012808DB1049081F12F034FFFDF726FE8A
:10BDE00000200C49088010BD204800207049002028
:10BDF0006449002058490020E80A0020D00A0020A9
:10BE0000D40A0020D80A0020CC0A0020E02E654287
:10BE100074280020440B00204C28002010B5134843
:10BE200014F048F90220F4F7B3FA114814F042F97B
:10BE30000220F4F7ADFA41F60300FDF74BF941F6A5
:10BE40000340FDF747F940214FF04020FDF7ACF9E2
:10BE500080214FF04020FDF798F90122054906485E
:10BE6000FFF72AF90220F4F793FA10BD012000F041
:10BE7000000800F0005A62020010024010B5164897
:10BE800014F018F9144814F04BF90220F4F780FA72
:10BE9000124814F00FF90220F4F77AFA1048FDF76F
:10BEA00019F91048FDF716F904210F48FDF77CF940
:10BEB00008210D48FDF769F913F0D0FF0B49086020
:10BEC00013F0CCFF0446012221460948FFF7F4F89D
:10BED0000220F4F75DFA10BD002000F0010800F028
:10BEE00003080100030C010000500040B0020020D4
:10BEF00000000240042806D11949096841F4803144
:10BF0000174A11602BE0052806D11549096841F44C
:10BF10000031134A116022E0062806D11049096851
:10BF200041F480210E4A116019E00F2808D14FF02A
:10BF3000E021096941F002014FF0E02211610EE0B9
:10BF400010280CD3A0F1100101F01F020121914033
:10BF5000A0F110025209034B53F8222011607047E0
:10BF600024ED00E06CEC020010B5F4F7FDF908B127
:10BF7000012010BD0020FCE710B5F4F7FCF908B172
:10BF8000012010BD0020FCE7034951F82010034AAE
:10BF90001143034A11607047B0EB02000000FA053C
:10BFA0000CED00E010B50A4683080A4C54F8233023
:10BFB00019688307DC0EFF23A34099438307DB0E38
:10BFC00002FA03F319438308024C54F82330196032
:10BFD00010BD0000D0EB020030B502460B4C2468C7
:10BFE0000B4DAC420ED0094C2368002005E053F8FD
:10BFF0002040074D45F82040401C9B28F7D3044CB7
:10C00000024D2C60024C44F8221030BD08ED00E0D7
:10C01000001400202DE9F0412DED0C8B84B0F0EEE2
:10C02000408A06460C46F0EE609A1746B0EE41AAEA
:10C03000B0EE618A1D46DDF858809FEDFE0AB0EE35
:10C0400040DA002000900190029003909FEDF90AE1
:10C05000F0EE40AA9FEDF70AB0EE409A9FEDF50A88
:10C06000B0EE40BA9FEDF30AF0EE40BA9FEDF21A3F
:10C07000DFEDF00AB0EE4A0A1BF01CFCB0EE40DA2D
:10C0800004F1180000EB8500C0ED009A04F5407043
:10C0900000EB850090ED000A04F1180000EB85002C
:10C0A000D0ED000A30EE200A04F1180000EB850004
:10C0B00080ED000A04F1180000EB850090ED000A05
:10C0C00020EE080A60EE080AB0EE001A80EE810A3F
:10C0D00004F10C0000EB8500D0ED000A00EE880AA8
:10C0E00004EB8500D0ED000A30EE200A04EB850059
:10C0F00080ED000A04F10C0000EB850090ED000AD1
:10C1000004F1180000EB8500D0ED000A00EE880A6B
:10C1100004F10C0000EB850080ED000A98F80000A7
:10C1200001287CD1092043E0411EC44A02EB810171
:10C1300091ED000A114601EB800181ED000A411EDC
:10C14000BF4A02EB810191ED000A114601EB80012B
:10C1500081ED000A411EBB4A02EB810191ED000A0C
:10C16000114601EB800181ED000A411EB64A02EB47
:10C17000810191ED000A114601EB800181ED000A79
:10C18000411EB24A02EB810191ED000A114601EB1A
:10C19000800181ED000A411EAD4A02EB810191ED63
:10C1A000000A114601EB800181ED000A411E88B2B0
:10C1B0000028B9DC05EB850104F58A7000EB01105D
:10C1C00000EB461090ED000AA248D0ED050A30EED3
:10C1D000C00A9A4880ED000A05EB850104F12400AD
:10C1E00000EB011000EBC60090ED000A38EEC00A2B
:10C1F000944880ED000A05EB850104F5017000EB21
:10C20000011000EB461090ED000A9348D0ED050AAE
:10C2100030EEC00A8D4880ED000A092032E0BBE113
:10C22000864901EB8001D1ED000A844901EB8001D0
:10C2300091ED001AB0EE6B0A00EE810AF0EE40BA02
:10C24000804901EB8001D1ED000A7E4901EB8001BC
:10C2500091ED001AB0EE4C0A00EE810AB0EE40CA31
:10C260007A4901EB8001D1ED000A784901EB8001A8
:10C2700091ED001AB0EE6C0A00EE810AF0EE40CAB1
:10C28000411E08B20028CBDAB2EE040ACBEE800AD7
:10C29000F0EE60DAB0EE6D0A1FF04EFE684880EDF9
:10C2A000000AB2EE040ACCEE000AF0EE60DAB0EE5C
:10C2B0006D0A1FF041FE644880ED000AB2EE040AE8
:10C2C000CCEE800AF0EE60DAB0EE6D0A1FF034FEBC
:10C2D0005F4880ED000A614890ED000ADFED600ADA
:10C2E000B4EEE00AF1EE10FA08DC90ED000ADFEDA2
:10C2F0005D0AB4EEE00AF1EE10FA15D205EB850105
:10C3000004F1240000EB011000EB860090ED000A20
:10C31000F0EE408A002054490870012053490880FB
:10C3200000205349088005E05248C0ED008A0120F2
:10C330004D490870504890ED010AD0ED030A9FED79
:10C340004F1A00EE810AB0EE40BA90ED000AD0ED2F
:10C35000020A9FED4A1A00EE810ADFED480A0BEE51
:10C36000200AD7ED000A30EE200A8DED000A8DED8F
:10C3700001BA90ED020AD0ED030A9FED401A00EEDB
:10C38000810A8DED020A90ED030AD7ED010A30EE25
:10C39000200A8DED030A9DED000A30EE0D0AF0EE45
:10C3A00040AA9DED000AC0EE2A0A3548C0ED000AF9
:10C3B0009DED020AC0EE2A0AC0ED010A05EB8501D7
:10C3C00004F1240000EB011000EB8600D0ED000A20
:10C3D00078EEE00AB0EE600A9FED2A1ADFED2A0A35
:10C3E0001BF068FAB0EE409A04EB850090ED000A6D
:10C3F0002348D0ED000A00EE890A04EB850080EDA9
:10C40000000A04F10C0000EB850090ED000A1C48C6
:10C41000D0ED010A00EE890A04F10C0000EB850062
:10C4200080ED000A10480078012802D00F480088EB
:10C4300060BB2CE00000000000401C46D4520020ED
:10C44000FC520020245300204C5300207453002041
:10C450009C5300203C19002054190020BC0B0020E4
:10C4600000409C4600606AC65A0C0020560C002012
:10C47000580C0020B80B00209C0B0020CDCC4C3D6C
:10C48000AC0B002000247449002474C935E004F585
:10C490003D7000EB850090ED000A6D48D0ED000A7C
:10C4A00000EE890A04F53D7000EB850080ED000A7E
:10C4B00004F53D7000EB8500D0ED000AB0EE600A97
:10C4C0009FED641ADFED640A1BF0F4F904F53D708A
:10C4D00000EB850080ED000A04F53D7000EB85005F
:10C4E00090ED000A5D48D0ED000A00EE890A04F5DF
:10C4F000407000EB850080ED000A594890ED000A7D
:10C50000F7EE000A30EEC00ADDED000A20EE200A48
:10C51000544880ED000A524890ED000AF7EE000AF8
:10C5200030EEC00ADDED010A20EE200A4D4880ED14
:10C53000010A9DED020A4A48D0ED010A9DED001A5C
:10C5400000EEC10A474880ED020A9DED030A444807
:10C55000D0ED010A9DED011A00EEC10A414880EDBF
:10C56000030A002088F800003F480088012805D110
:10C570003E480088401C00B23C4908803B48B0F966
:10C580000000022808DB38480088012804D1002078
:10C59000354908803549088035480088401C3449B1
:10C5A000088008460088022832DB13202BE005EBC8
:10C5B000850204F1240101EB0212411E02EB81010C
:10C5C00091ED000A05EB850204F1240101EB021153
:10C5D00001EB800181ED000A05EB850204F58A710B
:10C5E00001EB0212411E02EB810191ED000A05EB05
:10C5F000850204F58A7101EB021101EB800181EDE6
:10C60000000A411E08B20028D1DC00201849088029
:10C6100004EB850090ED000A05EB850104F1240090
:10C6200000EB011080ED000A04F10C0000EB850026
:10C6300090ED000A05EB850104F58A7000EB01100E
:10C6400080ED000A04B0BDEC0C8BBDE8F081000069
:10C65000980B002000004843000048C3940B0020C2
:10C66000AC0B00209C0B0020560C0020580C002026
:10C67000540C00201CB50024FE48007801287CD111
:10C68000FD4880780128FAD1FCF7C8FDFB4814F07A
:10C69000E3FAFA4890ED020ADFEDF90A80EE201A7B
:10C6A000F84880ED001A90ED000ADFEDF70AB4EECD
:10C6B000E00AF1EE10FA0CDC90ED000ADFEDF30A6F
:10C6C000B4EEE00AF1EE10FA03D3006819F004FCAE
:10C6D00020B19FEDEF0AEB4880ED000AED4800889D
:10C6E000401C00B2EB4908800846B0F9000002285F
:10C6F00049DB13242EE0611EE74800EB810090ED3A
:10C70000000AE54800EB840080ED000AE248503062
:10C7100000EB810090ED000ADF48503000EB840010
:10C7200080ED000ADC48F03000EB810090ED000A5B
:10C73000D948F03000EB840080ED000AD74800EBC8
:10C74000810090ED000AD54800EB840080ED000ADE
:10C75000601E04B2002CCEDCCF48743890ED010A84
:10C7600080ED1D0A90ED020A80ED310A90ED040A79
:10C7700080ED590A90ED050A00E0BFE180ED6D0AF9
:10C780000020C4490880C64890ED070AC2487438A2
:10C7900080ED070AC24890ED080ABF48743880ED62
:10C7A000080AC048007801285DD15820BE49CDE96B
:10C7B0000010BA485038BD49098800EB810090ED5F
:10C7C000002AF0EE421AB448B949098800EB81000A
:10C7D00090ED002AB0EE421AB64890ED012AF0EE34
:10C7E000420AB54890ED002AB0EE420AA54890ED05
:10C7F000002AB24BAA4A1C32A7496439A1F10C00A5
:10C8000000F084F95920A849CDE90010A348A749B0
:10C81000098800EB810090ED002AF0EE421A9E4854
:10C820005030A349098800EB810090ED002AB0EE5A
:10C83000421AA04890ED002AF0EE420A9E4890ED80
:10C84000012AB0EE420A8F4890ED002A9B4B944A91
:10C85000203291496039A1F10C0000F057F9002015
:10C860009049087073E08C48743890ED070A94483A
:10C87000D0ED000A30EE200A8248D0ED000A20EE0A
:10C88000200AD0ED000A20EE200AF6EE000A20EE83
:10C89000200A81487438D0ED040A7A4890ED001AD5
:10C8A00000EE810A7C487438D0ED010A30EE200A8F
:10C8B00080ED010A90ED070A8148D0ED000A70EE84
:10C8C000200A7548743890ED040A6E4890ED001AFD
:10C8D00000EE810A7048743880ED040A90ED080A71
:10C8E0007748D0ED010A30EE200A6648D0ED000A04
:10C8F00020EE200AD0ED000A20EE200AF6EE000A13
:10C9000020EE200A64487438D0ED050A5D4890EDA9
:10C91000001A00EE810A60487438D0ED020A30EE49
:10C92000200A80ED020A90ED080A6548D0ED010A60
:10C9300070EE200A5848743890ED050A514890ED81
:10C94000001A00EE810A5448743880ED050A5248F6
:10C95000743890ED010A5848D0ED000A30EE600AB4
:10C96000B5EEC00AF1EE10FA09DD4B48743890EDCF
:10C97000010A5148D0ED000A30EE600A0AE046484C
:10C98000743890ED010A4C48D0ED000A30EE600A90
:10C99000B1EE400ADFED4B0AB4EEE00AF1EE10FA18
:10C9A00066DC3D48743890ED020A4348D0ED010A38
:10C9B00030EE600AB5EEC00AF1EE10FA09DD364835
:10C9C000743890ED020A3C48D0ED010A30EE600A5E
:10C9D0000AE03148743890ED020A3748D0ED010A78
:10C9E00030EE600AB1EE400ADFED360AB4EEE00A3E
:10C9F000F1EE10FA7FDC2848743890ED040A2D48D7
:10CA0000D0ED010A30EE600AB5EEC00AF1EE10FA80
:10CA100009DD2148743890ED040A2648D0ED010A5A
:10CA200030EE600A0AE01C48743890ED040A214890
:10CA3000D0ED010A30EE600AB1EE400ADFED210AC6
:10CA4000B4EEE00AF1EE10FA55DC1348743890EDBC
:10CA5000050A1848D0ED000A30EE600AB5EEC00AAB
:10CA6000F1EE10FA36DD0C48743890ED050A2BE033
:10CA700041E00000DC0B0020F80A002028540020D0
:10CA800000007A444C0C00203008AC3BE3A59B3BF3
:10CA90000AD7A33B6A0C00207C4C0020BC4D002030
:10CAA0002C4F0020AE010020EC0B0020480C002091
:10CAB0004A0C002018020020E0530020E40B002064
:10CAC000400C002000401C460D48D0ED000A30EE1E
:10CAD000600A09E00B4890ED050A0948D0ED000A0C
:10CAE00030EE600AB1EE400A5FED0A0AB4EEE00AE9
:10CAF000F1EE10FA02DD0120034908701CBD0000B0
:10CB000018020020084C0020500C00200FB52DED1D
:10CB1000060B9FB09FEDFE0A8DED1D0A00201B90B5
:10CB20001C909FEDFB0A8DED1A0A202112A8F3F745
:10CB300005FD002011902B98582802D1002011905B
:10CB400001E001201190279890ED000AF149119819
:10CB500001EB8000D0ED000A70EE200A9DED230A63
:10CB600060EE800A9DED230A20EE800AB0EE001AE6
:10CB7000C0EE010A269890ED001A9DED230A41EEC1
:10CB8000000A259890ED000A30EE800A80ED000A38
:10CB9000279890ED000A119801EB8000D0ED000A73
:10CBA00030EE201A2698D0ED000A9DED230A41EEC2
:10CBB000000AC0ED000A239821F040FECDE90A01E9
:10CBC000D549119801EB401090ED060B8DED080B47
:10CBD0009DED080B53EC102B9DED0A0B51EC100B47
:10CBE00021F036FBCDE90C01CB49119801EB401047
:10CBF00090ED020B8DED0A0B9DED0A0B53EC102B03
:10CC00009DED0C0B51EC100B21F052F8CDE90E010B
:10CC10009DED0E0B51EC100B21F018F81A90BF4847
:10CC200000680B9021F00AFECDE90E019DED1A0A75
:10CC3000DDED230A20EE200A8DED070A079821F08A
:10CC4000FDFDCDE90A01239821F0F8FDCDE90401AD
:10CC5000B149119801EB401090ED040B8DED020BE2
:10CC60009DED020B53EC102B9DED040B51EC100BC2
:10CC700021F0EEFACDE90601A749119801EB401029
:10CC800090ED000B8DED040B9DED040B53EC102B80
:10CC90009DED060B51EC100B21F00AF8CDE90801CF
:10CCA0009DED0A0B53EC102B9DED080B51EC100B76
:10CCB00020F0FEFFCDE90C019DED0E0B53EC102B87
:10CCC0009DED0C0B51EC100B20F0F2FFCDE91201A1
:10CCD0001A9821F0B3FDCDE91401239821F0AEFD9F
:10CCE000CDE90C018C49119801EB401090ED060B39
:10CCF0008DED0A0B9DED0A0B53EC102B9DED0C0BEB
:10CD000051EC100B21F0A4FACDE90E0182491198E3
:10CD100001EB401090ED040B8DED0C0B9DED0C0B19
:10CD200053EC102B9DED0E0B51EC100B20F0C0FFBF
:10CD3000CDE91601794840680D9021F07FFDCDE9DD
:10CD40000E017549119801EB401090ED060B8DED29
:10CD50000C0B9DED0C0B53EC102B9DED0E0B51ECC1
:10CD6000100B20F0A5FFCDE918019DED160B8DED00
:10CD7000060B9DED140B8DED040B9DED060B53EC96
:10CD8000102B9DED040B51EC100B21F061FACDE955
:10CD90000A016348D0ED010A624890ED000A20EED6
:10CDA000800A8DED010A019821F048FDCDE90201CC
:10CDB0009DED180B8DED000B9DED000B53EC102B32
:10CDC0009DED020B51EC100B20F072FFCDE9060136
:10CDD0005348D0ED000A534890ED000A20EE800A37
:10CDE0008DED010A019821F029FDCDE902019DEDAB
:10CDF000120B8DED000B9DED000B53EC102B9DEDF8
:10CE0000020B51EC100B20F053FFCDE904019DED16
:10CE1000060B53EC102B9DED040B51EC100B21F085
:10CE200017FACDE908019DED0A0B53EC102B9DED8F
:10CE3000080B51EC100B21F017FCCDE90C019DED16
:10CE40000C0B53EC102B9FED380B51EC100B20F01A
:10CE5000E3FFCDE90E019DED0E0B51EC100B20F020
:10CE6000F5FE1D901D9821F0E9FCCDE90E019DED28
:10CE7000160B8DED060B9DED140B8DED040B9DED4A
:10CE8000060B53EC102B9DED040B51EC100B21F015
:10CE9000DFF9CDE90A01224890ED010A2148D0EDE1
:10CEA000000A20EE200A8DED030A039821F0C6FC4B
:10CEB000CDE904019DED180B8DED020B9DED020BEC
:10CEC00053EC102B9DED040B51EC100B20F0F0FEF9
:10CED000CDE906019DED120B8DED040B9DED040BCC
:10CEE00053EC102B9DED060B51EC100B21F0B0F91B
:10CEF000CDE908019DED0A0B53EC102B9DED080BBD
:10CF000051EC100B21F0B0FBCDE90C0110E000005A
:10CF100000000000400C0020000C0020E40B00206A
:10CF2000EC0B002010020020000000000000F03F89
:10CF30009DED0E0B53EC102B9DED0C0B51EC100BDB
:10CF400021F086F9FE4A03C21D9821F077FCCDE955
:10CF50000E01FC48006821F071FCCDE90A01FA4895
:10CF60000068059021F06AFCCDE906019DED140BE7
:10CF70008DED040B9DED040B53EC102B9DED060B7A
:10CF800051EC100B21F064F9CDE908019DED0A0B7D
:10CF900053EC102B9DED080B51EC100B21F058F9C0
:10CFA000CDE90C019DED0E0B53EC102B9DED0C0B00
:10CFB00051EC100B21F04CF9E14AC2E902011D9835
:10CFC00021F03CFCCDE90E01DE48006821F036FC82
:10CFD000CDE90A01DC484068059021F02FFCCDE93D
:10CFE00006019DED160B8DED040B9DED040B53EC2E
:10CFF000102B9DED060B51EC100B21F029F9CDE91A
:10D0000008019DED0A0B53EC102B9DED080B51EC24
:10D01000100B21F01DF9CDE90C019DED0E0B53EC29
:10D02000102B9DED0C0B51EC100B21F011F9C44AA3
:10D03000C2E904011D9821F001FCCDE90E01C248AE
:10D0400090ED000ABF48D0ED000A20EE200A8DEDD9
:10D05000030A039821F0F2FBCDE904019DED120BC8
:10D060008DED020B9DED020B53EC102B9DED040B8F
:10D0700051EC100B20F01CFECDE906019DED180BC4
:10D080008DED040B9DED040B53EC102B9DED060B69
:10D0900051EC100B21F0DCF8CDE90A019DED140BE9
:10D0A0008DED040B9DED040B51EC100B20F0C2FD37
:10D0B000CDE906019DED160B8DED040B9DED040BE6
:10D0C00053EC102B9DED060B51EC100B21F0C0F82A
:10D0D000CDE908019DED0A0B53EC102B9DED080BDB
:10D0E00051EC100B20F0E4FDCDE90C019DED0E0B91
:10D0F00053EC102B9DED0C0B51EC100B21F0A8F80C
:10D100008F4AC2E906019DED1F0ADDED210A30EECE
:10D11000600A8DED1B0A9DED200ADDED220A30EE3E
:10D12000600A8DED1C0A9DED1B0A8DED100A9FED26
:10D13000871ADFED870A9DED100A1AF0BBFB8DED13
:10D140001B0A9DED1C0A8DED100A9FED821ADFED82
:10D15000820A9DED100A1AF0ADFB8DED1C0A1C9899
:10D16000039021F06BFBCDE90401754890ED020BB3
:10D170008DED020B9DED020B53EC102B9DED040B7E
:10D1800051EC100B21F064F8CDE908011B980390D5
:10D1900021F054FBCDE90401694890ED000B8DEDC1
:10D1A000020B9DED020B53EC102B9DED040B51EC8B
:10D1B000100B21F04DF8CDE906019DED080B53EC65
:10D1C000102B9DED060B51EC100B20F071FDCDE9FD
:10D1D0000C0125980068099021F030FBCDE90A0187
:10D1E0009DED0C0B53EC102B9DED0A0B51EC100B2D
:10D1F00020F05EFDCDE90E019DED0E0B51EC100B04
:10D2000020F024FD259908601C98039021F016FB5E
:10D21000CDE904014A4890ED060B8DED020B9DED22
:10D22000020B53EC102B9DED040B51EC100B21F075
:10D230000FF8CDE908011B98039021F0FFFACDE922
:10D2400004013F4890ED040B8DED020B9DED020BA8
:10D2500053EC102B9DED040B51EC100B20F0F8FF5C
:10D26000CDE906019DED080B53EC102B9DED060B4F
:10D2700051EC100B20F01CFDCDE90C012698006844
:10D28000099021F0DBFACDE90A019DED0C0B53EC7E
:10D29000102B9DED0A0B51EC100B20F009FDCDE990
:10D2A0000E019DED0E0B51EC100B20F0CFFC2699DA
:10D2B00008602A4890ED000ADDED1B0A20EE200AE6
:10D2C000D0ED010A9DED1C1A00EE810A2449119847
:10D2D00001EB8000D0ED000A30EE200A119801EB3E
:10D2E000800080ED000A119801EB800090ED000AAB
:10D2F0008DED100A9FED1B1ADFED1B0A9DED100A44
:10D300001AF0D8FA1649119801EB800080ED000A56
:10D310009DED160B8DED0A0B094890ED020B8DED7E
:10D32000080B9DED0A0B53EC102B9DED080B51ECF7
:10D33000100B20F08DFFCDE90E01014816E0000032
:10D340000854002010020020EC0B002000401C4676
:10D3500000401CC60000FA440000FAC4F40B002090
:10D36000400C00200000C8420000C8C290ED000B35
:10D370008DED080B9DED080B53EC102B9FED810BF1
:10D3800051EC100B21F070F9CDE90A019DED120B63
:10D390008DED080B9DED080B53EC102B9DED0A0B4A
:10D3A00051EC100B20F054FFCDE90C019DED0E0B5C
:10D3B00053EC102B9DED0C0B51EC100B21F054F99C
:10D3C0000A460146714B119803EB401006C09DEDD3
:10D3D000180B8DED0A0B6E4890ED020B8DED080BCE
:10D3E0009DED0A0B53EC102B9DED080B51EC100B2F
:10D3F00020F02EFFCDE90E01654890ED000B8DED7C
:10D40000080B9DED080B53EC102B9FED5E0B51ECC0
:10D41000100B21F029F9CDE90A019DED140B8DEDDA
:10D42000080B9DED080B53EC102B9DED0A0B51ECF6
:10D43000100B20F00DFFCDE90C019DED0E0B53EC10
:10D44000102B9DED0C0B51EC100B21F00DF90A4641
:10D4500001464E4B119803EB4010C0E902129DEDBE
:10D46000120B8DED0A0B4A4890ED040B8DED080B65
:10D470009DED0A0B53EC102B9DED080B51EC100B9E
:10D4800020F0E6FECDE90E01414890ED060B8DED52
:10D49000080B9DED080B53EC102B9FED3A0B51EC54
:10D4A000100B21F0E1F8CDE90A019DED160B8DED91
:10D4B000080B9DED080B53EC102B9DED0A0B51EC66
:10D4C000100B20F0C5FECDE90C019DED0E0B53ECC9
:10D4D000102B9DED0C0B51EC100B21F0C5F80A46FA
:10D4E00001462A4B119803EB4010C0E904129DED50
:10D4F000140B8DED0A0B264890ED040B8DED080BF7
:10D500009DED0A0B53EC102B9DED080B51EC100B0D
:10D5100020F09EFECDE90E011D4890ED060B8DED2D
:10D52000080B9DED080B53EC102B9FED160B51ECE7
:10D53000100B21F099F8CDE90A019DED180B8DED46
:10D54000080B9DED080B53EC102B9DED0A0B51ECD5
:10D55000100B20F07DFECDE90C019DED0E0B53EC80
:10D56000102B9DED0C0B51EC100B21F07DF80A46B1
:10D570000146064B119803EB4010C0E9061229B092
:10D5800000BD0000000000000000F03F000C002083
:10D590000854002010B51C4812F08CFD1B481C4993
:10D5A0000860081D006840F00100091D08600020A7
:10D5B000091F0860002201211648FBF77BFC0A23A3
:10D5C000012211461348FBF7D9FC00221021114813
:10D5D000FBF770FC0A23012210210E48FBF7CEFC5A
:10D5E0000C480D49486001208860487088700949DE
:10D5F0000948416210218162012180F8211080F8E0
:10D600002210F3F7BBF810BD050800F04B434F4C58
:10D610002055024000500240F824002070B5054615
:10D620000024012D01D1002070BD8C480078012814
:10D6300011D18B480088401E00B2894908800846F5
:10D64000B0F90000002801DA182008800020834982
:10D65000087000F061FA814890F82000012812D18A
:10D660007F480088401C00B27D4908800846B0F918
:10D670000000182801DD002008800020774981F88B
:10D68000200000F049FA7748008800286FD17648DA
:10D69000008800EE100AB8EE400ADFED740AB4EE1E
:10D6A000E00AF1EE10FA62D8714890ED000ADFED61
:10D6B000710AB4EEE00AF1EE10FA58DB6E4890ED14
:10D6C000000ADFED6E0AB4EEE00AF1EE10FA4ED277
:10D6D0006B4890ED000AB5EEC00AF1EE10FA46D1A3
:10D6E00019E0601C84B20A201BF048FA41F288302D
:10D6F000844210DB5A480088401C00B25849088018
:10D700000846B0F90000182801DD0020088000F06C
:10D7100003FA012088E75348008840BB524800883C
:10D7200000EE100AB8EE400ADFED500AB4EEE00A4F
:10D73000F1EE10FA1BD84E4890ED000ADFED4D0ACD
:10D74000B4EEE00AF1EE10FA11DB4B4890ED000A5E
:10D75000DFED4A0AB4EEE00AF1EE10FA07D24848CB
:10D7600090ED000AB5EEC00AF1EE10FAB9D03D48CE
:10D770000088E8BB3C48008800EE100AB8EE400A7A
:10D78000DFED3A0AB4EEE00AF1EE10FA64D8384858
:10D7900090ED000ADFED370AB4EEE00AF1EE10FA80
:10D7A0005ADB354890ED000ADFED360AB4EEE00AA8
:10D7B000F1EE10FA50DD324890ED000AB5EEC00AE5
:10D7C000F1EE10FA48D11BE0601C84B20A201BF075
:10D7D000D5F941F28830844212DB21480088401E8E
:10D7E00000B21F4908800846B0F90000002800E098
:10D7F00032E001DA1820088000F08EF9012013E7EA
:10D800001848008840BB1848008800EE100AB8EE9F
:10D81000400ADFED160AB4EEE00AF1EE10FA1BD86A
:10D82000134890ED000ADFED130AB4EEE00AF1EEC2
:10D8300010FA11DB104890ED000ADFED120AB4EE89
:10D84000E00AF1EE10FA07DD0D4890ED000AB5EEA2
:10D85000C00AF1EE10FAB7D00120E5E6F824002066
:10D860007E020020240300200603002000408344A1
:10D8700010030020000016430C0300200000D2C15A
:10D88000080300200000D24170B50446A5780320AB
:10D8900003E0215C4D40411CC8B20C28F9DB207824
:10D8A000FE2802D160780A2800D070BD607B552820
:10D8B00000D0FAE701204349087043480078012866
:10D8C00002D0022856D132E0E078000200B2A178FE
:10D8D000084300EE100AB8EEC00A3C4880ED010A89
:10D8E0006079000200B22179084300EE100AB8EE18
:10D8F000C00A364880ED020A90ED010AFFEE000AE8
:10D9000020EE200A80ED010A90ED020AFFEE000AE7
:10D9100020EE200A80ED020AE079000200B2A1792F
:10D9200008432A494861A07A81F8200045E0E07860
:10D93000000200B2A178084300EE100AB8EEC00A57
:10D94000224880ED010A6079000200B22179084383
:10D9500000EE100AB8EEC00A1C4880ED020AE07919
:10D96000000200B2A179084318494861A07A81F801
:10D97000200022E0E078000200B2A178084300EE27
:10D98000100AB8EEC00A114880ED010A6079000261
:10D9900000B22179084300EE100AB8EEC00A0B4825
:10D9A00080ED020AE079000200B2A179084307493C
:10D9B0004861A07A81F8200000BF00BF1DF040F947
:10D9C00000BF72E7F50E0020F40E0020E86400208E
:10D9D00070B504460D464848007830B9FE2C04D195
:10D9E0000120454908702C7085E0434800780128E3
:10D9F0000CD10A2C0AD102203F4908706C700A2011
:10DA00003E49087000203E49087074E03A480078AA
:10DA1000022819D139480078002815DD37480078E8
:10DA2000401E364908703648007835490978491C47
:10DA3000334A1170801C2C543048007800285AD189
:10DA400003202D49087056E02B48007803280CD19C
:10DA50000420294908702A48007829490978491C76
:10DA6000274A1170801C2C5445E023480078042874
:10DA70003ED12448007B2449087000201E490870CC
:10DA80001F4800781E490978491C1D4A1170801CE6
:10DA90002C542846FFF7F8FE1C48FCF70BFB1A48ED
:10DAA000007801280AD11748007B38B91CF0CAFA5F
:10DAB000174908600120134948731CE01248007898
:10DAC00090B91048007B78B91CF0BCFA1149086085
:10DAD000084600680E490968401AB0F57A7F0AD3F3
:10DAE00000200849487306E001200649487302E017
:10DAF00000200149087070BD400F00203E0F00203B
:10DB00003F0F0020D8640020410F00203C66002019
:10DB1000440F0020480F002070B5002415E004F1E8
:10DB2000B001C8B200F0C2F8012000F0BFF8102028
:10DB300000F0BCF8002504E0002000F0EBF8681CC1
:10DB4000C5B2802DF8DB601CC4B2082CE7DB70BDC9
:10DB50002DE9F04105460E461746A7F1200000F0DA
:10DB6000FF087E2D02DD0025701CC6B23146284616
:10DB700000F088F8002409E008EB4801054A02EBB0
:10DB80004101085D00F0C6F8601CC4B2062CF3DB4E
:10DB9000BDE8F081C0F202002DE9F0470446884656
:10DBA00015464FF000090026002720E0E85D2038E8
:10DBB00000F0FF097E2C04DD002408F1010000F0D4
:10DBC000FF084146204600F05DF8002609E009EB19
:10DBD0004901094A02EB4101885D00F09BF8701C85
:10DBE000C6B2062EF3DBA01DC4B2781CC7B2E85D36
:10DBF0000028DBD1BDE8F087C0F202002DE9F04734
:10DC000006460F46904600250024A14631E018F84C
:10DC100009002038C5B2782E02DD0026781CC7B274
:10DC20003946304600F02EF8002407E004EB0511D9
:10DC3000134A505C00F06EF8601CC4B2082CF5DB8F
:10DC4000781CC1B2304600F01DF8002408E004EB57
:10DC5000051108310A4A505C00F05CF8601CC4B23F
:10DC6000082CF4DB06F10800C6B209F1010000F04F
:10DC7000FF0918F809000028C9D1BDE8F0870000A5
:10DC8000E8F4020070B504460D4605F1B001C8B2D3
:10DC900000F00CF8102141EA141000F007F804F02D
:10DCA0000F0141F0010000F001F870BD70B50446AD
:10DCB0000825002204214FF04020FBF7A2FA00259E
:10DCC0001FE0002220214FF04020FBF79AFA04F0D9
:10DCD000800030B1102211464FF04020FBF791FA3E
:10DCE00005E0002210214FF04020FBF78AFA2022A5
:10DCF00011464FF04020FBF784FA6006040E681CC2
:10DD0000C5B2082DDDDB042211464FF04020FBF7A1
:10DD100078FA70BD70B504460825042211464FF00C
:10DD20004020FBF76EFA00251FE0002220214FF073
:10DD30004020FBF766FA04F0800030B11022114653
:10DD40004FF04020FBF75DFA05E0002210214FF074
:10DD50004020FBF756FA202211464FF04020FBF7F7
:10DD600050FA6006040E681CC5B2082DDDDB70BDDC
:10DD700070B504460D4605F1B001C8B2FFF796FF35
:10DD80000120FFF793FF1020FFF790FF2946204660
:10DD9000FFF778FF04E00020FFF7BCFF601CC4B26F
:10DDA000802CF8DB70BD70B52DED028BB0EE408A93
:10DDB00004460D4694ED030AB5EEC00AF1EE10FAE2
:10DDC00033D194ED040AB5EEC00AF1EE10FA2CD16D
:10DDD00094ED050AB5EEC00AF1EE10FA25D194EDE6
:10DDE000000AB5EEC00AF1EE10FA1ED194ED010A58
:10DDF000B5EEC00AF1EE10FA17D194ED020AB5EEB5
:10DE0000C00AF1EE10FA10D184ED038A84ED048A81
:10DE100084ED058A84ED008A84ED018A84ED028A0E
:10DE2000B0EE480ABDEC028B70BD84ED028A95ED20
:10DE3000030AD4ED020A20EE200AD5ED040A94ED7F
:10DE4000011A00EE810AD5ED050A94ED001A00EEE4
:10DE5000810AD5ED010A94ED041A00EEC10AD5ED50
:10DE6000020A94ED031A00EEC10A84ED050A94ED4E
:10DE7000010A84ED000A94ED020A84ED010A94ED92
:10DE8000040A84ED030A94ED050A84ED040A0026D1
:10DE900028E004F10C0000EB860090ED000A10EE83
:10DEA000101A084617F0FCFF01280AD004EB860080
:10DEB00090ED000A10EE101A084617F0F1FF012845
:10DEC0000ED184ED038A84ED048A84ED058A84ED05
:10DED000008A84ED018A84ED028AB0EE480AA1E747
:10DEE000701C86B2032ED4DB94ED050A9AE7014636
:10DEF00020EE003AB0EE432A20EEA03AF0EE431AAC
:10DF000021EE013AF0EE432A91ED003A33EE003A69
:10DF100081ED003A91ED013A33EE023A81ED013A9A
:10DF200091ED023A02EE003A81ED023A91ED033AA8
:10DF300033EE203A81ED033A91ED043A33EE213A83
:10DF400081ED043A91ED053A01EEA03A81ED053AF2
:10DF500091ED063A33EE013A81ED063A91ED073A3A
:10DF600033EE223A81ED073A91ED083A02EE813A1A
:10DF700081ED083A91ED093A00EE203A81ED093A37
:10DF800091ED0A3A00EE013A81ED0A3A91ED0B3A31
:10DF900000EE813A81ED0B3A91ED0C3A02EE203A17
:10DFA00081ED0C3A91ED0D3A02EE013A81ED0D3A18
:10DFB00091ED0E3A01EE803A81ED0E3A91ED0F3A75
:10DFC00001EE813A81ED0F3A91ED103A02EE803A7E
:10DFD00081ED103A91ED113A02EEA03A81ED113A3D
:10DFE000886C401C8864886C70472DE9FF472DEDD4
:10DFF000020B2DED108BA0B004460D4616461F46B1
:10E00000DDE93E9AD4ED000A94ED120AB8EE400A1A
:10E0100080EE801AF0EE419AD4ED010A94ED120AD6
:10E02000B8EE400A80EE801A8DED1F1AD4ED020A78
:10E0300094ED120AB8EE400A80EE801A8DED1E1A99
:10E04000D4ED030A94ED120AB8EE400A80EE801A6D
:10E05000B0EE41AAD4ED040A94ED120AB8EE400ADB
:10E0600080EE801A8DED1D1AD4ED050A94ED120A8A
:10E07000B8EE400A80EE801A8DED1C1AD4ED060A27
:10E0800094ED120AB8EE400A80EE801AF0EE41AA32
:10E09000D4ED070A94ED120AB8EE400A80EE801A19
:10E0A0008DED1B1AD4ED080A94ED120AB8EE400A61
:10E0B00080EE801A8DED1A1AD4ED090A94ED120A39
:10E0C000B8EE400A80EE801A8DED191AD4ED0A0AD6
:10E0D00094ED120AB8EE400A80EE801A8DED181AFF
:10E0E000D4ED0B0A94ED120AB8EE400A80EE801AC5
:10E0F0008DED171AD4ED0C0A94ED120AB8EE400A11
:10E1000080EE801A8DED161AD4ED0D0A94ED120AE8
:10E11000B8EE400A80EE801A8DED151AD4ED0E0A85
:10E1200094ED120AB8EE400A80EE801A8DED141AB2
:10E13000D4ED0F0A94ED120AB8EE400A80EE801A70
:10E140008DED131AD4ED100A94ED120AB8EE400AC0
:10E1500080EE801A8DED121AD4ED110A94ED120A98
:10E16000B8EE400A80EE801A8DED111A9DED1F0A5F
:10E17000DDED1D0A70EE200A9DED1B0A30EE800ACF
:10E18000F0EE40BAB6EE000A2BEE800A8DED100AD2
:10E190009DED1E0ADDED140A70EE200A9DED120AB7
:10E1A00030EE800AFAEE000A20EE200A8DED0F0A0A
:10E1B0009DED160ADDED1C0A70EE200A9DED110A98
:10E1C00030EE800AFAEE000A20EE200A8DED0E0AEB
:10E1D0009DED150ADDED130A70EE200A9DED1A0A79
:10E1E00030EE800AFAEE000A20EE200A8DED0D0ACC
:10E1F000B0EE698AF0EE4A8AB0EE6A9A28EE080A12
:10E20000F0EE40EA28EEA80AB0EE40FA29EE090A3C
:10E21000F0EE40FA3EEE8F0A30EE2F0AB0EE40BA32
:10E22000B0EE698A28EE080A08EE8A0AB0EE6A9A09
:10E2300009EE090AF8EE000A20EE200A8DED0C0A1C
:10E240009DED0C0A3BEE800A30EE0B0AB0EE40CAA0
:10E250003BEE4C0AF6EE000A20EE200AF0EE40CA31
:10E260009DED100A30EE2C0A8DED0B0A7BEE4C0A68
:10E270009DED0C0A30EE800A30EE2B0AF2EE000A19
:10E2800020EE200A8DED0A0A4FF0000847E108F160
:10E290000108B0EE000A68EE000AB0EE6E0A00EE69
:10E2A000E90ADDED1F0A70EE200A9DED0A0AB3EEC1
:10E2B000001A01EE200A8DED090AB0EE000A68EEA0
:10E2C000800AB0EE4F0A00EECA0ADDED1D0A70EEBC
:10E2D000200A9DED0A0AB3EE001A01EE200A8DED28
:10E2E000080AB0EE000A69EE000AB0EE6F0A00EE0E
:10E2F000EA0ADDED1B0A70EE200A9DED0A0AB3EE74
:10E30000001A01EE200A8DED070A9DED090AB5EE0F
:10E31000C00AF1EE10FA02D1B7EE000A01E09DED5D
:10E32000090A8DED090A9DED080AB5EEC00AF1EE65
:10E3300010FA02D1B7EE000A01E09DED080A8DED5A
:10E34000080A9DED070AB5EEC00AF1EE10FA02D1F7
:10E35000B7EE000A01E09DED070A8DED070A9DED7D
:10E36000190A28EE800ADDED180A09EE200AF1EEFE
:10E370006E0A70EEEC0A09EEA00ADDED1F0A9DEDB3
:10E380000B1A70EE810A49EE6A0A48EECA0AB0EE2C
:10E39000401A08EE201A9DED0F0AF3EE000A00EE77
:10E3A000810ADDED090A80EE201A38EE41DA9DED92
:10E3B000190A28EE000ADDED170A09EE200AF1EE2F
:10E3C0004F0A70EEEC0A0AEE200ADDED1D0A9DED03
:10E3D0000B1A70EE810A48EE690A49EE6A0AB0EE3D
:10E3E000401A08EEA01A9DED0E0AF3EE000A00EEA8
:10E3F000810ADDED080A80EE201A78EEC1DA9DED83
:10E40000180A28EE000ADDED170A08EEA00AF1EE60
:10E410006F0A70EEEC0A0AEEA00ADDED1B0A9DED14
:10E420000B1A70EE810A48EE690A48EECA0AB0EE8D
:10E43000401A09EE201A9DED0D0AF3EE000A00EED7
:10E44000810ADDED070A80EE201A39EE41EA3DEE41
:10E45000480A8DED060A3DEEE80A8DED050A3EEE0E
:10E46000490A8DED040A9DED060A60EE000A9DED55
:10E47000050A40EE000A9DED040A40EE000A9DEDFB
:10E48000300AF4EEC00AF1EE10FA00D84AE0B0EE1D
:10E490004D8AF0EE6D8AB0EE4E9A28EE080AF0EE44
:10E4A00040EA28EEA80AB0EE40FA29EE090AF0EE9A
:10E4B00040FA3EEE8F0A30EE2F0AB0EE40BA28EE58
:10E4C000290A08EE8A0A09EE2A0AF8EE000A20EE66
:10E4D000200A8DED0C0A9DED0C0A3BEE800A30EE11
:10E4E0000B0AB0EE40CA3BEE4C0AF6EE000A20EEF4
:10E4F000200AF0EE40CA9DED100A30EE2C0A8DED98
:10E500000B0A7BEE4C0A9DED0C0A30EE800A30EED1
:10E510002B0AF2EE000A20EE200A8DED0A0AA84529
:10E52000FFF4B5AE00BF86ED008AC7ED008A89ED25
:10E53000009A1CEE100A20F081F9CDE900019DED52
:10E54000000B18F085FB8DED020B9DED020B51ECDD
:10E55000100B1FF07BFBCAF8000020B0BDEC108B45
:10E5600006B0BDE8F08710B504464C212046F1F70F
:10E57000E5FF10BD10B50446A078012804D10020A5
:10E58000A070A080E0802072E0882188884202D1BB
:10E590000120207210BDA088401CA08094ED050AC7
:10E5A000B8EE400AD4ED060A60EE200AA08800EE1C
:10E5B000100AB8EE400AF4EEC00AF1EE10FA05DBDC
:10E5C000227C1146E068FAF71CFE13E0A08861691E
:10E5D000884205D2217C0022E068FAF712FE09E0A9
:10E5E000217C0022E068FAF70CFE0020A080E08881
:10E5F000401CE08000BFCDE700B52DED0A0B2DEDEE
:10E60000108BA5B0B0EE40BAF0EE60BAB0EE41CAE1
:10E61000B0EE619AF0EE428AF0EE62CAB0EE43DAF2
:10E62000F0EE639AB0EE44AA9FEDFE0AF0EE40EAE7
:10E63000FD4812F011FBFC4890ED020ADFEDFB0AE9
:10E6400080EE201AFA4880ED001A90ED000ADFED06
:10E65000F90AB4EEE00AF1EE10FA0CDC90ED000AD3
:10E66000DFEDF50AB4EEE00AF1EE10FA03D300682C
:10E6700017F02BFC20B19FEDF10AED4880ED000A68
:10E680009FEDEF0A2BEE000AB0EE40BA9FEDEC0AC8
:10E690002BEE800AF0EE40BA9FEDE90A2CEE000A5C
:10E6A000B0EE40CAE74890ED0C0AD0ED0A0A20EE21
:10E6B000200A20EE2B0AD0ED090AF1EE600A00EEE6
:10E6C0008B0AD0ED0D0A90ED0C1A60EE810A00EE77
:10E6D0008C0ADD4880ED000ADC4890ED000A3BEE34
:10E6E000000AB0EE40BADA4890ED000A3BEE800A2C
:10E6F000F0EE40BAD74890ED000A3CEE000AB0EECA
:10E7000040CAD54890ED000AB1EE400A20EE0B0A4F
:10E71000D248D0ED000A00EEEB0AD148D0ED000A55
:10E7200000EECC0AF6EE000A20EE200ADFEDCD0A5C
:10E7300020EE200A8DED210ACB4890ED000A20EE54
:10E740000B0AC648D0ED000A00EE8C0AC448D0ED92
:10E75000000A00EEEB0AF6EE000A20EE200ADFEDDA
:10E76000C10A20EE200A8DED200ABF4890ED000A74
:10E7700020EE2B0AB848D0ED000A00EECC0AB848CB
:10E78000D0ED000A00EE8B0AF6EE000A20EE200A19
:10E79000DFEDB40A20EE200A8DED1F0AB24890ED9D
:10E7A000000A20EE0C0AAC48D0ED000A00EEAB0ADD
:10E7B000AA48D0ED000A00EECB0AF6EE000A20EEE1
:10E7C000200ADFEDA80A20EE200A8DED1E0AA748D8
:10E7D0000088401CA549088008460088022837DBCD
:10E7E00009202DE0411EA24A02EB810191ED000AB1
:10E7F000114601EB800181ED000A411E283202EB37
:10E80000810191ED000A114601EB800181ED000AC2
:10E81000411E283202EB810191ED000A114601EB05
:10E82000800181ED000A411E283202EB810191ED49
:10E83000000A114601EB800181ED000A411E08B279
:10E840000028CFDC00208949088001208949087010
:10E85000854890ED000A864880ED000A7E4890EDDC
:10E86000000A834880ED0A0A7C4890ED000A80483F
:10E8700080ED140A7A4890ED000A7D4880ED1E0A6A
:10E88000B5EEC09AF1EE10FA09D1F5EEC08AF1EEBC
:10E8900010FA04D1F5EEC0CAF1EE10FA7DD0754839
:10E8A0000078012879D1B0EE490A1EF096F9F0EE11
:10E8B00040FAB0EE680A1EF090F97FEE80FAB0EEF2
:10E8C0006C0A1EF08AF93FEE800A8DED030A9DED79
:10E8D000030A1DF031FB9FED681AC0EE010AB7EE86
:10E8E000000A30EEC00ADFED650A20EE200A644817
:10E8F00080ED000A00205F49087069EE090A48EEC1
:10E90000A80A4CEEAC0AB0EE600A1AF019F9B0EEA3
:10E91000408A29EE080AB0EE409A28EE880AF0EE06
:10E92000408A2CEE880AF0EE40CA6DEE0D0A49EEE0
:10E93000A90A4AEE0A0AB0EE600A1AF001F9B0EE2E
:10E94000408A2DEE080AB0EE40DA29EE880AF0EE91
:10E95000409A2AEE080AB0EE40AA454890ED000A17
:10E96000F0EE000A20EE200A8DED1D0A90ED0A0A55
:10E97000F0EE000A20EE200A8DED1C0A90ED140A3C
:10E98000F0EE000A20EE200A8DED1B0A90ED1E0A23
:10E99000F0EE000A20EE200A00E092E28DED1A0A65
:10E9A00090ED000AF1EE000A20EE200A8DED190A22
:10E9B00090ED0A0AF1EE000A20EE200A8DED180A09
:10E9C00090ED140AF1EE000A20EE200A8DED170AF0
:10E9D00090ED0A0AF2EE000A20EE200A8DED160AEA
:10E9E00090ED140AF2EE000A20EE200A8DED150AD1
:10E9F00090ED000A20EE000A8DED140A90ED000A59
:10EA0000D0ED0A0A20EE200A8DED130A90ED000ADF
:10EA1000D0ED140A20EE200A8DED120A90ED000AC6
:10EA200030E0000000000000E44B002000007A44C9
:10EA3000080B00203008AC3BE3A59B3B0AD7A33B67
:10EA400047237A3C742800200C0B0020280B002060
:10EA50002C0B0020300B0020D00A0020D40A00200C
:10EA6000D80A002035FA8E3CCC0A0020460B002044
:10EA70002C480020100B0020000000460AE81C4132
:10EA8000240B0020D0ED1E0A20EE200A8DED110A85
:10EA900090ED0A0A60EE00DA90ED0A0AD0ED140A51
:10EAA00020EE200A8DED100A90ED0A0AD0ED1E0A24
:10EAB00020EE200A8DED0F0A90ED140A60EE00AAF8
:10EAC00090ED140AD0ED1E0A20EE200A8DED0E0AFC
:10EAD00090ED1E0A20EE00EAB6EE000A30EE6A0A59
:10EAE00030EE4E0A20EE0D1A9DED100ADDED110AF2
:10EAF00070EE600AB0EE410A09EEA00ADDED0F0AE1
:10EB00009DED121A70EE810A0AEE200AF0EE000A5C
:10EB100020EE200A8DED0D0A9DED100ADDED110AA3
:10EB200030EE200A20EE0D0AF6EE000A70EEED0A35
:10EB300070EECE0A09EEA00ADDED0E0A9DED131A65
:10EB400070EEC10A0AEE200AF0EE000A20EE200A5A
:10EB50008DED0C0A9DED0D0A60EE000A9DED0C0A8C
:10EB600040EE000A10EE901A08461FF067FECDE94D
:10EB700000019DED000B18F06BF88DED020B9DED83
:10EB8000020B51EC100B1FF061F80B909DED0F0A7A
:10EB9000DDED120A30EE600A20EE0D1A9DED0E0A30
:10EBA000DDED130A70EE200AB0EE410A09EEA00A6C
:10EBB000F6EE000A70EEED0A70EEEA0A0AEE200A9E
:10EBC000F0EE000A20EE200A8DED0A0AB6EE000AE9
:10EBD00030EE6A0A70EE4E0A9DED0B0A20EE801AA6
:10EBE0009DED0F0ADDED120A70EE601ADDED0A0AE6
:10EBF000B0EE410A00EEA10A8DED090A9DED100A62
:10EC0000DDED110A70EE600A9DED0B0A20EE801A10
:10EC10009DED130ADDED0E0A70EE201ADDED0A0AF5
:10EC2000B0EE410A00EEA10A8DED080A9DED120A30
:10EC3000DDED0F0A70EE200A9DED0B0A20EE800A32
:10EC4000F6EE000A70EEED0A30EEEA1ADDED0A0A81
:10EC500000EE810A8DED070A9DED070A29EE800A74
:10EC6000DDED080A0AEE600A8DED060A9DED090A3F
:10EC70002AEE000ADDED070A0DEE600A8DED050AA9
:10EC80009DED080A2DEE000ADDED090A09EEE00A05
:10EC90008DED040AC548D0ED000A9DED060A20EE70
:10ECA000800AC34880ED000AC048D0ED000A9DEDFF
:10ECB000050A20EE800ABF4880ED000ABB48D0ED6F
:10ECC000000A9DED040A20EE800ABB4880ED000A90
:10ECD0009DED190A60EE2A0A9DED1B0A40EE090A15
:10ECE0009DED190A40EE2D0A9DED1C0A40EE680AC2
:10ECF000CDED240A9DED180A20EE0E0ADDED1A0A6C
:10ED000000EEC90ADDED140AB1EE001A20EE811AF8
:10ED1000AA48D0ED0A1AF0EE400A41EE210A9DED14
:10ED20001D0A40EE680A9DED180A70EEC00A9DEDBE
:10ED3000160A40EE2D0A9DED160A40EE2A0A9DEDB8
:10ED4000180A40EE2C0ACDED230A9DED140AF1EECF
:10ED5000000A20EE200AD0ED140A60EE200A9DED94
:10ED60001D0A40EE090A9DED170A40EE0E0A9DEDC0
:10ED70001A0A40EE680A9DED170A70EEC00A9DED72
:10ED8000150A40EE2D0A9DED150A40EE2A0A9DED6A
:10ED9000170A40EE2C0ACDED220AB1EE000A2DEE44
:10EDA000800AD0ED1E0A20EE200ADDED1C0A00EEDE
:10EDB000C90AF1EE000A2AEEA01AD0ED1E1AF0EEF2
:10EDC000400A41EE210A9DED1B0AB0EE60FA00EE0A
:10EDD00068FADDED240A60EEA00A9DED231A41EEEB
:10EDE000010A9DED221A41EE010A4FEE0F0AB0EE24
:10EDF000600A19F0A5FEB0EE408A9DED240A20EECF
:10EE0000080A8DED240A9DED230A20EE080A8DEDF7
:10EE1000230A9DED220A20EE080A8DED220A2FEE2C
:10EE2000080AB0EE40FA9FED661ADFED660A9DED26
:10EE30003E0A18F03FFD6448D0ED000A9FED631ACA
:10EE400020EE811A6248D0ED000A41EE000AF0EE91
:10EE500060EA604890ED000A1FEDF81AC0EE010A62
:10EE60009FED5D1AB0EE6E0A01EE600AF0EE40EA28
:10EE70009FED5A1A5648D0ED000AB0EE6E0A18F00F
:10EE800019FDF0EE40EA9DED210ADDED240A0EEEBB
:10EE9000E00A8DED210A9DED200ADDED230A0EEE3C
:10EEA000E00A8DED200A9DED1F0ADDED220A0EEE2F
:10EEB000E00A8DED1F0A9DED1E0A0EEECF0A8DEDC4
:10EEC0001E0A4748D0ED000A9DED210A3E4890ED0C
:10EED000001A40EE010A4248C0ED000A4148D0ED58
:10EEE000000A9DED200A384890ED001A40EE010A14
:10EEF0003C48C0ED000A3C48D0ED000A9DED1F0AD9
:10EF0000314890ED001A40EE010A3748C0ED000A82
:10EF10003648D0ED000A9DED1E0A2B4890ED001AF0
:10EF200040EE010A3148C0ED000A2D48D0ED000A3C
:10EF300060EEA00A2B4890ED001AD0ED001A41EEC9
:10EF4000210A294890ED001AD0ED001A41EE210A5D
:10EF5000264890ED001AD0ED001A41EE210AB0EEDD
:10EF6000600A19F0EDFDB0EE408A1D4890ED000AF0
:10EF700020EE080A80ED000A1A4890ED000A20EE03
:10EF8000080A80ED000A184890ED000A20EE080AF1
:10EF900080ED000A154890ED000A20EE080A80ED89
:10EFA000000A25B0BDEC108B0AB000BD340B002068
:10EFB000280B00202C0B0020300B00202C480020B8
:10EFC0000000FA4300000000080B00200AD7233C91
:10EFD000140B0020240B00206F12033A8FC2753DE2
:10EFE000CC0A0020D00A0020D40A0020D80A002031
:10EFF00031B52DED040B84B00546002400BF11E0AF
:10F00000FC48005DFC490855FA482430015DFA4887
:10F0100024300155F7484830015DF7484830015524
:10F02000601C84B2242CEBDBF448007803287DDAE2
:10F030000024C7E0DDED060AF14830F9140000EEC7
:10F04000100AB8EEC00A30EEC00AB5EEC00AF1EE02
:10F0500010FA0BDDDDED060AE94830F9140000EE88
:10F06000100AB8EEC00A30EEC00A0CE0DDED060A68
:10F07000E34830F9140000EE100AB8EEC00A30EE92
:10F08000C00AB1EE400AF1EE040AB4EEE00AF1EE75
:10F0900010FA0FD8D948007860B9DA4890ED050A1F
:10F0A000DFEDD90AB4EEE00AF1EE10FA02DB01203E
:10F0B000D0490855DDED050AD14830F9140000EEBD
:10F0C000100AB8EEC00A30EEC00AB5EEC00AF1EE82
:10F0D00010FA0BDDDDED050AC94830F9140000EE29
:10F0E000100AB8EEC00A30EEC00A0CE0DDED050AE9
:10F0F000C34830F9140000EE100AB8EEC00A30EE32
:10F10000C00AB1EE400AF1EE040AB4EEE00AF1EEF4
:10F1100010FA13D8B948007801280FD1B94890EDFA
:10F12000040ADFEDB90AB4EEE00A00E07BE0F1EE9C
:10F1300010FA03DB0121AF4824300155DDED040A4C
:10F14000AF4830F9140000EE100AB8EEC00A30EEF5
:10F15000C00AB5EEC00AF1EE10FA0BDDDDED040ACF
:10F16000A74830F9140000EE100AB8EEC00A30EEDD
:10F17000C00A0CE0DDED040AA14830F9140000EEED
:10F18000100AB8EEC00A30EEC00AB1EE400AF1EE45
:10F19000040AB4EEE00AF1EE10FA11D897480078AC
:10F1A00002280DD1974890ED030ADFED970AB4EEDF
:10F1B000E00AF1EE10FA03DB01218E4848300155D8
:10F1C000601C84B2242CFFF635AF002429E08A4865
:10F1D000005D18B98748005D012811D086482430A9
:10F1E000005D20B983482430005D012808D08248A2
:10F1F0004830005D98B97F484830005D01280ED145
:10F20000D5ED021AB0EE611AD5ED011AF0EE610AE1
:10F21000D5ED001AB0EE610A7C48FEF768FE601C6E
:10F2200084B2242CD3DB0020F3F748FDA8B10120E1
:10F2300077490880002404E000206E490855601CCE
:10F2400084B2242CF8DB7248408818B901206B493D
:10F25000087002E00320694908700120F3F72EFDD1
:10F26000B0B101206A494880002405E000216148CE
:10F2700024300155601C84B2242CF7DB644880885C
:10F2800018B902205D49087002E003205B4908704C
:10F290000220F3F713FDB0B101205D4988800024FE
:10F2A00005E00021534848300155601C84B2242CED
:10F2B000F7DB5748008818B900205049087002E071
:10F2C00003204E4908704D48007828B99DED060A84
:10F2D000504880ED000A18E048480078012805D120
:10F2E0009DED050A4B4880ED000A0EE0434800788A
:10F2F000022805D19DED040A464880ED000A04E08D
:10F300009FED450A434880ED000A414800880128E6
:10F310006FD13F48408801286BD13D488088012843
:10F3200067D13E483E493F4B3F4A9FED3B0ACDE9FE
:10F3300000106C213548FEF758FE3B4890ED000A5E
:10F340003A4880ED000A374890ED000A374880EDD2
:10F35000010A334890ED000A344880ED020A00208B
:10F360002B490880488088803149087031490880DD
:10F370002E4890ED000ABDEEC00A10EE100A00B251
:10F380002D490880294890ED010ABDEEC00A10EE13
:10F39000100A00B24880254890ED020ABDEEC00A6E
:10F3A00010EE100A00B2888000200221234A034692
:10F3B000B6EE000ACDE9002102904FF4FA62510046
:10F3C0001F48F2F71EFF1948D0ED021AB0EE611A7D
:10F3D000D0ED011AF0EE610AD0ED001AB0EE610A2C
:10F3E0001849082016F093FB01201749487209B00C
:10F3F00030BD2BE068170020FC1600201C01002007
:10F40000C4EF0200002800200000804528180020DA
:10F41000240100202001002000000000380100200D
:10F4200034010020300100202C010020F8170020BA
:10F4300014010020920100203A00002000500240F8
:10F44000741800203C3000208E370020002009B0C6
:10F4500030BD00003EB500240025C248008800EE03
:10F46000100AB8EE400ADFEDC00AB4EEE00AF1EE91
:10F4700010FA22D8BD4890ED000ADFEDBD0AB4EEC7
:10F48000E00AF1EE10FA18DBBA4890ED000ADFED61
:10F49000BA0AB4EEE00AF1EE10FA0EDBB74890EDCE
:10F4A000000ADFEDB50AB4EEE00AF1EE10FA04DB73
:10F4B000B3480088401CB2490880AA48008800EE82
:10F4C000100AB8EE400ADFEDA80AB4EEE00AF1EE49
:10F4D00010FA22D8A54890ED000ADFEDA50AB4EE97
:10F4E000E00AF1EE10FA18DBA24890ED000ADFED19
:10F4F000A20AB4EEE00AF1EE10FA0EDB9F4890ED9E
:10F50000000ADFED9D0AB4EEE00AF1EE10FA04DB2A
:10F510009B480088B0F57A7F03DC9A48007803287E
:10F5200044D199480088002840D10220974908809A
:10F530000120974908700320964908700120022194
:10F54000954A00239FED950ACDE9002102904FF4E2
:10F55000FA6211469248F2F754FE0020884908806A
:10F5600090490870002411E000208F4908550025BB
:10F5700008E0002004EBC4018C4A02EB81014855ED
:10F58000681C85B2242DF4DB601C84B2032CEBDBF9
:10F590000B208749088001200EF0D8FF01200FF0D2
:10F5A00033F800208349088076490870784800784D
:10F5B00001287CD16B48008800EE100AB8EE400AA2
:10F5C000DFED690AB4EEE00AF1EE10FA19D86748E7
:10F5D00090ED000ADFED780AB4EEE00AF1EE10FAE1
:10F5E0000FD8644890ED000AB5EEC00AF1EE10FAAB
:10F5F00007D1624890ED000AB5EEC00AF1EE10FAAC
:10F6000003D06E48007801283CD16D480088401C2A
:10F610006B49088008460088142803DA6748007898
:10F6200001282BD100205B4908706649088048807A
:10F630008880002404E000205C490855601C84B2E6
:10F64000242CF8DB002405E0002158482430015523
:10F65000601C84B2242CF7DB002405E00021534811
:10F6600048300155601C84B2242CF7DB5648FEF765
:10F670007AFF0020554908805549088000204F49ED
:10F68000087066E03748008800EE100AB8EE400ABD
:10F69000DFED350AB4EEE00AF1EE10FA52D8334845
:10F6A00090ED000ADFED320AB4EEE00A00E057E028
:10F6B000F1EE10FA46DD2F4890ED000AB5EEC00AD3
:10F6C000F1EE10FA3ED12D4890ED000AB5EEC00AD9
:10F6D000F1EE10FA36D13A480088401C38490880CB
:10F6E00008460088142834DB01202A4908700020CD
:10F6F0003449088048808880002404E000202B4999
:10F700000855601C84B2242CF8DB002405E000219D
:10F71000264824300155601C84B2242CF7DB0024D9
:10F7200005E00021214848300155601C84B2242C9A
:10F73000F7DB2548FEF717FF0020244908802449FD
:10F74000088006E01E49088800EBD07149101C4A69
:10F7500011801B480088C82802DBC820184908808F
:10F760003EBD00000603002000408344100300203B
:10F77000000016430C0300200000D24108030020C3
:10F780001A010020B9080020240300209201002063
:10F79000140100201C01002000500240CDCC4C3E42
:10F7A00074180020150100201601002068170020A1
:10F7B0007E02002032030020000016C3BA08002099
:10F7C0001E01002024010020281800202C03002006
:10F7D0002E03002010B5624890F83C0098B9002034
:10F7E0005F4981F830009FED5F0A084680ED060A08
:10F7F0009FED5C0A80ED050A9FED5A0A80ED040A30
:10F80000012081F83C005848007802280CD11AF0F9
:10F8100081F80020524981F83000544890ED260AC2
:10F82000084680ED060A10BD51480078022813D121
:10F83000DFED4C0A9FED4B0A0020F8F7F1FE1AF0BD
:10F84000EDFE0020464981F83000484890ED260A38
:10F85000084680ED060AE6E74648007801281AD1F6
:10F860004548008845490880404890ED240A3C48B6
:10F8700080ED040A3D4890ED250A394880ED050ADF
:10F880000020374981F83000384890ED260A0846B4
:10F8900080ED060A62E03A480078012803D1394831
:10F8A000F2F736FA5AE038480078012804D00228E6
:10F8B00019D0032833D124E02C4890ED240A28489D
:10F8C00080ED040A294890ED250A254880ED050AB7
:10F8D0000020234981F83000244890ED260A08468C
:10F8E00080ED060A32E0002006F0DAFA00201C491A
:10F8F00081F830001D4890ED260A084680ED060A82
:10F9000024E022481CF03CFB0020154981F830001F
:10F91000164890ED260A084680ED060A16E01348C0
:10F9200090ED240A0E4880ED040A104890ED250A57
:10F930000B4880ED050A0020094981F830000B488A
:10F9400090ED260A084680ED060A00BF00BFDFEDF5
:10F95000050A9FED040A0020F8F762FE00BF62E787
:10F96000F462002000000000300E0020B0260020CD
:10F97000320E00202A0E002006030020380E002040
:10F980002E0E00209A0F00202C0E002084690020EB
:10F99000B0EE401AF0EE410AB5EEC01AF1EE10FAE0
:10F9A00003D2B1EE600AF0EE400A9FED180AF4EEC1
:10F9B000C00AF1EE10FA04DB80ED001A9FED140A84
:10F9C0007047B7EE000AF4EEC00AF1EE10FA06D264
:10F9D0009FED0F0A80ED000AB0EE410AF0E7BDEEA0
:10F9E000E00AB8EEC00AF0EE400AB5EEC01AF1EE39
:10F9F00010FA03D2B1EE600AF0EE400A71EE601A1E
:10FA0000C0ED000AB0EE610ADAE700000000804BAA
:10FA10000000000010B504464D48007848B94D4834
:10FA20004078A04205D10120494908704A48047035
:10FA30008CE047480078012809D146480078A04268
:10FA400005D1022042490870434844707EE0404896
:10FA50000078022807D1F12C05DA03203C49087010
:10FA60003D48847072E03A48007803280CD1642C39
:10FA70000ADA0420364908703748C47037480470E1
:10FA800000203749087061E03148007804281AD115
:10FA900032480078002816DD30480078401E2F4993
:10FAA00008702F4800782E490978491C2C4A11709B
:10FAB000001D29490C5429480078002846D105200A
:10FAC0002349087042E02248007805280DD106201D
:10FAD0001F4908702248007821490978491C204AAA
:10FAE0001170001D1C490C5430E01948007806289C
:10FAF00011D11C480078A0420DD10720144908708C
:10FB00001748007816490978491C154A1170001DDC
:10FB100011490C541AE00E480078072813D11148F7
:10FB20004078A0420FD10020094908700C480078A5
:10FB3000001D09490C540A480078401DC1B206480E
:10FB400000F0C2F802E000200149087010BD00007A
:10FB500066090020B2080020223800206409002035
:10FB600065090020B408002010B504464F4800780D
:10FB700048B94F484078A04205D101204B49087050
:10FB80004C48047091E049480078012809D1484860
:10FB90000078A04205D102204449087045484470CD
:10FBA00083E042480078022807D1F12C05DA0320CF
:10FBB0003E4908703F48847077E03C48007803284D
:10FBC0000CD1642C0ADA0420384908703948C47012
:10FBD0003948047000203949087066E033480078DD
:10FBE00004281AD134480078002816DD32480078FD
:10FBF000401E314908703148007830490978491C65
:10FC00002E4A1170001D2B490C542B4800780028F7
:10FC10004BD105202549087047E024480078052885
:10FC20000DD106202149087024480078234909781D
:10FC3000491C224A1170001D1E490C5435E01B4816
:10FC40000078062811D11E480078A0420DD1072067
:10FC5000164908701948007818490978491C174A4C
:10FC60001170001D13490C541FE01048007807283C
:10FC700013D113484078A0420FD100200B490870DF
:10FC80000E480078001D0B490C540C480078401DAC
:10FC9000C1B2084801F08AFA07E000200349087061
:10FCA00008480068401C0749086010BD3E0A002053
:10FCB0002E0A0020B03F00203C0A00203D0A002010
:10FCC000300A0020340A002003B587B000200690D7
:10FCD000059009E005990798405C06994840069010
:10FCE0000598401CC0B205900898C01E059988422E
:10FCF000F0DCDDE90701084410F8031C0698814296
:10FD000001D009B000BD07980078FE4949788842C3
:10FD100005D107984078FB490978884200D0F0E780
:10FD2000DDE90701084410F8020CF7490978884218
:10FD300008D1DDE90701084410F8010CF2494978BF
:10FD4000884200D0DDE707988078012856D10798CF
:10FD5000007901280AD1ED49087048708870C87090
:10FD60000871487108F0C6FC01F0F7B907980079EE
:10FD7000022805D10320E649087008F0BBFCF3E730
:10FD800007980079032805D10120E049887108F01F
:10FD9000B1FCE9E707980079042807D10120DB4985
:10FDA000887106F005FE08F0A5FCDDE707980079EC
:10FDB000052807D10EF034FC0120D649C87208F09E
:10FDC00099FCD1E70798007906280DD10120CF4989
:10FDD000C871079840790799897941EA0020CE498E
:10FDE000088008F087FCBFE7079800790728BBD197
:10FDF0000120C649087208F07DFCB5E707988078B5
:10FE000002287DD107980079000200B2079949794C
:10FE1000084301901EF0B5F99FEDC00B53EC102B79
:10FE2000CDE902019DED020B51EC100B1EF010FA12
:10FE3000CDE904019DED040B51EC100B1DF006FF04
:10FE4000B849C1F81C0207988079000200B20799EE
:10FE5000C979084301901EF094F99FEDB00B53EC63
:10FE6000102BCDE902019DED020B51EC100B1EF0A1
:10FE7000EFF9CDE904019DED040B51EC100B1DF0E1
:10FE8000E5FEA849C1F820020798007A000200B2F6
:10FE90000799497A084301901EF073F99FEDA20B70
:10FEA00053EC102BCDE902019DED020B51EC100B30
:10FEB0001EF0CEF9CDE904019DED040B51EC100BC1
:10FEC0001DF0C4FE9749C1F824020798807A000209
:10FED00000B20799C97A084301901EF052F99FEDCC
:10FEE0008F0B53EC102BCDE902019DED020B51EC71
:10FEF000100B1EF0ADF9CDE904019DED040B00E0FF
:10FF0000AFE051EC100B1DF0A1FE8649C1F8CC000A
:10FF10000798007B000200B20799497B08430190D3
:10FF20001EF02FF99FED7D0B53EC102BCDE9020154
:10FF30009DED020B51EC100B1EF08AF9CDE9040186
:10FF40009DED040B51EC100B1DF080FE7549C1F8BE
:10FF5000D0000798807B000200B20799C97B084354
:10FF600001901EF00EF99FED700B53EC102BCDE9B4
:10FF700002019DED020B51EC100B1EF069F9CDE969
:10FF800004019DED040B51EC100B1DF05FFE654963
:10FF9000C1F8D4000798007C000200B20799497CA0
:10FFA000084301901EF0EDF89FED5C0B53EC102B15
:10FFB000CDE902019DED020B51EC100B1EF048F94A
:10FFC000CDE904019DED040B51EC100B1DF03EFE3C
:10FFD0005449C1F86C030798807C000200B207996D
:10FFE000C97C084301901EF0CCF89FED4C0B53ECFC
:10FFF000102BCDE902019DED020B51EC100B1EF010
:020000040001F9
:1000000027F9CDE904019DED040B51EC100B1DF017
:100010001DFE4449C1F870030798007D000200B23C
:100020000799497D084301901EF0ABF89FED3E0B08
:1000300053EC102BCDE902019DED020B51EC100B9E
:100040001EF006F9CDE904019DED040B51EC100BF7
:100050001DF0FCFD3349C1F8740301202D490870DF
:1000600082E60798807803287ED1079800790002FD
:1000700000B207994979084301901EF082F89FED7C
:10008000270B53EC102BCDE902019DED020B51EC37
:10009000100B1EF0DDF8CDE904019DED040B51ECD1
:1000A000100B1DF0D3FD1F49C1F87401079880792A
:1000B000000200B20799C979084301901EF061F867
:1000C0009FED160B53EC102BCDE902019DED020BB9
:1000D00051EC100B1EF0BCF8CDE904019DED040BB2
:1000E00051EC100B1DF0B2FD0E49C1F878010798D4
:1000F000007A000200B20799497A084301901EF085
:1001000040F815E0B2080020B40800208437002031
:10011000E60C00208E370020CE080020FCA9F1D28A
:100120004D62503F985400207B14AE47E17A843FE3
:100130001FED030B53EC102BCDE902019DED020BDB
:1001400051EC100B1EF084F8CDE904019DED040B79
:1001500051EC100B1DF07AFDFE49C1F87C010798A7
:10016000807A000200B200E0C2E00799C97A084331
:1001700001901EF006F81FED170B53EC102BCDE984
:1001800002019DED020B51EC100B1EF061F8CDE960
:1001900004019DED040B51EC100B1DF057FDED49D2
:1001A00048620798007B000200B20799497B084328
:1001B00001901DF0E6FF1FED270B53EC102BCDE94E
:1001C00002019DED020B51EC100B1EF041F8CDE940
:1001D00004019DED040B51EC100B1DF037FDDD49C2
:1001E00088620798807B000200B20799C97B0843A8
:1001F00001901DF0C6FF1FED340B53EC102BCDE921
:1002000002019DED020B51EC100B1EF021F8CDE91F
:1002100004019DED040B51EC100B1DF017FDCD49B1
:10022000C8620798007C000200B20799497C084325
:1002300001901DF0A6FF1FED470B53EC102BCDE9ED
:1002400002019DED020B51EC100B1EF001F8CDE9FF
:1002500004019DED040B51EC100B1DF0F7FCBD49A2
:10026000C1F8C4020798807C000200B20799C97CDB
:10027000084301901DF085FF1FED580B53EC102B28
:10028000CDE902019DED020B51EC100B1DF0E0FFDA
:10029000CDE904019DED040B51EC100B1DF0D6FCD3
:1002A000AC49C1F8C8020798007D000200B2079966
:1002B000497D084301901DF064FF1FED650B53EC71
:1002C000102BCDE902019DED020B51EC100B1DF03E
:1002D000BFFFCDE904019DED040B51EC100B1DF0A7
:1002E000B5FC9C49C1F8CC0201209B4948703BE514
:1002F0000798807804287DD107980079000200B221
:1003000007994979084301901DF03BFF1FED7D0BD4
:1003100053EC102BCDE902019DED020B51EC100BBB
:100320001DF096FFCDE904019DED040B51EC100B7F
:100330001DF08CFC8749C1F81404079880790002ED
:1003400000B20799C979084301901DF01AFF1FED0B
:100350008D0B53EC102BCDE902019DED020B51ECFE
:10036000100B1DF075FFCDE904019DED040B51EC60
:10037000100B1DF06BFC7749C1F818040798007A40
:10038000000200B20799497A084301901DF0F9FE76
:100390001FED9B0B53EC102BCDE902019DED020BE1
:1003A00051EC100B1DF054FFCDE904019DED040B41
:1003B00051EC100B1DF04AFC6649C1F81C0407986B
:1003C000807A000200B20799C97A084301901DF0B3
:1003D000D8FE1FEDAE0B53EC102BCDE902019DEDC5
:1003E000020B51EC100B1DF033FFCDE904019DED24
:1003F000040B00E0D0E051EC100B1DF027FC554938
:10040000C1F8BC040798007B000200B20799497B41
:10041000084301901DF0B5FE1FEDC00B53EC102BEF
:10042000CDE902019DED020B51EC100B1DF010FF08
:10043000CDE904019DED040B51EC100B1DF006FC01
:100440004449C1F8C0040798807B000200B20799B4
:10045000C97B084301901DF094FE1FEDCD0B53ECBA
:10046000102BCDE902019DED020B51EC100B1DF09C
:10047000EFFECDE904019DED040B51EC100B1DF0D6
:10048000E5FB3449C1F8C4040798007C000200B2BF
:100490000799497C084301901DF073FE1FEDE10BA5
:1004A00053EC102BCDE902019DED020B51EC100B2A
:1004B0001DF0CEFECDE904019DED040B51EC100BB7
:1004C0001DF0C4FB2349C1F804080798807C000292
:1004D00000B20799C97C084301901DF052FE1FED40
:1004E000F10B53EC102BCDE902019DED020B51EC09
:1004F000100B1DF0ADFECDE904019DED040B51EC98
:10050000100B1DF0A3FB1349C1F808080798007DE4
:10051000000200B20799497D084301901DF031FEA9
:100520009FED0E0B53EC102BCDE902019DED020B5C
:1005300051EC100B1DF08CFECDE904019DED040B78
:1005400051EC100B1DF082FB0249C1F80C0801F5BB
:10055000E76007E0985400208E3700207B14AE47F8
:10056000E17A843F90ED090AA0F5A87080ED090AB0
:1005700000F5A87090ED0A0AA0F5A87080ED0A0AAF
:1005800000F5A87090ED0B0AA0F5A87080ED0B0A9D
:100590000120FE49887008E40798807805287DD1FD
:1005A00007980079000200B2079949790843019041
:1005B0001DF0E7FD9FEDF60B53EC102BCDE902018A
:1005C0009DED020B51EC100B1DF042FECDE9040134
:1005D0009DED040B51EC100B1DF038FBEE49C1F8FA
:1005E000B40607988079000200B20799C9790843D8
:1005F00001901DF0C6FD9FEDE60B53EC102BCDE9ED
:1006000002019DED020B51EC100B1DF021FECDE916
:1006100004019DED040B51EC100B1DF017FBDE499E
:10062000C1F8B8060798007A000200B20799497A23
:10063000084301901DF0A5FD1FED380B53EC102B66
:10064000CDE902019DED020B51EC100B1DF000FEF7
:10065000CDE904019DED040B51EC100B1DF0F6FAF1
:10066000CD49C1F8BC060798807A000200B207990C
:10067000C97A084301901DF084FD9FEDC50B53EC32
:10068000102BCDE902019DED020B51EC100B1DF07A
:10069000DFFDCDE904019DED040B00E0F2E051EC3B
:1006A000100B1DF0D3FABC49C1F85C070798007B1A
:1006B000000200B20799497B084301901DF061FDDB
:1006C0009FEDB30B53EC102BCDE902019DED020B16
:1006D00051EC100B1DF0BCFDCDE904019DED040BA8
:1006E00051EC100B1DF0B2FAAB49C1F86007079846
:1006F000807B000200B20799C97B084301901DF07E
:1007000040FD1FED6A0B53EC102BCDE902019DED6E
:10071000020B51EC100B1DF09BFDCDE904019DED8A
:10072000040B51EC100B1DF091FA9B49C1F86407C2
:100730000798007C000200B20799497C08430190A9
:100740001DF01FFD9FED920B53EC102BCDE9020124
:100750009DED020B51EC100B1DF07AFDCDE904016B
:100760009DED040B51EC100B1DF070FA8A49C1F895
:100770004C0B0798807C000200B20799C97C0843A3
:1007800001901DF0FEFC9FED820B53EC102BCDE988
:1007900002019DED020B51EC100B1DF059FDCDE94E
:1007A00004019DED040B51EC100B1DF04FFA7A493A
:1007B000C1F8500B0798007D000200B20799497DEF
:1007C000084301901DF0DDFC1FED9C0B53EC102B3A
:1007D000CDE902019DED020B51EC100B1DF038FD2F
:1007E000CDE904019DED040B51EC100B1DF02EFA28
:1007F0006949C1F8540B01F5D26090ED090AA0F5E2
:10080000A87080ED090A00F5A87090ED0A0AA0F51D
:10081000A87080ED0A0A00F5A87090ED0B0AA0F50B
:10082000A87080ED0B0A00F5FC7090ED090AA0F5A8
:10083000A87080ED090A00F5A87090ED0A0AA0F5ED
:10084000A87080ED0A0A00F5A87090ED0B0AA0F5DB
:10085000A87080ED0B0A00F5A86090ED090AA83099
:1008600080ED090AA83890ED0A0AA83080ED0A0A3E
:10087000A83890ED0B0AA83080ED0B0A01204349FF
:10088000C87034E50798807806287DD107980079EC
:10089000000200B207994979084301901DF071FCEC
:1008A0009FED3B0B53EC102BCDE902019DED020BAC
:1008B00051EC100B1DF0CCFCCDE904019DED040BB7
:1008C00051EC100B1DF0C2F93349C1F8FC0907982F
:1008D0008079000200B20799C979084301901DF0A0
:1008E00050FC9FED2B0B53EC102BCDE902019DED3D
:1008F000020B51EC100B1DF0ABFCCDE904019DED9A
:10090000040B51EC100B1DF0A1F92349C1F8000AAA
:100910000798007A000200B20799497A08430190CB
:100920001DF02FFC1FEDF30B53EC102BCDE9020152
:100930009DED020B51EC100B1DF08AFCCDE904017A
:100940009DED040B51EC100B1DF080F91249C1F81C
:10095000040A0798807A000200B20799C97A08430E
:1009600001901DF00EFC9FED0A0B53EC102BCDE90E
:1009700002019DED020B51EC100B1DF069FCCDE95D
:1009800004019DED040B09E055E000008E370020C6
:10099000FCA9F1D24D62503F9854002051EC100B4D
:1009A0001DF054F9FD49C1F8A40A0798007B000224
:1009B00000B20799497B084301901DF0E2FB1FED4F
:1009C0000C0B53EC102BCDE902019DED020B51EC09
:1009D000100B1DF03DFCCDE904019DED040B51EC25
:1009E000100B1DF033F9ED49C1F8A80A0798807B78
:1009F000000200B20799C97B084301901DF0C1FBBA
:100A00009FEDE70B53EC102BCDE902019DED020B9E
:100A100051EC100B1DF01CFCCDE904019DED040B05
:100A200051EC100B1DF012F9DC49C1F8AC0A0120A1
:100A3000DD49087191E307988078072807D10120E4
:100A4000D9494871D949087007F054FE85E30798E1
:100A5000807808287ED1079800790799497941EA7A
:100A60000020D3490880079880790799C97941EA1D
:100A70000020D04908800798007A0799497A41EA0E
:100A80000020CD4908800798807A0799C97A41EA01
:100A90000020CA4908800798007B0799497B41EAF2
:100AA0000020C74908800798807B0799C97B41EAE5
:100AB0000020C44908800798007C0799497C41EAD6
:100AC0000020C14908800798807C0799C97C41EAC9
:100AD0000020BE4908800798007D0799497D41EABA
:100AE0000020BB4908800798807D0799C97D41EAAD
:100AF0000020B84908800798007E0799497E41EA9E
:100B00000020B54908800798807E0799C97E41EA90
:100B10000020B24908800120A349887107F0EAFD4E
:100B2000AF49A348008800EE100AB8EE400A6020E2
:100B300014F0D6FFAA499F48008800EE100AB8EECC
:100B4000400A612014F0CCFFA5499B48008800EEC4
:100B5000100A00E05FE0B8EE400A622014F0C0FF27
:100B60009F499648008800EE100AB8EE400A6320BC
:100B700014F0B6FF9A499248008800EE100AB8EEC9
:100B8000400A642014F0ACFF95498E48008800EEBE
:100B9000100AB8EE400A652014F0A2FF90498A4876
:100BA000008800EE100AB8EE400A662014F098FFA4
:100BB0008B498648008800EE100AB8EE400A67208C
:100BC00014F08EFF86498248008800EE100AB8EEC5
:100BD000400A682014F084FF81497E48008800EEB6
:100BE000100AB8EE400A692014F07AFF7C497A486E
:100BF000008800EE100AB8EE400A6D2014F070FF75
:100C000077497648008800EE100AB8EE400A6E2058
:100C100014F066FFA1E207988078092860D1079850
:100C200000790799497941EA00206E4908800798C0
:100C300080790799C97941EA00206A494880079874
:100C4000007A0799497A41EA002066498880079826
:100C5000807A0799C97A41EA00206249C8800798DA
:100C6000007B0799497B41EA00205E49088107988B
:100C7000807B0799C97B41EA00205A49488107983F
:100C8000007C0799497C41EA0020564988810798F1
:100C9000807C0799C97C41EA00205249C8810798A5
:100CA000007D0799497D41EA00204E490882079856
:100CB000807D0799C97D41EA00204A494882012088
:100CC000494908700798007E484908700798407E97
:100CD0004749087001203449C87107F00BFD3CE218
:100CE000079880780A2858D10798007941490870F8
:100CF0000798407948700798C179807941EA0020C7
:100D00003C49488001200871002048710021394881
:100D10008171C1710172417281720798007960B965
:100D20000120344948710846408800EE100AB8EEA8
:100D3000400A084680ED030A81E0079800790128FF
:100D40000CD101212B4881714088404200EE100AED
:100D5000B8EEC00A274880ED030A70E007980079D2
:100D600002280BD101212348C171408800EE100AEE
:100D7000B8EE400A1F4880ED030A60E0079800794A
:100D800003283CD101211B4801724088404200EEFB
:100D9000100AB8EEC00A17482EE056E0985400201A
:100DA0007B14AE47E17A843F8E370020E60C0020AA
:100DB0006001002062010020640100206601002023
:100DC000680100206A0100206C0100206E010020F3
:100DD00070010020720100207401002076010020C3
:100DE0003C300020B4380020B6080020B7080020AE
:100DF000B8080020A438002080ED030A1FE00798FF
:100E0000007904280BD10121D5484172408800EEB9
:100E1000100AB8EE400AD24880ED030A0FE00798A6
:100E2000007905280BD10121CD48817240884042CC
:100E300000EE100AB8EEC00AC94880ED030A01208E
:100E4000C849087207F056FC87E1079880780B289C
:100E500024D107980079C449087007984079C3499C
:100E6000087007988079C2490870BF48007848B96F
:100E7000BE48007830B90846007818B90120BD494D
:100E8000087008E0BA480078012804D1B549887292
:100E90000020B749087007F02DFC5EE107988078C4
:100EA0000C282AD10798007901060798407941EA71
:100EB00000410798807941EA00200799C9790843E1
:100EC000AD4908600798007A01060798407A41EA20
:100ED00000410798807A41EA00200799C97A0843BF
:100EE000A6490860A6480068401CA5490860012082
:100EF000A449087007F0FEFB2FE1079880780D28C1
:100F000038D1A14A04210798F1F788FA9E4A121DA8
:100F100008210798F1F782FA9B4A08320C210798BA
:100F2000F1F77CFA984A183210210798F1F776FA0F
:100F3000954A1C3214210798F1F770FA924A203230
:100F400018210798F1F76AFA8F4A24321C21079872
:100F5000F1F764FA8C4A283220210798F1F75EFAFB
:100F6000079890F82400884981F82C008748F9F701
:100F7000A1F8F2E0079880780E282CD10798007924
:100F80000799497941EA002080B20590804800889D
:100F900014281ADA7F49059801EB800002460621E1
:100FA00004900798F1F73AFA7A49059801EB800026
:100FB00090ED000A8DED040A0598AA3080B27649BA
:100FC00003909DED040A14F08BFD01216548017327
:100FD00007F090FBC1E0079880780F287ED1079832
:100FE0004179007941EA00206C4908800A1D0621F8
:100FF0000798F1F713FA694A08320A210798F1F7BE
:101000000DFA664A0C320E210798F1F707FA079895
:10101000807C624908740798C07C48740798007DFA
:1010200001060798407D41EA00410798807D41EA2A
:1010300000200799C97D0843584988630846007C09
:10104000022802D00120887482E05448407CC8B94C
:10105000524890ED010ADFED520A20EE200A80EDA1
:101060000B0A90ED020ADFED4F0A20EE200A80ED18
:101070000C0A90ED030ADFED4C0A20EE200A80ED09
:101080000D0A0EE0454890ED010AB1EE400A80EDF0
:101090000B0A90ED020A80ED0C0A90ED030A80ED38
:1010A0000D0A3E4890ED080A8DED050A90ED080AFC
:1010B000B1EE400A8DED040A90ED0B0A8DED030AA6
:1010C0009DED051ADDED040A9DED030A16F0F2FB15
:1010D000324880ED0B0A90ED080A00E03DE08DED0E
:1010E000050A90ED080AB1EE400A8DED040A90ED74
:1010F0000C0A8DED030A9DED051ADDED040A9DED48
:10110000030A16F0D7FB254880ED0C0A90ED090A7A
:101110008DED050A90ED090AB1EE400A8DED040A45
:1011200090ED0D0A8DED030A9DED051ADDED040A23
:101130009DED030A16F0BEFB184880ED0D0A806B8A
:101140000521B0FBF1F015498863012081F82800E2
:1011500001200449487307F0CDFA00BFFEF7D1BD66
:10116000A43800208E370020B9080020BA080020DB
:10117000BB080020BC080020C0080020C4080020D4
:10118000C8080020CC080020C838002014390020EE
:10119000CE080020D00800203C300020200900208C
:1011A0000000C8C20000C842333365427FB5044620
:1011B0000D460026002003E0215C4E40411CC8B2D1
:1011C000E91E8142F8DC601910F8030CB04200D02F
:1011D0007FBD2078FE494978884204D16078FC4977
:1011E0000978884200D0F3E7601910F8020CF94939
:1011F0000978884206D1601910F8010CF549497840
:10120000884200D0E4E7A0780A287BD12079F2490F
:10121000087060794870E079A17940EA0120EE49D0
:10122000488001200871002048710021EA4881713E
:10123000C171017241728172207960B90120E64961
:1012400048710846408800EE100AB8EE400A084689
:1012500080ED030A4CE0207901280CD10121DE4801
:1012600081714088404200EE100AB8EEC00ADA48A8
:1012700080ED030A3CE0207902280BD10121D648F9
:10128000C171408800EE100AB8EE400AD24880EDE5
:10129000030A2DE0207903280CD10121CE480172E8
:1012A0004088404200EE100AB8EEC00ACA4880EDFD
:1012B000030A1DE0207904280BD10121C6484172A0
:1012C000408800EE100AB8EE400AC34880ED030AD9
:1012D0000EE0207905280BD10121BF48817240889A
:1012E000404200EE100AB8EEC00ABB4880ED030A87
:1012F0000120BA49087207F0FDF90120B8490870C9
:10130000BCE2FFE7A0780C2822D1207900066179A1
:1013100040EA0140A17940EA0120E1790843B1495E
:101320000860207A0006617A40EA0140A17A40EA2A
:101330000120E17A0843AC490860AC480068401CD1
:10134000AA4908600120AA49087007F0D3F995E27C
:10135000A0780D287DD1A74A04212046F1F75EF838
:10136000A44A121D08212046F1F758F8A14A083274
:101370000C212046F1F752F89E4A0C3210212046EB
:10138000F1F74CF89B4A103214212046F1F746F849
:10139000984A143218212046F1F740F8954890ED0C
:1013A000000ADFED950A20EE200A80ED000A90ED9C
:1013B000010ADFED910A20EE200A80ED010A90ED8E
:1013C000020ADFED8D0A20EE200A80ED020A90ED80
:1013D000030ADFED890A20EE200A80ED030A90ED72
:1013E000040ADFED850A20EE200A80ED040A90ED64
:1013F000050ADFED810A20EE200A80ED050A00F1E2
:1014000018021C212046F1F709F87A4A1C322021E3
:101410002046F1F703F8774A203224212046F0F7DE
:10142000FDFF744A243228212046F0F7F7FF714867
:1014300090ED090AF7EE000A20EE200A8DED000A71
:1014400090ED060AF7EE000A20EE200A8DED010A63
:1014500000E054E090ED080AFFEE000A20EE200ABA
:101460008DED020A90ED070AF7EE000A20EE200A41
:101470008DED030A9DED000A80ED060A9DED010A3F
:1014800080ED070A9DED020A80ED080A9DED030A32
:1014900080ED090A00F128022C212046F0F7BEFF5A
:1014A00014F8300F534981F82C00607881F82D0032
:1014B000A178504880F82E10E17880F82F1021791B
:1014C00080F83010617980F83110A17980F83210FD
:1014D000E17980F83310217A303C80F83410012013
:1014E000444981F8440081F8450007F003F9434876
:1014F000F8F7E0FD02203F4981F84900BEE1A078FD
:101500000E2863D13B4A04212046F0F787FF394A71
:10151000121D08212046F0F781FF364A08320C21BF
:101520002046F0F77BFF334A0C3210212046F0F7BB
:1015300075FF304A103214212046F0F76FFF2D4A14
:10154000143218212046F0F769FF2A4890ED000A6E
:10155000DFED290A20EE200A80ED000A90ED010A55
:10156000DFED250A20EE200A80ED010A90ED020A47
:10157000DFED210A20EE200A80ED020A90ED040A38
:10158000B5EEC00AF1EE10FA07D290ED040ADFEDD5
:101590001C0A30EE200A80ED040A142038E0411EB7
:1015A000184A02EB810191ED000A114601EB80011E
:1015B00081ED000A411E144A02EB810191ED000AFF
:1015C000114601EB800181ED000A1FE0B0E0000050
:1015D0002E0A0020300A0020A43800208E37002078
:1015E000320A0020C0080020C4080020C8080020DB
:1015F000CC080020C83800200000C84278400020F5
:101600000000B4439C740020EC740020411E88B29A
:101610000028C4DC9A4890ED030A5FED090A20EE29
:10162000200A984880ED000A954890ED040A9648F3
:1016300080ED000A924A18321C212046F0F7EEFE97
:101640008F4A1C3220212046F0F7E8FE8C4A2032D7
:1016500024212046F0F7E2FE894A24322821204640
:10166000F0F7DCFE864890ED090AF7EE000A20EE5E
:10167000200A8DED000A90ED060AF7EE000A20EE32
:10168000200A8DED010A90ED070AF7EE000A20EE20
:10169000200A8DED020A90ED080AF7EE000A20EE0E
:1016A000200A8DED030A9DED000A80ED060A9DEDEE
:1016B000010A80ED070A9DED020A80ED080A9DED02
:1016C000030A80ED090A00F128022C212046F0F7D8
:1016D000A5FE14F8300F6A4981F82C00607881F873
:1016E0002D00A178664880F82E10E17880F82F1040
:1016F000217980F83010617980F83110A17980F873
:101700003210E17980F83310217A303C80F83410BF
:1017100001205B4981F8440081F8450006F0EAFFAA
:101720005A48F8F7C7FC0120554981F84900A5E05F
:10173000A0780F28FBD16079217940EA0120544933
:1017400008800A1D06212046F0F768FE504A08323C
:101750000A212046F0F762FE4D4A0C320E21204647
:10176000F0F75CFEA07C4A490874E07C4874207D58
:101770000006617D40EA0140A17D40EA0120E17D53
:101780000843434988630846007C022802D00120B0
:1017900088746EE03E48407CC8B93D4890ED010A2F
:1017A000DFED3C0A20EE200A80ED0B0A90ED020AE4
:1017B0005FED6F0A20EE200A80ED0C0A90ED030A1F
:1017C000DFED350A20EE200A80ED0D0A0EE03048EC
:1017D00090ED010AB1EE400A80ED0B0A90ED020A8D
:1017E00080ED0C0A90ED030A80ED0D0A2848D0ED3B
:1017F000081AB0EE611AD0ED081AF1EE611AF0EE97
:10180000610AD0ED0B1AB0EE610A16F053F82048C9
:1018100080ED0B0AD0ED081AB0EE611AD0ED081A6F
:10182000F1EE611AF0EE610AD0ED0C1AB0EE610A29
:1018300016F040F8164880ED0C0AD0ED091AB0EE0B
:10184000611AD0ED091AF1EE611AF0EE610AD0EDDD
:101850000D1AB0EE610A16F02DF80D4880ED0D0A54
:10186000806B0521B0FBF1F009498863012081F804
:10187000280006F03FFF02200849087000BFA7E4D7
:10188000C83800209C740020EC74002078400020B0
:10189000200900200000C8C233336542320A00200C
:1018A00010B52DED048B86B000F028FD00282FD157
:1018B000FE48008868BBFD480088401CFB49088042
:1018C000FB4A1178FB4A92F8AA00FB4AD2ED103A83
:1018D000B0EE633AF94AD2ED1A3AF0EE632AD2ED4D
:1018E0001B3AB0EE632AD2ED1C3AF0EE631AD2ED49
:1018F000193AB0EE631AD2ED173AF0EE630AD2ED60
:10190000183AB0EE630AEE4AD2ED003A02F0AAF9B4
:101910000AE2E6480088012860D1E4480088401CBB
:10192000E2490880E44890ED080ADFEDE60A20EE7F
:10193000200ABDEEC00A10EE100A01B2DE4890ED9A
:10194000070ADFEDE00A20EE200ABDEEC00A10EE25
:10195000100A02B2D84890ED060ADFEDDA0A20EE4E
:10196000200ABDEEC00A10EE100A00B2D24B93ED71
:10197000020ABDEEC00A10EE103A1BB2CDE90130EA
:10198000CDE90321CC4890ED010ABDEEC00A10EE6E
:10199000100A00B2C84C009094ED000ABDEEC00AD7
:1019A00010EE104A23B2C44C94ED050ABDEEC00AF5
:1019B00010EE104A22B2C04C94ED040ABDEEC00AEB
:1019C00010EE104A21B2BC4C94ED030ABDEEC00AE1
:1019D00010EE104A20B202F071F8A5E1B348008879
:1019E000022818D1B1480088401CB0490880B64888
:1019F000C089B5498989B44A5289B34B1B89B24C15
:101A0000CDE90032CDE90210E388A2886188208800
:101A100001F0A8FF88E1A548008803281BD1A3484E
:101A20000088401CA1490880A8480078A849097886
:101A3000CDE90010A74890ED000ABDEEC00A10EEF7
:101A4000100A03B2A4480268A4480168A4480068C8
:101A500001F040F968E195480088042819D19348BD
:101A60000088401C914908809E4890ED002AF0EEC5
:101A7000421A90ED012AB0EE421A9B4890ED002ADE
:101A8000F0EE420A90ED012AB0EE420A01F048FB66
:101A90004AE186480088052818D184480088401CFF
:101AA000824908809148D0ED000AF0EE601AD0ED2E
:101AB000010AB0EE601A8048D0ED150AB0EE600A57
:101AC0008B48D0ED000A01F0F5FB2DE17748008846
:101AD000062814D175480088401C74490880854840
:101AE000D0ED061AB0EE611AD0ED031AF0EE610ADD
:101AF000D0ED001AB0EE610A01F046F814E16B482F
:101B00000088072826D169480088401C674908805A
:101B10006A48D0ED163AB0EE633AD0ED153AF0EEE1
:101B2000632AD0ED143AB0EE632AD0ED133AF0EE0A
:101B3000631A7048D0ED003AB0EE631A6E48D0EDEB
:101B4000023AF0EE630AD0ED013AB0EE630A00F01B
:101B5000F1F8E9E055480088082820D1534800886A
:101B6000401C52490880634890ED073AF0EE432A42
:101B700090ED083AB0EE432A90ED043AF0EE431AA5
:101B800090ED053AB0EE431A90ED013AF0EE430ABB
:101B900090ED023AB0EE430A00F0CEFEC4E04348B6
:101BA000008809281DD141480088401C3F49088011
:101BB0004248D0ED191AB0EE611AD0ED171AF0EEC6
:101BC000610AD0ED181AB0EE610A4C48D0ED002A37
:101BD0004B4890ED002A4B48D0ED001A02F08AF9EC
:101BE000A2E0324800880A284CD130480088401CC6
:101BF0002E490880304890ED050ADFED430A20EEBB
:101C0000200ADFED420A80EE201AB0EE418A90ED04
:101C1000040ADFED3D0A20EE200ADFED3C0A80EEEB
:101C2000201AF0EE418A90ED030ADFED370A20EE2C
:101C3000200ADFED360A80EE201AB0EE419AD0ED90
:101C4000021A9FED332A61EE821AB0EE611AD0EDCE
:101C5000011A9FED2F2A61EE821AF0EE610AD0ED93
:101C6000001A9FED2B2A61EE821AB0EE610AF0EEA7
:101C7000482AB0EE682AF0EE491A2648007800F0AB
:101C800047FA51E0094800880B284AD1002007494B
:101C900008800948D0ED081AB0EE611AD0ED071A95
:101CA000F0EE610AD0ED061A36E000006C09002063
:101CB00024030020B02600200028002074280020E3
:101CC0000C04002000007A44A42500201402002007
:101CD0002C02002028020020C8010020C40100209E
:101CE000C001002018020020E0530020DC0E00207C
:101CF000B8030020084C002084690020E40A00207A
:101D0000DC0A0020E00A00200AE81C41000000462E
:101D100047237A3C5C010020B0EE610A00F06AFAC9
:101D200002E000200249088006B0BDEC048B10BD23
:101D30006C09002070B52DED080B2DED048B82B0E1
:101D4000B0EE618AF0EE428AB0EE629AF0EE439A0B
:101D5000002600240025564802782146641C554878
:101D60004254534842782146641C52484254172238
:101D70002146641C425400222146641C42542246DF
:101D8000014606A8F6F7C6FE241D2246494907A8C3
:101D9000F6F7C0FE241D2246464908A8F6F7BAFE0B
:101DA000241D9FED450A28EE000ABDEEC00A10EE84
:101DB000100A00B201909DF805202046611CCCB2AB
:101DC0003C490A549DF804202046611CCCB2394994
:101DD0000A549FED390A28EE800ABDEEC00A10EEC3
:101DE000100A00B201909DF805202046611CCCB27B
:101DF00030490A549DF804202046611CCCB22D497C
:101E00000A549FED2D0A29EE000ABDEEC00A10EE1D
:101E1000100A00B201909DF805202146601CC4B252
:101E2000244842549DF804202046611CCCB221492C
:101E30000A549FED210A29EE800ABDEEC00A10EE79
:101E4000100A00B201909DF805202046611CCCB21A
:101E500018490A549DF804202046611CCCB215494B
:101E60000A54201FC87000BF04E01248405D46407D
:101E7000681CC5B2A542F8DB2046611CCCB20D49F6
:101E80000E540E4802782046611CCCB209490A540F
:101E90000A4842782046611CCCB206490A542146C1
:101EA00004480DF081FC02B0BDEC048B08B070BD9D
:101EB000B2080020A237002000401C46B4080020D1
:101EC00070B52DED060B0026002400252F48027862
:101ED0002146641C2E4842542C4842782146641CFA
:101EE0002B48425413222146641C425400222146AE
:101EF000641C4254224601466846F6F70BFE241D38
:101F00002246234901A8F6F705FE241D2246204952
:101F100002A8F6F7FFFD241D22461D4903A8F6F787
:101F2000F9FD201DC4B22246194904A8F6F7F2FDB6
:101F3000201DC4B22246164905A8F6F7EBFD201D68
:101F4000C4B2201F1249C87000BF04E01048405DB1
:101F50004640681CC5B2A542F8DB2046611CCCB2E5
:101F60000B490E540B4802782046611CCCB208493C
:101F70000A54084842782046611CCCB204490A54ED
:101F8000214603480DF010FC06B070BDB2080020D9
:101F9000A2370020B408002070B52DED060B0026F6
:101FA000002400252F4802782146641C2E48425404
:101FB0002C4842782146641C2B4842541422214666
:101FC000641C425400222146641C425422460146AD
:101FD0006846F6F79FFD241D2246234901A8F6F71F
:101FE00099FD241D2246204902A8F6F793FD241DE1
:101FF00022461D4903A8F6F78DFD201DC4B22246D6
:10200000194904A8F6F786FD201DC4B222461649D8
:1020100005A8F6F77FFD201DC4B2201F1249C87025
:1020200000BF04E01048405D4640681CC5B2A542B0
:10203000F8DB2046611CCCB20B490E540B480278E9
:102040002046611CCCB208490A5408484278204610
:10205000611CCCB204490A54214603480DF0A4FB8C
:1020600006B070BDB2080020A2370020B4080020DE
:1020700070B52DED020B00260024002521480278C2
:102080002146641C204842541E4842782146641C64
:102090001D48425415222146641C42540022214608
:1020A000641C4254224601466846F6F733FD241D5F
:1020B0002246154901A8F6F72DFD241D201F1249BF
:1020C000C87000BF04E01048405D4640681CC5B2BF
:1020D000A542F8DB2046611CCCB20B490E540B48DC
:1020E00002782046611CCCB207490A54074842785E
:1020F0002046611CCCB204490A54214602480DF026
:1021000053FB7CBDB2080020A2370020B408002099
:10211000F1B52DED060B06460027002400253248B8
:1021200002782146641C314842542F4842782146A7
:10213000641C2E48425411222146641C4254002241
:102140002146641C42542146641C465422460146E2
:102150006846F6F7DFFC241D2246244901A8F6F75D
:10216000D9FC241D2246214902A8F6F7D3FC201DE4
:10217000C4B222461D4903A8F6F7CCFC201DC4B208
:1021800022461A4904A8F6F7C5FC201DC4B222460F
:10219000164905A8F6F7BEFC201DC4B2201F13493E
:1021A000C87000BF04E01148405D4740681CC5B2DC
:1021B000A542F8DB2046611CCCB20C490F540C48F8
:1021C00002782046611CCCB208490A54084842787B
:1021D0002046611CCCB205490A54214603480DF043
:1021E000E3FA07B0F0BD0000B2080020A2370020DB
:1021F000B408002070B52DED040B00260024002546
:10220000244802782146641C2348425421484278DD
:102210002146641C2048425412222146641C425428
:1022200000222146641C4254224601466846F6F7C5
:1022300071FC241D2246184901A8F6F76BFC241DE9
:102240002246154902A8F6F765FC241D201F1249F5
:10225000C87000BF04E01048405D4640681CC5B22D
:10226000A542F8DB2046611CCCB20B490E540B484A
:1022700002782046611CCCB207490A5407484278CC
:102280002046611CCCB204490A54214602480DF094
:102290008BFA7FBDB2080020A2370020B4080020CE
:1022A00070B50546002600241148007811490870D1
:1022B0000F4840784870F02088700120C8700846A8
:1022C000057100BF04E00B48005D4640601CC4B2CD
:1022D000052CF8DB074846710748007805498871E6
:1022E00005484078C871082102480DF05DFA70BDBC
:1022F000B2080020A2370020B408002000B589B041
:10230000FC480078012808D10A20FFF7C9FF002007
:10231000F8490870012009B000BDF648407801284E
:1023200007D10B20FFF7BCFF0020F24948700120C5
:10233000F1E7F0488078012807D10C20FFF7B0FFC3
:102340000020EC4988700120E5E7EA48C0780128C0
:1023500007D10D20FFF7A4FF0020E649C870012037
:10236000D9E7E4480079012807D10E20FFF798FF4C
:102370000020E04908710120CDE7DE4840790128BE
:1023800007D10F20FFF78CFF0020DA4948710120A8
:10239000C1E7D8488079012807D11020FFF780FFD6
:1023A0000020D44988710120B5E7D248C0790128BE
:1023B00007D1F120FFF774FF0020CE49C87101203A
:1023C000A9E7CC48007A012807D1F220FFF768FF7F
:1023D0000020C849087201209DE7C648407A0128BC
:1023E00008D1F320FFF75CFF0020C24948720120AA
:1023F000887290E7BF48807A01287DD1BE48008866
:1024000030B9F420FFF74CFF0120BB49088072E08F
:10241000B948008801282DD1B848B0F9040003EE6E
:10242000100AB8EEC33AF0EE432AB448B0F90200FD
:1024300003EE100AB8EEC33AB0EE432AAF48B0F943
:10244000000003EE100AB8EEC33AF0EE431AAC48AF
:1024500090ED023AB0EE431A90ED013AF0EE430AE5
:1024600090ED003AB0EE430AFFF72AFD0220A249A0
:10247000088040E0A048008802282BD1A14890EDB8
:10248000023AF0EE432A90ED013AB0EE432A90ED85
:10249000003AF0EE431A9C4890ED023ADFED9B3A89
:1024A00023EE233AB0EE431A90ED013ADFED973A6E
:1024B00023EE233AF0EE430A90ED003ADFED933A33
:1024C00023EE233AB0EE430AFFF766FD03208A4964
:1024D000088010E08848008803280CD18C48D0ED93
:1024E000000A8C4890ED000AFFF7C2FD00208249E7
:1024F00008808049887200E001E001200BE77D48F8
:10250000C07A012807D1F520FFF7CAFE00207949DB
:10251000C8720120FFE67748007B012807D116200A
:10252000FFF7BEFE0020734908730120F3E67148EF
:10253000407B012807D1F620FFF7B2FE00206D494D
:1025400048730120E7E66B48807B012807D1F7201C
:10255000FFF7A6FE0020674988730120DBE66E487E
:10256000007801282CD16D48D0EDDD4AB0EE644AE8
:10257000D0EDDC4AF0EE643AD0EDDB4AB0EE643ADE
:10258000D0ED354AF0EE642AD0ED344AB0EE642A3C
:10259000D0ED334AF0EE641AD0ED894AB0EE641AF9
:1025A000D0ED884AF0EE640AD0ED874AB0EE640AB6
:1025B0000A2000F049FF0020574908700120AAE6D0
:1025C0005548407801282CD15448D0EDB34AB0EE9C
:1025D000644AD0EDB24AF0EE643AD0EDB14AB0EEC2
:1025E000643AD0ED0B4AF0EE642AD0ED0A4AB0EE20
:1025F000642AD0ED094AF0EE641AD0ED5F4AB0EEDD
:10260000641AD0ED5E4AF0EE640AD0ED5D4AB0EE99
:10261000640A0B2000F018FF00203F494870012099
:1026200079E63D48807801282FD13D48D0ED0B4A0E
:10263000B0EE644AD0ED0A4AF0EE643AD0ED094AB1
:10264000B0EE643AA0F55270D0ED0B4AF0EE642A79
:10265000D0ED0A4AB0EE642AD0ED094AF0EE641AD1
:10266000A838D0ED0B4AB0EE641AD0ED0A4AF0EE6D
:10267000640AD0ED094AB0EE640A0C2000F0E4FED2
:10268000002025498870012045E62348C0780128AC
:102690004AD12448D0ED0B4AB0EE644AD0ED0A4A44
:1026A000F0EE643AD0ED094AB0EE643AA0F57C70E1
:1026B000D0ED0B4AF0EE642AD0ED0A4AB0EE642A5F
:1026C000D0ED094AF0EE641AA838D0ED0B4AB0EE0E
:1026D000641AD0ED0A4AF0EE640AD0ED094AB0EE71
:1026E000640A0D2000F0B0FE00200B49C8700120E4
:1026F00011E600008E370020680900203A00002013
:1027000098250020EC0A0020CC4800200AE81C4153
:10271000500100204C0100208437002098540020F4
:10272000785C0020C05F00205A480079012827D13A
:10273000594890ED0B3AF0EE432A90ED0A3AB0EE8C
:10274000432A90ED093AF0EE431AA83890ED0B3A7F
:10275000B0EE431A90ED0A3AF0EE430A90ED093AD2
:10276000B0EE430A9FED4D4ADFED4C3A9FED4B3AF8
:102770000E2000F069FE0020464908710120CAE5DC
:1027800044484079012819D19FED444ADFED433A8E
:102790009FED423ADFED412A9FED402ADFED3F1ADF
:1027A0009FED3E1ADFED3D0A9FED3C0A0F2000F041
:1027B0004BFE0020374948710120ACE5354880794F
:1027C000012826D13648008836490988364A1288B9
:1027D000364B1B88CDE90432CDE906103448008819
:1027E00034490988344A1288344B1B88CDE90032B9
:1027F000CDE9021032480388324802883248018805
:102800003248008800F052FF0020224988710120E0
:1028100081E52048C079012815D12D480088142869
:102820000FDA2C482A49098800EB8100D0ED000A14
:10283000B0EE600A2648008801F03CF800201549F7
:10284000C871012067E51348007A012820D1224889
:102850000088142811DA1F481F49098800EB8100FD
:10286000D0ED000AB0EE600A1B48008801F022F8A3
:1028700019480088401C1849088017480088142807
:1028800004D100201449088002490872012042E561
:10289000002040E584370020185F00200000000081
:1028A00076010020740100207201002070010020D8
:1028B0006E0100206C0100206A01002068010020E8
:1028C00066010020640100206201002060010020F8
:1028D000CE080020D00800206A09002070B5054607
:1028E0000026002411480078114908700F484078EC
:1028F0004870F02088700120C8700846057100BF3C
:1029000004E00B48005D4640601CC4B2052CF8DBB7
:10291000074846710748007805498871054840789E
:10292000C871082102480BF001FE70BD2E0A00207C
:1029300014400020300A002070B52DED068B82B0C7
:10294000B0EE408AF0EE608AB0EE419AF0EE619A05
:10295000B0EE42AAF0EE62AA0026002400258648C6
:1029600002782146641C85484254834842782146B7
:10297000641C8248425408222146641C42540022AE
:102980002146641C42549FED7E0A28EE000ABDEEEB
:10299000C00A8DED010A9DF807202146641C4254AF
:1029A0009DF806202146641C42549DF805202146CE
:1029B000641C42549DF804202046611CCCB26F492F
:1029C0000A549FED6F0A28EE800ABDEEC00A8DED15
:1029D000010A9DF807202046611CCCB267490A54C1
:1029E0009DF806202046611CCCB264490A549DF82B
:1029F00005202046611CCCB260490A549DF8042091
:102A00002046611CCCB25D490A549FED5D0A29EE57
:102A1000000ABDEEC00A8DED010A9DF80720204690
:102A2000611CCCB255490A549DF806202046611C11
:102A3000CCB252490A549DF805202046611CCCB204
:102A40004E490A549DF804202046611CCCB24B49E3
:102A50000A549FED4B0A29EE800ABDEEC00A8DEDA7
:102A6000010A9DF807202046611CCCB243490A5454
:102A70009DF806202046611CCCB240490A549DF8BE
:102A800005202046611CCCB23C490A549DF8042024
:102A90002046611CCCB239490A549FED390A2AEE0E
:102AA000000ABDEEC00A8DED010A9DF80720204600
:102AB000611CCCB231490A549DF806202046611CA5
:102AC000CCB22E490A549DF805202046611CCCB298
:102AD0002A490A549DF804202046611CCCB227499B
:102AE0000A549FED270A2AEE800ABDEEC00A8DED3A
:102AF000010A9DF807202046611CCCB21F490A54E8
:102B00009DF806202046611CCCB21C490A549DF851
:102B100005202046611CCCB218490A549DF80420B7
:102B20002146601CC4B215484254201F1349C87086
:102B300000BF04E01148405D4640681CC5B2A54294
:102B4000F8DB2046611CCCB20C490E540D480278CB
:102B50002046611CCCB209490A540A4842782046F2
:102B6000611CCCB205490A54214604480CF01CFEF5
:102B700002B0BDEC068B70BDB2080020A237002069
:102B80000000C842B408002070B52DED048B82B05F
:102B9000B0EE408AF0EE608AB0EE419A0026002442
:102BA0000025484802782146641C4748425445485D
:102BB00042782146641C4448425407222146641C42
:102BC000425400222146641C42549FED400A28EEE4
:102BD000000ABDEEC00A8DED010A9DF807202146CE
:102BE000641C42549DF806202146641C42549DF802
:102BF00005202146641C42549DF804202146641C93
:102C000042549FED320A28EE800ABDEEC00A8DEDD7
:102C1000010A9DF807202146641C42549DF80620B5
:102C20002146641C42549DF805202146641C4254F0
:102C30009DF804202146641C42549FED240A29EE8D
:102C4000000ABDEEC00A8DED010A9DF8072021465D
:102C5000641C42549DF806202146641C42549DF891
:102C600005202146641C42549DF804202046611C26
:102C70008CB215490A54201FC87000BF04E01248E6
:102C8000405D4640681C85B2A542F8DB2046611CC9
:102C90008CB20D490E540E4802782046611C8CB24D
:102CA00009490A540A4842782046611C8CB20649F8
:102CB0000A54214604480CF077FD02B0BDEC048BA9
:102CC00070BD0000B2080020A23700200000C842FA
:102CD000B40800202DE9FF41DDE90A780026002430
:102CE0000025474802782146641C4648425444481F
:102CF00042782146641C4348425404222146641C05
:102D0000425400222146641C42549DF8032021466F
:102D1000641C42549DF802202146641C42549DF8D4
:102D200001202146641C42549DF800202146641C69
:102D300042549DF807202146641C42549DF8062009
:102D40002146641C42549DF805202146641C4254CF
:102D50009DF804202146641C42549DF80B20214616
:102D6000641C42549DF80A202146641C42549DF87C
:102D700009202146641C42549DF808202046611C0D
:102D80008CB220490A549DF80D202046611C8CB25B
:102D90001C490A549DF80C202046611C8CB219492C
:102DA0000A542046611C8CB216490F542046611CFF
:102DB0008CB2144901F80080201FC87000BF04E0E5
:102DC0001048405D4640681C85B2A542F8DB2046AD
:102DD000611C8CB20B490E540B4802782046611CD2
:102DE0008CB208490A54084842782046611C8CB2CB
:102DF00004490A54214603480CF0D6FCBDE8FF8183
:102E0000B2080020A2370020B408002070B52DEDD4
:102E1000100B002600240025524802782146641C2D
:102E2000514842544F4842782146641C4E4842540F
:102E3000E0222146641C425400222146641C425474
:102E4000224601466846F5F765FE241D224646499E
:102E500001A8F5F75FFE241D2246434902A8F5F7B5
:102E600059FE241D2246404903A8F5F753FE201DB4
:102E7000C4B222463C4904A8F5F74CFE201DC4B25A
:102E80002246394905A8F5F745FE201DC4B2224661
:102E9000354906A8F5F73EFE201DC4B22246324948
:102EA00007A8F5F737FE201DC4B222462E4908A810
:102EB000F5F730FE201DC4B222462B4909A8F5F7CC
:102EC00029FE201DC4B2224627490AA8F5F722FE92
:102ED000201DC4B2224624490BA8F5F71BFE201D75
:102EE000C4B2224620490CA8F5F714FE201DC4B236
:102EF00022461D490DA8F5F70DFE201DC4B222463D
:102F000019490EA8F5F706FE201DC4B2224616493F
:102F10000FA8F5F7FFFD201DC4B2201F1249C8708D
:102F200000BF04E01048405D4640681CC5B2A542A1
:102F3000F8DB2046611CCCB20B490E540B480278DA
:102F40002046611CCCB208490A5408484278204601
:102F5000611CCCB204490A54214603480BF0E6FA3E
:102F600010B070BD2E0A002014400020300A00204E
:102F700010B52DED068B61480088401C5F49088024
:102F8000084600880A2874DB002008805C48007826
:102F900001286ED15B48007803286AD15A4890ED29
:102FA000030ADFED5A0A80EE201AB0EE418A584833
:102FB00090ED050ADFED550A80EE201AF0EE418A09
:102FC00090ED040ADFED510A80EE201AB0EE419A2E
:102FD0004D4890ED000ADFED4D0A80EE201AF0EE2C
:102FE000419A4B4890ED020ADFED480A80EE201A24
:102FF000B0EE41AA90ED010ADFED440A80EE201AFE
:10300000F0EE41AA434890ED225AF0EE454A90ED89
:10301000215AB0EE454A90ED205AF0EE453A90ED37
:103020001D5AB0EE453A90ED1F5AF0EE452A90ED4C
:103030001E5AB0EE452A90ED0F5AF0EE451A90ED6B
:10304000125AB0EE451A90ED115AF0EE450A90ED85
:10305000105AB0EE450AF0EE487AB0EE687AF0EE1B
:10306000496AB0EE696AF0EE4A5AB0EE6A5AFFF762
:10307000CDFE2948007807283BD2DFE800F03A046B
:103080000B12192C3300F220FFF728FC00202249F4
:1030900008702EE0F620FFF721FC00201E49087082
:1030A00027E0F720FFF71AFC00201B49087020E0FA
:1030B000F820FFF713FC002017490870C8201749B3
:1030C0004861B6EE000A084680ED060A01208870C5
:1030D000022008800DE0F920FFF700FC00200E49D7
:1030E000087006E0FA20FFF7F9FB00200A49087093
:1030F00000BF00BFBDEC068B10BD00003A0A0020E7
:103100005C010020F40E0020084C00200000C842A2
:103110008469002074280020320A0020943F002097
:1031200070B52DED048B82B0B0EE408AF0EE608A6F
:10313000B0EE419AF0EE619A00260024002559482D
:1031400002782146641C5848425456484278214629
:10315000641C5548425405222146641C42540022F6
:103160002146641C42549FED510A28EE000ABDEE30
:10317000C00A8DED010A9DF807202146641C4254C7
:103180009DF806202146641C42549DF805202146E6
:10319000641C42549DF804202146641C42549FED57
:1031A000430A28EE800ABDEEC00A8DED010A9DF8A3
:1031B00007202146641C42549DF806202146641CC9
:1031C00042549DF805202146641C42549DF8042079
:1031D0002146641C42549FED350A29EE000ABDEEDB
:1031E000C00A8DED010A9DF807202146641C425457
:1031F0009DF806202146641C42549DF80520214676
:10320000641C42549DF804202046611C8CB226495F
:103210000A549FED260A29EE800ABDEEC00A8DED04
:10322000010A9DF807202146601C84B21E484254C2
:103230009DF806202046611C8CB21B490A549DF85B
:1032400005202046611C8CB217490A549DF80420C1
:103250002046611C8CB214490A54201FC87000BF5C
:1032600004E01148405D4640681C85B2A542F8DB89
:103270002046611C8CB20C490E540D480278204641
:10328000611C8CB208490A54094842782146601CE6
:1032900084B20548425421460CF086FA02B0BDECD7
:1032A000048B70BDB2080020A23700200000C84285
:1032B000B408002070B52DED048B82B0B0EE408ACA
:1032C000F0EE608AB0EE419AF0EE619A002600249A
:1032D0000025594802782146641C584842545648F3
:1032E00042782146641C5548425406222146641CFB
:1032F000425400222146641C42549FED510A28EE9C
:10330000000ABDEEC00A8DED010A9DF80720214696
:10331000641C42549DF806202146641C42549DF8CA
:1033200005202146641C42549DF804202146641C5B
:1033300042549FED430A28EE800ABDEEC00A8DED8F
:10334000010A9DF807202146641C42549DF806207E
:103350002146641C42549DF805202146641C4254B9
:103360009DF804202146641C42549FED350A29EE45
:10337000000ABDEEC00A8DED010A9DF80720214626
:10338000641C42549DF806202146641C42549DF85A
:1033900005202146641C42549DF804202046611CEF
:1033A0008CB226490A549FED260A29EE800ABDEE0A
:1033B000C00A8DED010A9DF807202146601C84B2E9
:1033C0001E4842549DF806202046611C8CB21B49C1
:1033D0000A549DF805202046611C8CB217490A54F6
:1033E0009DF804202046611C8CB214490A54201F09
:1033F000C87000BF04E01148405D4640681C85B2BB
:10340000A542F8DB2046611C8CB20C490E540D48D5
:1034100002782046611C8CB208490A540948427857
:103420002146601C84B20548425421460CF0BCF988
:1034300002B0BDEC048B70BDB2080020A2370020A2
:103440000000C842B4080020F0B52DED0A8B81B011
:103450000646B0EE408AF0EE608AB0EE419AF0EE99
:10346000619AB0EE42AAF0EE62AAB0EE43BAF0EE74
:1034700063BAB0EE44CA00240027002586480278CB
:103480002146641C85484254834842782146641C86
:10349000824842542146641C465400222146641C42
:1034A00042549FED7F0A28EE000ABDEEC00A10EEDE
:1034B000100A00B200909DF801202146641C774854
:1034C00042549DF800202146641C42549FED740A2A
:1034D00028EE800ABDEEC00A10EE100A00B200907D
:1034E0009DF801202146641C6C4842549DF8002040
:1034F0002046611CCCB269490A549FED6A0A29EE44
:10350000000ABDEEC00A10EE100A00B200909DF84D
:1035100001202046611CCCB260490A549DF800206D
:103520002046611CCCB25D490A549FED5D0A29EE2C
:10353000800ABDEEC00A10EE100A00B200909DF89D
:1035400001202046611CCCB254490A549DF8002049
:103550002046611CCCB251490A549FED510A2AEE13
:10356000000ABDEEC00A10EE100A00B200909DF8ED
:1035700001202046611CCCB248490A549DF8002025
:103580002046611CCCB245490A549FED460A2AEEFA
:10359000800ABDEEC00A10EE100A00B200909DF83D
:1035A00001202046611CCCB23C490A549DF8002001
:1035B0002046611CCCB239490A549FED390A2BEEE2
:1035C000000ABDEEC00A10EE100A00B200909DF88D
:1035D00001202046611CCCB230490A549DF80020DD
:1035E0002046611CCCB22D490A549FED2D0A2BEECA
:1035F000800ABDEEC00A10EE100A00B200909DF8DD
:1036000001202046611CCCB224490A549DF80020B8
:103610002046611CCCB221490A549FED220A2CEEAF
:10362000000ABDEEC00A10EE100A00B200909DF82C
:1036300001202046611CCCB218490A549DF8002094
:103640002046611CCCB215490A54201FC87000BF27
:1036500004E01248405D4740681CC5B2A542F8DB53
:103660002046611CCCB20D490F540F480278204609
:10367000611CCCB209490A540B4842782046611CAF
:10368000CCB206490A54214604480CF08DF801B02A
:10369000BDEC0A8BF0BD0000B2080020A23700206C
:1036A00000007A440000C842B40800202DE9F84F19
:1036B00006460F4690469946DDF828B00024A246FB
:1036C0000025794802782146641C7848425476489F
:1036D00042782146641C7548425410222146641CDD
:1036E000425400222146641C425400969DF8012059
:1036F0002146641C42549DF800202146641C42541B
:1037000000979DF801202146641C42549DF800203A
:103710002046611CCCB265490A54CDF800809DF862
:1037200001202046611CCCB260490A549DF800205B
:103730002046611CCCB25D490A54CDF800909DF83A
:1037400001202046611CCCB258490A549DF8002043
:103750002046611CCCB255490A54CDF800B09DF802
:1037600001202046611CCCB250490A549DF800202B
:103770002046611CCCB24D490A540B9800909DF82C
:1037800001202046611CCCB248490A549DF8002013
:103790002046611CCCB245490A540C9800909DF813
:1037A00001202046611CCCB240490A549DF80020FB
:1037B0002046611CCCB23D490A540D9800909DF8FA
:1037C00001202046611CCCB238490A549DF80020E3
:1037D0002046611CCCB235490A540E9800909DF8E1
:1037E00001202046611CCCB230490A549DF80020CB
:1037F0002046611CCCB22D490A540F9800909DF8C8
:1038000001202046611CCCB228490A549DF80020B2
:103810002046611CCCB225490A54109800909DF8AE
:1038200001202046611CCCB220490A549DF800209A
:103830002146601CC4B21D484254119800909DF866
:1038400001202046611CCCB218490A549DF8002082
:103850002046611CCCB215490A54201FC87000BF15
:1038600005E01248405D80EA0A0A681CC5B2A5421C
:10387000F7DB2046611CCCB20C4901F800A00C48D3
:1038800002782046611CCCB208490A5408484278A4
:103890002046611CCCB205490A54214603480BF06E
:1038A00083FFBDE8F88F0000B2080020A237002097
:1038B000B4080020F1B52DED020B82B006460024BD
:1038C00000270025244802782146641C23484254DE
:1038D000214842782146641C204842541622214641
:1038E000641C425400222146641C425401969DF8F7
:1038F00005202146641C42549DF804202146641C86
:1039000042542246014602A8F5F704F9241D201F5F
:103910001249C87000BF04E01048405D4740681C71
:10392000C5B2A542F8DB2046611CCCB20B490F544E
:103930000B4802782046611CCCB208490A5408485A
:1039400042782046611CCCB204490A5421460348FF
:103950000BF02AFF05B0F0BDB2080020A23700200E
:10396000B40800207FB500240025002650480278C6
:103970002146641C4F4842544D4842782146641CFD
:103980004C48425403222146641C425400222146E2
:10399000641C42549DF801202146641C42549DF849
:1039A00000202146641C42549DF805202146641CD9
:1039B00042549DF804202046611CCCB23D490A5473
:1039C0009DF809202046611CCCB23A490A549DF862
:1039D00008202046611CCCB236490A549DF80D20BF
:1039E0002046611CCCB233490A549DF80C20204675
:1039F000611CCCB22F490A549DF821202046611C3D
:103A0000CCB22C490A549DF820202046611CCCB22F
:103A100028490A549DF825202046611CCCB225492E
:103A20000A549DF824202046611CCCB221490A5436
:103A30009DF829202046611CCCB21E490A549DF8ED
:103A400028202046611CCCB21A490A549DF82D202A
:103A50002046611CCCB217490A549DF82C20204600
:103A6000611CCCB213490A54201FC87000BF04E087
:103A70001048405D4640681CC5B2A542F8DB2046B0
:103A8000611CCCB20B490E540B4802782046611CD5
:103A9000CCB208490A54084842782046611CCCB28E
:103AA00004490A54214603480BF07EFE7FBD000006
:103AB000B2080020A2370020B40800202DE9F84FFA
:103AC00006460F4690469946DDF828B00024A246E7
:103AD0000025614802782146641C604842545E48D3
:103AE00042782146641C5D48425402222146641CEF
:103AF000425400222146641C425400969DF8012045
:103B00002146641C42549DF800202146641C425406
:103B100000979DF801202146641C42549DF8002026
:103B20002046611CCCB24D490A54CDF800809DF866
:103B300001202046611CCCB248490A549DF800205F
:103B40002046611CCCB245490A54CDF800909DF83E
:103B500001202046611CCCB240490A549DF8002047
:103B60002046611CCCB23D490A54CDF800B09DF806
:103B700001202046611CCCB238490A549DF800202F
:103B80002046611CCCB235490A540B9800909DF830
:103B900001202046611CCCB230490A549DF8002017
:103BA0002046611CCCB22D490A540C9800909DF817
:103BB00001202046611CCCB228490A549DF80020FF
:103BC0002046611CCCB225490A540D9800909DF8FE
:103BD00001202046611CCCB220490A549DF80020E7
:103BE0002046611CCCB21D490A540E9800909DF8E5
:103BF00001202046611CCCB218490A549DF80020CF
:103C00002046611CCCB215490A54201FC87000BF61
:103C100005E01248405D80EA0A0A681CC5B2A54268
:103C2000F7DB2046611CCCB20C4901F800A00C481F
:103C300002782046611CCCB208490A5408484278F0
:103C40002046611CCCB205490A54214603480BF0BA
:103C5000ABFDBDE8F88F0000B2080020A2370020BD
:103C6000B40800202DE9F0412DED088B82B0B0EEB4
:103C7000408AF0EE608AB0EE419AF0EE619AB0EEC2
:103C800042AAF0EE62AAB0EE43BAF0EE63BA06467C
:103C90000F460024A046934802782146641C9248AF
:103CA0004254904842782146641C8F484254012275
:103CB0002146641C425400222146641C42549FED5C
:103CC0008B0A28EE000ABDEEC00A10EE100A00B200
:103CD00001909DF805202146641C834842549DF8BC
:103CE00004202146641C42549FED800A28EE800A7D
:103CF000BDEEC00A10EE100A00B201909DF805203A
:103D00002146641C784842549DF804202046611CDA
:103D1000CCB275490A54B2EE040A29EE000ABDEE8F
:103D2000C00A10EE100A00B201909DF8052020464E
:103D3000611CCCB26C490A549DF804202046611CD9
:103D4000CCB269490A549FED690A29EE800ABDEE9A
:103D5000C00A8DED000A9DF803202046611CCCB2FC
:103D600061490A549DF802202046611CCCB25E498C
:103D70000A549DF801202046611CCCB25A490A54CD
:103D80009DF800202046611CCCB257490A549FED93
:103D9000570A2AEE000ABDEEC00A8DED000A9DF812
:103DA00003202046611CCCB24F490A549DF80220E2
:103DB0002046611CCCB24C490A549DF80120214692
:103DC000601CC4B2484842549DF800202046611C43
:103DD000CCB245490A549FED450A2AEE800ABDEE51
:103DE000C00A8DED000A9DF803202046611CCCB26C
:103DF0003D490A549DF802202046611CCCB23A4944
:103E00000A549DF801202046611CCCB236490A5460
:103E10009DF800202046611CCCB233490A549FED26
:103E2000330A2BEE000ABDEEC00A10EE100A00B2F3
:103E300001909DF805202046611CCCB22A490A5405
:103E40009DF804202046611CCCB227490A549FEDFE
:103E5000270A2BEE800ABDEEC00A10EE100A00B24F
:103E600001909DF805202046611CCCB21E490A54E1
:103E70009DF804202046611CCCB21B490A54204600
:103E8000611CCCB218490E542046611CCCB21649B4
:103E90000F54201FC870002505E01348405D80EADC
:103EA0000808681CC5B2A542F7DB2046611CCCB2ED
:103EB0000D4901F800800E4802782046611CCCB202
:103EC00009490A540A4842782046611CCCB2064986
:103ED0000A54214604480BF067FC02B0BDEC088B85
:103EE000BDE8F081B2080020A23700200000C842DF
:103EF000B408002070B52DED060B00260024002527
:103F00002F4802782146641C2E4842542C4842789F
:103F10002146641C2B48425409222146641C425409
:103F200000222146641C4254224601466846F4F7AA
:103F3000F1FD241D2246234901A8F4F7EBFD241DC1
:103F40002246204902A8F4F7E5FD241D22461D491A
:103F500003A8F4F7DFFD201DC4B22246194904A8C6
:103F6000F4F7D8FD201DC4B22246164905A8F4F77F
:103F7000D1FD201DC4B2201F1249C87000BF04E04B
:103F80001048405D4640681CC5B2A542F8DB20469B
:103F9000611CCCB20B490E540B4802782046611CC0
:103FA000CCB208490A54084842782046611CCCB279
:103FB00004490A54214603480BF0F6FB06B070BDD5
:103FC000B2080020A2370020B4080020002000BF63
:103FD0000EE0002100EB4002084B995400EB400238
:103FE0001A44517000EB40021A449170411C88B28F
:103FF0000A28EEDB0021024A11807047406300204E
:10400000620E002010B538483849098830F8110090
:1040100001280BDB34483549098830F81100401E6F
:1040200081B23148314A128820F812102F48008896
:1040300000EB40002C491E39085C01281AD12B489E
:10404000008800EB400008444078012812D127483E
:10405000008800EB40000844807801280AD12248FB
:104060002249098830F8110020B920480088401CF6
:104070001E4908801D480088032802DB03201B49D5
:1040800008801A48008858B9002117481E389FED4B
:10409000181ADFED170A9FED170A16F067F822E0ED
:1040A00012480088012809D101210F481E38DFED90
:1040B000120A9FED0F0A15F0CDFF14E00B4800889F
:1040C00002280BD1022108481E389FED0C1ADFEDA3
:1040D0000C0A9FED070A16F049F804E016F072F991
:1040E000002001F0FDFD10BD5E630020620E002087
:1040F000000000000000F0420000C8420050C3472A
:10410000000048C270B504460D46294620460DF011
:10411000C3FE70BD7CB50446002557208DF8000015
:1041200010208DF80100FF208DF802008DF80300AB
:104130008DF804408DF805008DF806009DF800000C
:104140009DF8011008449DF8021008449DF80310E2
:1041500008449DF8041008449DF8051008449DF893
:1041600006100844C5B28DF8075008216846FFF7CD
:10417000C9FF7CBD10B52048F6F71CF81E48183062
:10418000EEF7FEFF1D490870EEF774FF1A4890ED38
:10419000060A1B48D0ED000A30EE600A194880ED8F
:1041A000000A154890ED070A1548D0ED010A30EED7
:1041B000600A144880ED010A0F4890ED080A104883
:1041C000D0ED020A30EE600A0E4880ED020AD0ED12
:1041D000021AB0EE611AD0ED011AF0EE610AD0EDCC
:1041E000001AB0EE610A16F0EFFE034880ED0C0AEB
:1041F00000F086F810BD000000280020040B00200D
:10420000D42400204C49002010B518480BF052FF70
:1042100004214FF04020F4F7A9FF08214FF040207F
:10422000F4F7A4FF10214FF04020F4F79FFF202166
:104230004FF04020F4F79AFF0220F0F77DFA0022B9
:1042400008214FF04020F4F7DCFF6420F0F774FA07
:10425000082211464FF04020F4F7D3FF022018F057
:10426000E1FCF2F731FDF9F757FC10BD000800F052
:1042700010B516480BF01EFF04214FF04020F4F754
:1042800075FF08214FF04020F4F770FF10214FF028
:104290004020F4F76BFF20214FF04020F4F766FF39
:1042A0000A20F0F749FA002208214FF04020F4F7E5
:1042B000A8FF6420F0F740FA082211464FF0402092
:1042C000F4F79FFF022018F0ADFC10BD000800F0CD
:1042D0000848007901280AD10748007B012804D04A
:1042E000064890F84600012801D1012070470020BF
:1042F000FCE70000F80A0020D8640020C83800203D
:1043000010B52DED0A8B84B000200190029003902F
:104310006F4890ED000AF0EE408A90ED010AB0EE91
:10432000409A90ED020AB0EE408A69EE090A48EE22
:10433000080AB0EE600A14F003FC20EE280A10EE22
:10434000104A20461AF07AFA41EC1C0BB0EE4C0AE7
:10435000F0EE6C0A11F074FEB0EE40BAF0EE60BA06
:104360009FED5C0B53EC102B51EC1B0B19F070FF05
:1043700041EC1A0B19F06AFC5849086068EEA80A6B
:1043800048EE080AB0EE600A14F0DAFB20EE090AE3
:1043900010EE104A20461AF051FA41EC1C0BB0EE18
:1043A0004C0AF0EE6C0A11F04BFEB0EE40BAF0EEA3
:1043B00060BA9FED4B0B53EC102B51EC1B0B19F01B
:1043C00047FF41EC1A0B19F041FC47490860474888
:1043D0000078012877D1464890ED000A454880EDE5
:1043E000000A434890ED010A424880ED010A404826
:1043F00090ED020A3F4880ED020A90ED000A8DED33
:10440000010A90ED010A8DED020A90ED020A8DED90
:10441000030A9DED020A3848D0ED0D0A20EE200A6D
:10442000DDED030A90ED0A1A00EEC10A334880ED73
:10443000010A9DED010A3048D0ED0C0A20EE200A59
:10444000DDED020A90ED091A60EE810A90ED0A1A7C
:1044500000EE810ADDED030A90ED091A60EE810A93
:1044600090ED0D1A00EE810A244880ED000A90EDCF
:10447000011AF0EE410A90ED001AB0EE410AF3F78E
:104480005DFBDFED1F0A20EE200A1E4880ED000ACA
:1044900090ED000AB5EEC00AF1EE10FA07D290EDE9
:1044A000000ADFED190A30EE200A80ED000A9FEDC8
:1044B000161ADFED160A134890ED000A13F0FAF908
:1044C000104880ED000A04B0BDEC0A8B10BD00005E
:1044D000404900206666666666A64CC0E00A002079
:1044E0006666666666A64C40DC0A0020040B002067
:1044F0004C49002070490020742800205C020020F4
:104500001B2F6542E40A00200000B44300000000B5
:1045100002460020FE490978FE4B19706ABBFE492D
:1045200091ED150AFD4981ED000AFD490988FD4B11
:1045300019800121F64B1970F74991ED170AFA49D4
:1045400081ED000AF44991ED190AF84981ED000A5C
:10455000F14991F86910012908D1EF4991F86910E2
:10456000F34B19700021EC4B83F86910F14991ED80
:10457000000AF14981ED000AD0E2F04909780129E9
:104580005FD1EF49097901292DD1EE4991ED000A5A
:10459000E24981ED000AEC490988E24B19800221C9
:1045A000DB4B1970E94991ED000ADF4981ED000A02
:1045B000E74991ED000ADD4981ED000AD64991F8FD
:1045C0006A10012908D1D44991F86A10D84B1970A2
:1045D0000021D14B83F86A10DE4991ED000AD649DB
:1045E00081ED000A57E1CC4991ED150ACB4981EDE7
:1045F000000ACB490988CB4B19800121C44B1970A3
:10460000C54991ED170AC84981ED000AC24991EDEB
:10461000190AC64981ED000ABF4991F869100129BC
:1046200008D1BD4991F86910C14B19700021BA4BEE
:1046300083F86910BF4991ED000ABF4981ED000A76
:1046400029E1BE49097802295ED1BD4909790129CC
:104650002CD1BC4991ED000AB04981ED000A052139
:10466000B04B19800221AA4B1970B84991ED000A8C
:10467000AD4981ED000AB64991ED000AAB4981EDE3
:10468000000AA54991F86B10012908D1A24991F8B7
:104690006B10A74B197000219F4B83F86B10AD492D
:1046A00091ED000AA44981ED000AF4E09A4991EDE8
:1046B000150A9A4981ED000A99490988994B198090
:1046C0000121934B1970944991ED170A964981ED98
:1046D000000A914991ED190A944981ED000A8E4929
:1046E00091F86910012908D18B4991F86910904B14
:1046F00019700021884B83F869108E4991ED000AEA
:104700008D4981ED000AC6E08C49097803295FD103
:104710008B49097901292DD18A4991ED000A7F49F8
:1047200081ED000A8C4909887E4B19800221784B63
:104730001970864991ED000A7B4981ED000A844990
:1047400091ED000A794981ED000A734991F86C10E6
:10475000012908D1704991F86C10754B197000212E
:104760006D4B83F86C107D4991ED000A724981ED23
:10477000000A90E0684991ED150A684981ED000A48
:1047800067490988674B19800121614B197062499B
:1047900091ED170A644981ED000A5F4991ED190A0C
:1047A000624981ED000A5C4991F86910012908D13C
:1047B000594991F869105E4B19700021564B83F8E6
:1047C00069105C4991ED000A5B4981ED000A62E0E5
:1047D0005A49097804295ED15949097901292DD10D
:1047E000584991ED000A4D4981ED000A5C4909885C
:1047F0004C4B19800221464B1970544991ED000A27
:10480000494981ED000A524991ED000A474981ED7D
:10481000000A414991F86D10012908D13E4991F8EB
:104820006D10434B197000213B4B83F86D104D49BF
:1048300091ED000A404981ED000A2CE0364991EDE6
:10484000150A364981ED000A35490988354B19802A
:1048500001212F4B1970304991ED170A324981ED32
:10486000000A2D4991ED190A304981ED000A2A49C3
:1048700091F86910012908D1274991F869102C4B4A
:1048800019700021244B83F869102A4991ED000A20
:10489000294981ED000A1E490978022937D11D49AD
:1048A0000978012933D125490978012967D125499A
:1048B00091ED000A2C4981ED000A13200AE02149FC
:1048C00091ED000A2849243101EB800181ED000AB5
:1048D000411E88B20028F2DC1A4991ED000A2249F3
:1048E00081ED090A174991ED000A204981EDFD0A81
:1048F000144991ED000A1E4981ED000A9FED1D0A41
:1049000081ED030A134991ED000A0B4934E09AE066
:104910005B0C00205C0C002000280020C80B00204D
:10492000700B0020C20B0020B40B0020BC0B002039
:10493000CC0B0020800B0020900B00208A08002068
:10494000F80A0020B8030020720B0020BC030020EE
:10495000C0030020840B0020760B00208C0B00206D
:10496000740B0020880B0020084C00209854002075
:104970002C4F00200000000081ED000A30E0684963
:1049800091ED000A674981ED000A13200AE06449AD
:1049900091ED000A6349243101EB800181ED000AA9
:1049A000411E88B20028F2DC5D4991ED000A5D49A4
:1049B00081ED090A5A4991ED000A5B4981EDFD0A32
:1049C000574991ED000A594981ED000A1FED170A78
:1049D00081ED030A564991ED000A564981ED000A1E
:1049E000504991ED000A514981ED000A4D4991ED80
:1049F000030A4E4981ED030A1FED220A4E4981ED5B
:104A0000000A1FED240A4D4981ED000A1FED270A17
:104A10004B4981ED000A002112E0424B93ED000A60
:104A2000243303EB810383ED000A3E4B93ED030A2D
:104A300003F58A7303EB810383ED000A4B1C99B2E3
:104A40001429EADB6AE03F490978012966D13E4929
:104A50000978022962D13D4991ED000A314981ED81
:104A6000000A13200AE0394991ED000A2D4924314A
:104A700001EB800181ED000A411E88B20028F2DCC2
:104A8000324991ED000A274981ED090A2F4991ED3C
:104A9000000A254981EDFD0A2C4991ED000A2349C0
:104AA00081ED000A1FED4D0A81ED030A1D4991EDCC
:104AB000000A1E4981ED000A1A4991ED030A1B49BB
:104AC00081ED030A1FED550A1B4981ED000A1FED18
:104AD000570A1A4981ED000A1FED5A0A184981ED5B
:104AE000000A002112E00F4B93ED000A243303EB80
:104AF000810383ED000A0B4B93ED030A03F58A73E0
:104B000003EB810383ED000A4B1C99B21429EADB05
:104B10000F4991ED000A074981ED000A7047000036
:104B2000B8030020084C0020985400202C4F00208F
:104B3000840B0020900B0020B0520020BC520020BB
:104B4000A45200205B0C00205C0C0020C80B00204D
:104B5000800B00202DE9F04105460E461446002743
:104B6000002004E0295C3944CFB2411CC8B2711E58
:104B70008142F7DCA81910F8010CB84201D0BDE859
:104B8000F0812878FF2802D16878FC2800D0F6E769
:104B900015F8050F15F8011C40EA01202080A878BF
:104BA000697840EA012060802879E97840EA0120AC
:104BB000A0806879A071A879E071287AE97940EA43
:104BC000012000B22081A87A697A40EA0120608140
:104BD000287BE97A40EA0120A081A87B697B40EA32
:104BE0000120E081287CE97B40EA01202082687C6A
:104BF000A074A87CE074E87C2075287D6075687DD1
:104C0000A075E87DA97D40EA01202083687E297E89
:104C100040EA01206083E87EA97E40EA0120A0836B
:104C2000687F297F40EA0120E083A87F84F8200084
:104C300015F81F0F0006697840EA0140A97840EA9C
:104C40000120E9780843606228790006697940EA22
:104C50000140A97940EA0120E9790843A062287A55
:104C60000006697A40EA0140A97A40EA0120E97A1F
:104C70000843E062287B0006697B40EA0140A97B8B
:104C800040EA0120E97B1F3D08432063E089A02121
:104C900091FBF0F000EE100AB8EEC00ADFEDE20A78
:104CA00020EE200A84ED110A208A782191FBF0F091
:104CB00000EE100AB8EEC00ADFEDDB0A20EE200A93
:104CC00084ED120AA08800EE900AF8EE600AB0EEB9
:104CD000600AF3F7ADFBD4ED110A20EE200ADFEDF8
:104CE000D30A80EE801A84ED141A15F8030C6D1F98
:104CF00084F8340094F8200001287CD194F8340022
:104D0000A42879D006DCA1280BD0A22842D0A32861
:104D100073D17EE0A72871D0AB2870D0B028F7D12E
:104D20003EE1A07984F85900A07978B1B4F8540034
:104D3000142807DA34F8540F401C208000206080CB
:104D4000543C0CE00120A4F8560008E034F8540F5D
:104D500000EBD0714910218000206080543C9FED11
:104D6000B40A84ED1A0A9FEDB20A84ED1B0AB14A17
:104D7000D2ED001AB0EE611AAF4AD2ED181AF0EE79
:104D8000610AD2ED171AB0EE610A618820880AF034
:104D900029FC46E1A07984F85900A07978B1B4F8EB
:104DA0005400142807DA34F8540F401C20800020E7
:104DB0006080543C0CE00120A4F8560008E034F870
:104DC000540F00EBD0714910218000206080543CCA
:104DD0009FED970A84ED1A0A9FED950A84ED1B0A50
:104DE000944AD2ED001AB0EE611A934AD2ED181A25
:104DF000F0EE610A04E015E15CE00AE193E093E083
:104E0000D2ED171AB0EE610A618820880AF0EAFB39
:104E100007E1A07984F85900A07978B1B4F854007A
:104E2000142807DA34F8540F401C208000206080DA
:104E3000543C0CE00120A4F8560008E034F8540F6C
:104E400000EBD0714910218000206080543C9FED20
:104E5000780A84ED1A0A9FED760A84ED1B0A754ADA
:104E6000D2ED001AB0EE611A734AD2ED181AF0EEC4
:104E7000610AD2ED171AB0EE610A618820880AF043
:104E8000B1FBB4F908005A280ADDB4F90800B438B7
:104E900000EE100AB8EEC00A684880ED1D0A08E06E
:104EA000B4F9080000EE100AB8EEC00A634880EDBD
:104EB0001D0AB6E0A07984F85900A07978B1B4F859
:104EC0005400142807DA34F8540F401C20800020C6
:104ED0006080543C0CE00120A4F8560008E034F84F
:104EE000540F00EBD0714910218000206080543CA9
:104EF0009FED4F0A84ED1A0A9FED4D0A84ED1B0ABF
:104F00004C4AD2ED001AB0EE611A4B4AD2ED181A93
:104F1000F0EE610AD2ED171AB0EE610A61882088BE
:104F20000AF060FB7DE000BFA07984F85900A07909
:104F300090B1B4F85400032807DA34F8540F401C39
:104F4000208000206080543C0FE00120A4F856002F
:104F50003B498870088008E034F8540F00EBD071AA
:104F60004910218000206080543C9FED310A84ED7F
:104F70001A0A9FED2F0A84ED1B0A2E4AD2ED001A61
:104F8000B0EE611A2C4AD2ED181AF0EE610AD2ED99
:104F9000171AB0EE610A618820880AF023FB40E00E
:104FA000A07984F85900A07978B1B4F854000528A4
:104FB00007DA34F8540F401C208000206080543CF5
:104FC0000CE00120A4F8560008E034F8540F00EB80
:104FD000D0714910218000206080543C9FED140A5C
:104FE00084ED1A0A9FED120A84ED1B0A114AD2EDD4
:104FF000001AB0EE611A104AD2ED181AF0EE610AEA
:10500000D2ED171AB0EE610A618820880AF0EAFA38
:1050100007E0002084F85900A4F856002080608042
:1050200000BF00BF00BFAAE552491D3BB4C8B6404F
:1050300000000000084C0020742800207C63002041
:10504000943F002007B596B0002014901698007881
:10505000FF2803D116984078FC2801D019B000BD74
:10506000002013900AE013991698415C14980844A4
:10507000C0B214901398401CC0B213901798401EF1
:1050800013998842EFDCDDE91601084410F8011C91
:105090001498814200D0E1E716984179007941EAFD
:1050A0000021189801801698C179807941EA002181
:1050B000189841801698417A007A41EA00211898A0
:1050C00081801698817A189881711698C17A1898FB
:1050D000C1711698417B007B41EA002001B218980B
:1050E00001811698C17B807B41EA0021189841819B
:1050F0001698417C007C41EA00211898818116981D
:10510000C17C807C41EA00211898C1811698417DBC
:10511000007D41EA0021189801821698817D189837
:1051200081741698C17D1898C1741698017E1898DC
:1051300001751698417E189841751698817E1898C9
:1051400081751698017FC07E41EA0021189801837D
:105150001698817F407F41EA002118984183169874
:1051600090F82010C07F41EA00211898818316989A
:1051700090F8221090F8210041EA00211898C1838C
:10518000169890F82310189880F82010169890F828
:1051900024000106169890F8250041EA004116986F
:1051A00090F8260041EA0020169991F8271008434C
:1051B00018994862169890F828000106169890F8F9
:1051C000290041EA0041169890F82A0041EA00209F
:1051D000169991F82B10084318998862169890F840
:1051E0002C000106169890F82D0041EA004116980F
:1051F00090F82E0041EA0020169991F82F100843EC
:105200001899C862169890F830000106169890F820
:10521000310041EA0041169890F8320041EA00203E
:10522000169991F8331008431899086316988178F5
:10523000189880F83410189890F8200001287CD134
:105240001898C089A02191FBF0F000EE100AB8EE8A
:10525000C00ADFEDFE0A20EE200A189880ED110A40
:105260001898008A782191FBF0F000EE100AB8EE51
:10527000C00ADFEDF60A20EE200A189880ED120A27
:105280001898808800EE100AB8EE400A8DED130AD7
:105290009DED130AF3F7CCF81898D0ED110A20EE23
:1052A000200ADFEDEB0A80EE801A80ED141A1898C0
:1052B00090F83400A42804D0A5287DD0A6287CD15D
:1052C00002E21898817980F8591018988079B0B165
:1052D0001898B0F8540014280CDA1898B0F8540054
:1052E000401C81B21898A0F8541000211898A0F81A
:1052F000561012E001211898A0F856100DE01898E9
:10530000B0F85400139000EBD07040101899A1F839
:10531000540000211898A0F856109FEDCE0A189856
:1053200080ED1A0A9FEDCB0A189880ED1B0A189899
:10533000006D0B9019F082FA00E0D5E2CDE90E0184
:1053400018980088039018F033FFCDE906011898EB
:10535000C089019018F02CFF9FEDBF0B53EC102B70
:10536000CDE902019DED020B51EC100B18F070FF1E
:10537000CDE904019DED060B53EC102B9DED040BC4
:1053800051EC100B19F070F9CDE90A011898406C36
:10539000079019F053FACDE908019DED0A0B53EC83
:1053A000102B9DED080B51EC100B18F051FFCDE9BF
:1053B0000C019DED0E0B01E084E088E253EC102B14
:1053C0009DED0C0B51EC100B18F042FF9FEDA40B60
:1053D00053EC102BCDE910019DED100B51EC100B8F
:1053E00018F01AFDCDE912019DED120B51EC100BD6
:1053F00018F02CFC189988631899C8651898006DE6
:105400000B9019F01BFACDE90E0118984088039013
:1054100018F0CEFECDE906011898008A019018F028
:10542000C7FE9FED8D0B53EC102BCDE902019DEDD6
:10543000020B51EC100B18F00BFFCDE904019DEDB0
:10544000060B53EC102B9DED040B51EC100B19F0D7
:105450000BF9CDE90A011898806C079019F0EEF964
:10546000CDE908019DED0A0B53EC102B9DED080BC7
:1054700051EC100B18F0ECFECDE90C019DED0E0B7C
:1054800053EC102B9DED0C0B51EC100B18F0E0FEC3
:105490009FED730B53EC102BCDE910019DED100B1C
:1054A00051EC100B18F0B8FCCDE912019DED120B78
:1054B00051EC100B18F0CAFB01461898C1631898FC
:1054C000016610E21898817980F85910189880794F
:1054D000B0B11898B0F8540014280CDA1898B0F845
:1054E0005400401C81B21898A0F85410002118985C
:1054F000A0F8561012E001211898A0F856100DE0FF
:105500001898B0F85400139000EBD0704010189920
:10551000A1F8540000211898A0F8561052480068CD
:1055200019F08CF9CDE90E0118980088039018F055
:105530003FFECDE906011898C089019018F038FEA9
:105540009FED450B53EC102BCDE902019DED020BB5
:1055500051EC100B18F07CFECDE904019DED060B1B
:1055600053EC102B9DED040B51EC100B19F07CF853
:10557000CDE90A011898406C079019F05FF9CDE960
:1055800008019DED0A0B53EC102B9DED080B51EC1F
:10559000100B18F05DFECDE90C019DED0E0B53ECE8
:1055A000102B9DED0C0B51EC100B18F051FE9FEDE4
:1055B0002C0B53EC102BCDE910019DED100B51EC91
:1055C000100B18F029FCCDE912019DED120B51ECE6
:1055D000100B18F03BFB189988631899C86522488E
:1055E000006819F02BF9CDE90E0118984088039056
:1055F00018F0DEFDCDE906011898008A019018F038
:10560000D7FD9FED150B53EC102BCDE902019DED5D
:10561000020B51EC100B18F01BFECDE904019DEDBF
:10562000060B53EC102B9DED040B51EC100B19F0F5
:105630001BF8CDE90A011898806C079019F0FEF864
:10564000CDE908019DED0A0B10E0000052491D3B19
:10565000B4C8B64000000000000000000000E03FB9
:10566000000000A047E1DA3FE809002053EC102BCE
:105670009DED080B51EC100B18F0EAFDCDE90C0183
:105680009DED0E0B53EC102B9DED0C0B51EC100B04
:1056900018F0DEFD1FED0E0B53EC102BCDE91001C1
:1056A0009DED100B51EC100B18F0B6FBCDE912017B
:1056B0009DED120B51EC100B18F0C8FA014618982A
:1056C000C163189801660EE11898817980F8591025
:1056D00018988079E8B11898B0F8540014280CDABA
:1056E0001898B0F85400401C81B21898A0F85410D3
:1056F00000211898A0F8561019E001211898A0F878
:10570000561018988089FE4908800120FD490870CC
:105710000DE01898B0F85400139000EBD0704010D2
:105720001899A1F8540000211898A0F856101FED00
:10573000370A189880ED1A0A1FED3A0A189880ED7A
:105740001B0A1898006D0B9019F078F8CDE90E013E
:1057500018980088039018F02BFDCDE906011898E1
:10576000C089019018F024FD1FED450B53EC102B60
:10577000CDE902019DED020B51EC100B18F068FD14
:10578000CDE904019DED060B53EC102B9DED040BB0
:1057900051EC100B18F068FFCDE90A011898406C25
:1057A000079019F04BF8CDE908019DED0A0B53EC79
:1057B000102B9DED080B51EC100B18F049FDCDE9B5
:1057C0000C019DED0E0B53EC102B9DED0C0B51ECD1
:1057D000100B18F03DFD1FED5E0B53EC102BCDE9C7
:1057E00010019DED100B51EC100B18F015FBCDE9DD
:1057F00012019DED120B51EC100B18F027FA1899BD
:1058000088631899C8651898006D0B9019F016F800
:10581000CDE90E0118984088039018F0C9FCCDE935
:1058200006011898008A019018F0C2FC1FED760B53
:1058300053EC102BCDE902019DED020B51EC100B46
:1058400018F006FDCDE904019DED060B53EC102B7D
:105850009DED040B51EC100B18F006FFCDE90A0189
:105860001898806C079018F0E9FFCDE908019DEDCC
:105870000A0B53EC102B9DED080B51EC100B18F09C
:10588000E7FCCDE90C019DED0E0B53EC102B9DEDCB
:105890000C0B51EC100B18F0DBFC1FED8F0B53ECD5
:1058A000102BCDE910019DED100B51EC100B18F0F1
:1058B000B3FACDE912019DED120B51EC100B18F06B
:1058C000C5F901461898C163189801660BE00021DC
:1058D000189880F859101898A0F856101898018058
:1058E0001898418000BFAFE1189890F82000022876
:1058F000F9D1189890F83400A42802D0A6287DD1B8
:1059000044E11898817980F8591018988079B0B1DD
:105910001898B0F8540014280CDA1898B0F854000D
:10592000401C81B21898A0F8541000211898A0F8D3
:10593000561012E001211898A0F856100DE01898A2
:10594000B0F85400139000EBD07040101899A1F8F3
:10595000540000211898A0F856101FEDC20A18989C
:1059600080ED1A0A1FEDC50A189880ED1B0A1898D9
:10597000C0894FF4207191FBF0F000EE100AB8EEF0
:10598000C00ADFED610A20EE200A189880ED110AA6
:105990001898008A4FF4F07191FBF0F000EE100AB5
:1059A000B8EEC00ADFED580A20EE200A189880ED04
:1059B000120A1898D0ED110A808800EE100AB8EE8D
:1059C000400A20EE800ADFED510A80EE801A189816
:1059D00080ED101A189880ED141A1898006D0B902D
:1059E00018F02CFFCDE90E0118980088039018F0EC
:1059F000DFFBCDE906011898C08900E0FAE00190CC
:105A000018F0D6FB1FEDEC0B53EC102BCDE9020187
:105A10009DED020B51EC100B18F01AFCCDE90401BE
:105A20009DED060B53EC102B9DED040B51EC100B70
:105A300018F01AFECDE90A011898406C079018F08A
:105A4000FDFECDE908019DED0A0B53EC102B9DEDF9
:105A5000080B51EC100B18F0FBFBCDE90C019DED90
:105A60000E0B53EC102B9DED0C0B51EC100B18F0A2
:105A7000EFFB9FED270B53EC102BCDE910019DEDB3
:105A8000100B51EC100B18F0C7F9CDE912019DED88
:105A9000120B51EC100B18F0D9F81899886318996B
:105AA000C8651898006D0B9018F0C8FECDE90E017E
:105AB00018984088039018F07BFBCDE906011898F0
:105AC000008A019018F074FB9FED130B53EC102B20
:105AD000CDE902019DED020B51EC100B18F0B8FB63
:105AE000CDE904019DED060B53EC102B9DED040B4D
:105AF00051EC100B18F0B8FDCDE90A0118980FE031
:105B00007210002074100020F7CC123A09AC9C40AF
:105B1000000000803D0AD73F000000000000E03F89
:105B2000806C079018F08AFECDE908019DED0A0B04
:105B300053EC102B9DED080B51EC100B18F088FB6B
:105B4000CDE90C019DED0E0B53EC102B9DED0C0BD4
:105B500051EC100B18F07CFB1FED130B53EC102BCA
:105B6000CDE910019DED100B51EC100B18F054F91C
:105B7000CDE912019DED120B51EC100B18F066F8F7
:105B800001461898C163189801665CE018988179FD
:105B900080F8591018988079E8B11898B0F8540036
:105BA00005280CDA1898B0F85400401C81B21898F7
:105BB000A0F8541000211898A0F8561019E00121FF
:105BC0001898A0F85610189880892149088001205B
:105BD000204908700DE01898B0F85400139000EBBD
:105BE000D07040101899A1F8540000211898A0F81E
:105BF000561028E00021189880F859101898A0F83D
:105C0000561018980180189841809FED130A189833
:105C100080ED0E0A189880ED170A9FED0F0A18986C
:105C200080ED0F0A189880ED180A9FED0B0A18985E
:105C300080ED100A189880ED190A9FED070A189850
:105C400080ED140A00BF00BF00BFFFF707BA0000D5
:105C500072100020741000200000000010B51B48D6
:105C60000078012831D11A480078012804D0022890
:105C700003D0032816D112E000BF1648D0ED000A69
:105C8000B0EE600A144890ED012AD0ED001A1348D6
:105C900090ED011AD0ED000A0BF006F814E00CF0BC
:105CA00005FB11E00B48D0ED000AB0EE600A0A488F
:105CB00090ED012AD0ED001A084890ED011AD0EDC0
:105CC000000A00F09DF900BF00BF10BDCE0E0020FD
:105CD000F40E0020084C0020E40E0020680B002089
:105CE00010B50446FEF7F4FA60B95C4890ED240A5A
:105CF0005B4880ED040A594890ED250A584880ED2C
:105D0000050A10BD5748F4F7D5F9564890ED020A38
:105D1000DFED550A20EE200ADFED540AB4EEE00A6A
:105D2000F1EE10FA02DB012051490870504800786A
:105D3000012810D14F4890ED010A4F4880ED000A2C
:105D40004C4890ED020A4C4880ED010A00F0E6F85C
:105D5000002047490870494890ED000AB5EEC00A96
:105D6000F1EE10FA46D1464890ED000AB5EEC00AB1
:105D7000F1EE10FA3ED143480078012837D1012CCA
:105D80001BD0414890ED080ADFED400AB4EEE00A6E
:105D9000F1EE10FA21DB374890ED051AF0EE410ADA
:105DA00090ED041AB0EE410A15F0F4F8DFED380A70
:105DB000B4EEE00AF1EE10FA0FD82E4890ED010A89
:105DC0002D4880ED000A2B4890ED020A2A4880ED0C
:105DD000010A00202B49087036E09FED2E0A2E485C
:105DE00080ED000A9FED2B0A80ED010A2CE000F007
:105DF00019FB29E01948D0ED240AF1EE600AB0EE53
:105E0000600ADFED260A232000F0C0F8224880ED6A
:105E1000000A1248D0ED250AF1EE600AB0EE600AE1
:105E2000DFED1E0A232000F0B1F81B4880ED010AC7
:105E30009FED180A104880ED000A9FED160A80EDCC
:105E4000010A01200F4908701348D0ED010A90EDB6
:105E5000000A00F08DFC00BF53E70000B0260020D0
:105E6000F4620020E46200206F12833ACCCCCC3D77
:105E7000E20D002060660020980D00200C03002039
:105E800008030020960D0020742800203333733F50
:105E90000000204200000000B00D002000007A4306
:105EA00010B50446FEF714FA60B9184890ED240ABC
:105EB000174880ED040A154890ED250A144880ED36
:105EC000050A10BD13480078032819D1124890F82C
:105ED000490020B1012806D002280CD107E0204655
:105EE000F4F75EFD0BE02046F4F73CFE07E02046A9
:105EF000F4F738FE03E02046F4F752FD00BF02E05D
:105F00002046F4F74DFD00BFDBE70000B02600207F
:105F1000F4620020F40E0020C838002010B59FED78
:105F2000150A154880ED000A9FED120A80ED010A5E
:105F30009FED100A114880ED000A9FED0E0A80EDDA
:105F4000010A9FED0C0A0E4880ED000A9FED090A38
:105F500080ED010A01200B4908709FED060A0A48EE
:105F600080ED000A9FED030A80ED010A08F01EFD96
:105F700010BD000000000000C80D0020A80D00208A
:105F8000980D0020960D0020B80D002010B52DEDC5
:105F9000048BB0EE409A0446F0EE608A9FED170A3B
:105FA000F0EE409A00EE104AB8EE400AC9EE000A40
:105FB000B0EE608AB7EE001AFFEE000AB0EE480AB3
:105FC00011F078FCB0EE408AB5EEC08AF1EE10FA1E
:105FD00006DB28EE880A20EE080AF0EE409A07E079
:105FE000B1EE680A20EE080A20EE080AF0EE409AA8
:105FF000B0EE690ABDEC048B10BD0000000000008B
:1060000000B52DED060B2DED048B83B0B0EE409A5C
:106010009FEDCB0AF0EE408A9FEDC90AB0EE408AB0
:10602000002001900290C7480AF016FEC54890ED86
:10603000020ADFEDC50A80EE201AB0EE418A9FED1C
:10604000C30AB4EEC08AF1EE10FA0BDC9FEDC00A71
:10605000B4EEC08AF1EE10FA04D318EE100A0FF075
:1060600050FF18B19FEDBB0AB0EE408A9FEDBA1AFF
:10607000F1EE040AB0EE490A11F01CFCF0EE408A81
:10608000B648007801287CD1B548007B012878D13A
:106090009DED0A0A20EE280AB24880ED000A9DED27
:1060A0000B0A20EE280A80ED010AAF4890ED000AA5
:1060B000AC48D0ED000A9FEDAD1A00EE810AAA4867
:1060C00080ED000A90ED010AA648D0ED010A9FED8F
:1060D000A71A00EE810AA44880ED010A00209F491A
:1060E0000870A14890ED000AA148A249098800EB78
:1060F0008100D0ED000A30EE600A9F4880ED000A72
:10610000994890ED010A9A4850309A49098800EB65
:106110008100D0ED000A30EE600A974880ED010A58
:10612000904890ED000A9248F0309249098800EBBF
:106130008100D0ED000A30EE600A904880ED000A40
:10614000884890ED010A8E488A49098800EB810051
:10615000D0ED000A30EE600A884880ED010AD0EDEB
:10616000000AB0EE600A9FED871ADFED870A11F092
:10617000A1FB824880ED000AD0ED010AB0EE600A72
:1061800000E009E09FED7F1ADFED7F0A11F092FB3E
:106190007A4880ED010A11E09FED690A774880EDA9
:1061A000000A9FED670A80ED010A9FED650A7248BB
:1061B00080ED000A9FED620A80ED010A9DED080A5C
:1061C000B1EE400A6A48743880ED070A9DED090A6D
:1061D00080ED080A90ED070A20EE080A8DED010A0D
:1061E00090ED080A20EE080A8DED020A90ED040AEF
:1061F00020EE080ADDED010AB6EE001A60EE810A13
:1062000000EE880A6148D0ED010A5B4890ED001A63
:1062100000EE810A56487438D0ED010A30EE200AAB
:1062200080ED010A90ED050A20EE080ADDED020A74
:10623000B6EE001A60EE810A00EE880A5348D0EDEF
:10624000010A4D4890ED011A00EE810A4848743861
:10625000D0ED020A30EE200A80ED020A4B4890EDA4
:10626000000A4648D0ED000A20EE200A4048743863
:10627000D0ED070A00EE880AD0ED040A30EE200ABD
:1062800080ED040A414890ED000A3C48D0ED010A37
:1062900020EE200A36487438D0ED080A00EE880A4D
:1062A000D0ED050A30EE200A80ED050A13202EE01D
:1062B000421E2F49503101EB820191ED000A2C4919
:1062C000503101EB800181ED000A294901EB820187
:1062D00091ED000A264901EB800181ED000A284971
:1062E00001EB820191ED000A254901EB800181ED6E
:1062F000000A2349503901EB820191ED000A20493F
:10630000503901EB800181ED000A411E88B200285E
:10631000CEDC1748743890ED020A80ED310A90ED1A
:10632000010A80ED1D0A90ED050A80ED6D0A90EDE1
:10633000040A80ED590A03B0BDEC048B06B000BD21
:1063400000000000A86C002000007A443008AC3B3C
:10635000E3A59B3B0AD7A33B00401C46F50E00205B
:10636000D8640020040F0020FC0E00200AD7A33CB4
:10637000D46600201C0F0020140F00200C0F0020FA
:106380001468002000004843000048C3200F00208C
:1063900008B51E48F3EE040A9FED1D0A09F010FB34
:1063A0001C48F1EE080A9FED1A0A09F009FB9FED5F
:1063B0001A0A8DED000A69466A2007F088F90098EC
:1063C0000FF09FFD38B99DED000ABCEEC00A10EE3B
:1063D000100A1249087011480078012804D1EDF71D
:1063E00045F90F4908700FE00C480078022804D1E5
:1063F000EDF73CF90A49087006E0084800780328E0
:1064000002D101200649087008BD0000AC650020DB
:1064100000004842C465002000000000F40E002087
:10642000CE0E002010B5FDF753FF60B9384890ED4F
:10643000240A384880ED040A354890ED250A35488D
:1064400080ED050A10BD34480088401C32490880A0
:1064500008460088042858DB304890ED000A304890
:10646000D0ED010A30EE600A2E4880ED000A2B487C
:1064700090ED010A2A48D0ED020A30EE600A294860
:1064800080ED010A2848D0ED051AB0EE611AD0ED72
:10649000051AF1EE611AF0EE610A2248D0ED001AF9
:1064A000B0EE610A11F006FA1E4880ED000A1E489F
:1064B000D0ED051AB0EE611AD0ED051AF1EE611AB1
:1064C000F0EE610A1748D0ED011AB0EE610A11F042
:1064D000F1F9144880ED010A134890ED090A1148BA
:1064E000D0ED000A20EE200A104880ED000A0E4888
:1064F00090ED090A0B48D0ED010A20EE200A0B4866
:1065000080ED010A00200449088000BF9AE70000DE
:10651000B0260020F4620020D80D0020980D002045
:1065200060660020A00D0020705E0020B00D0020ED
:1065300010B5FDF7CDFE60B93B4890ED240A3B480D
:1065400080ED040A384890ED250A384880ED050AA8
:1065500010BD37480088401C35490880084600882F
:1065600004285FDB334890ED000A3348D0ED010A80
:1065700030EE600A314880ED000A2E4890ED010AA5
:106580002D48D0ED020A30EE600A2C4880ED010A59
:106590002B48D0ED051AB0EE611AD0ED051AF1EED8
:1065A000611AF0EE610A2548D0ED001AB0EE610ADA
:1065B00011F080F9214880ED000A2148D0ED051A3C
:1065C000B0EE611AD0ED051AF1EE611AF0EE610A33
:1065D0001A48D0ED011AB0EE610A11F06BF91748B4
:1065E00080ED010A1648D0ED091A144890ED012AF1
:1065F00061EE821AF0EE610A1148D0ED091A0F48D7
:1066000090ED002A61EE821AB0EE610A0D48D0EDDD
:10661000191AB0EE611A0C49081F11F0CDFE0020C6
:106620000349088000BF93E7B0260020F4620020F1
:10663000DA0D0020980D002084690020A00D0020B4
:10664000705E002074280020B40D002070B52DED80
:10665000048BB0EE408AF0EE608A04460D469FED52
:10666000180AB0EE409A17480078012803D0154860
:10667000007802281FD1B5EEC08AF1EE10FA02DDD3
:10668000B0EE480A01E0B1EE480AB0EE401AB5EEAD
:10669000C08AF1EE10FA02DDB0EE480A01E0B1EE78
:1066A000480AF1EE400AB0EE680A11F003F938EE3C
:1066B000400AB0EE409AB0EE490ABDEC048B70BDC2
:1066C00000000000F40E00209FED230A234880ED17
:1066D000010A9FED210A80ED040A9FED1F0A80ED5B
:1066E000020A9FED1D0A80ED050A9FED1B0A1C485A
:1066F00080ED000A9FED180A80ED010A194890ED1F
:10670000000A194880ED010A164890ED010A164862
:1067100080ED020A9FED100A80ED040A9FED0E0A3B
:1067200080ED050A9FED0C0A104880ED020A9FEDEE
:106730000A0A80ED050A9FED080A80ED010A9FED27
:10674000060A80ED040A9FED040A80ED000A9FED21
:10675000020A80ED030A7047000000006066002016
:10676000FC0E0020C838002084690020B86C00208E
:1067700010B52DED020B8248F3F79CFC804890ED9C
:10678000020AFDF7A5FD60B97E4890ED240A7E4817
:1067900080ED040A7B4890ED250A7B4880ED050AD0
:1067A0001CBD9DED000A794880ED000A9DED010AAF
:1067B00080ED010A76480088401C7549088008462B
:1067C000008802287EDB7148D0ED001A714890EDF8
:1067D000042A71EEC21AB0EE610A6F48D0ED051AB4
:1067E000B0EE611AD0ED051AF1EE611AF0EE610A11
:1067F00011F060F8694880ED000A6448D0ED011A94
:10680000644890ED052A71EEC21AB0EE610A624842
:10681000D0ED051AB0EE611AD0ED051AF1EE611A4D
:10682000F0EE610A11F046F85C4880ED010A5C4820
:1068300090ED000A5848D0ED0A0A584890ED001A29
:1068400000EE810A564880ED000A90ED010A524898
:10685000D0ED0A0A514890ED011A00EE810A504825
:1068600080ED010A4C48D0ED081AB0EE611AD0ED67
:10687000081AF1EE611AF0EE610A4948D0ED001AEB
:10688000B0EE610A11F016F8454880ED000A424862
:10689000D0ED081AB0EE611AD0ED081AF1EE611AC7
:1068A000F0EE610A3E48D0ED011AB0EE610A11F037
:1068B00001F83B4880ED010A90ED000A3648D0ED22
:1068C000090A00E05AE0354890ED001A00EE810A0E
:1068D000344880ED000A324890ED010A2E48D0ED90
:1068E000090A2E4890ED011A00EE810A2D4880ED2C
:1068F000010A2948D0ED0E1AB0EE611AD0ED0E1A39
:10690000F1EE611AF0EE610A2648D0ED011AB0EE00
:10691000610A10F0CFFFB1EE400A234880ED010A72
:106920001D48D0ED0E1AB0EE611AD0ED0E1AF1EE40
:10693000611AF0EE610A1B48D0ED001AB0EE610A50
:1069400010F0B8FFB1EE400A174880ED000A174872
:106950001549D1ED010A91ED000AF0F75BF91348F2
:1069600090ED000A084880ED040A104890ED010AF5
:10697000054880ED050A00200549088000BF0FE7A3
:10698000D4620020B0260020F4620020B80D002060
:10699000DC0D002060660020185F0020C00D002084
:1069A000C80D0020D00D0020640D00206C0D0020CB
:1069B00010B596204F4908804FF448704E49088022
:1069C00043F278704D49088041F288304C49088084
:1069D0004C4908804FF496704B49088096204B49EB
:1069E00008804FF4FA704A4908800220494908801B
:1069F00064204949088000204849088048490880A7
:106A000048493C48008800EE100AB8EE400A602071
:106A10000FF066F843493848008800EE100AB8EED7
:106A2000400A61200FF05CF83E493448008800EECF
:106A3000100AB8EE400A62200FF052F83949304887
:106A4000008800EE100AB8EE400A63200FF048F804
:106A500034492C48008800EE100AB8EE400A642041
:106A60000FF03EF82F492848008800EE100AB8EED3
:106A7000400A65200FF034F82A492448008800EEC7
:106A8000100AB8EE400A66200FF02AF8254920487F
:106A9000008800EE100AB8EE400A67200FF020F8D8
:106AA00020491C48008800EE100AB8EE400A682011
:106AB0000FF016F81B491848008800EE100AB8EECF
:106AC000400A69200FF00CF816491448008800EEBF
:106AD000100AB8EE400A6D200FF002F81149104874
:106AE000008800EE100AB8EE400A6E200EF0F8FFA3
:106AF00010BD000060010020620100206401002040
:106B000066010020680100206A0100206C0100205D
:106B10006E0100207001002072010020740100202D
:106B2000760100203C30002000B58DB00CA960201B
:106B300006F0CDFD0BA9612006F0C9FD0AA962206F
:106B400006F0C5FD09A9632006F0C1FD08A964206F
:106B500006F0BDFD07A9652006F0B9FD06A966206F
:106B600006F0B5FD05A9672006F0B1FD04A968206F
:106B700006F0ADFD03A9692006F0A9FD02A96D206C
:106B800006F0A5FD01A96E2006F0A1FD0C980FF0FE
:106B900080F940B99DED0C0ABCEEC00A10EE100A57
:106BA0005F49088002E096205D4908800B980FF04D
:106BB00070F940B99DED0B0ABCEEC00A10EE100A48
:106BC0005849088003E04FF44870564908800A98F5
:106BD0000FF05FF940B99DED0A0ABCEEC00A10EE55
:106BE000100A5149088003E043F278704E4908804A
:106BF00009980FF04EF940B99DED090ABCEEC00AA4
:106C000010EE100A4949088003E041F288304749F4
:106C1000088008980FF03DF940B99DED080ABCEED8
:106C2000C00A10EE100A4249088003E041F28830A1
:106C30003F49088007980FF02CF940B99DED070AED
:106C4000BCEEC00A10EE100A3A49088003E04FF487
:106C500096703849088006980FF01BF940B99DEDF1
:106C6000060ABCEEC00A10EE100A3349088002E0A2
:106C700096203149088005980FF00BF940B99DED39
:106C8000050ABCEEC00A10EE100A2C49088003E089
:106C90004FF4FA702949088004980FF0FAF840B9C7
:106CA0009DED040ABCEEC00A10EE100A24490880CB
:106CB00002E002202249088003980FF0EAF840B968
:106CC0009DED030ABCEEC00A10EE100A1D490880B3
:106CD00002E064201B49088002980FF0DAF840B9FE
:106CE0009DED020ABCEEC00A10EE100A164908809B
:106CF00002E000201449088001980FF0CAF840B95A
:106D00009DED010ABCEEC00A10EE100A0F49088082
:106D100002E000200D49088007F0B4FB0DB000BD73
:106D20006001002062010020640100206601002053
:106D3000680100206A0100206C0100206E01002023
:106D400070010020720100207401002076010020F3
:106D500010B52DED028B0446F0EE408A9FED7D0AC2
:106D6000B0EE408A04F18C00F3F7A4F994ED250A03
:106D7000DFED790A80EE201AB0EE418A9FED770AA6
:106D800028EE800AB4EEC80AF1EE10FA0DD39FED9A
:106D9000740A28EE800AB4EEC80AF1EE10FA04DC98
:106DA00018EE100A0FF09FF808B1B0EE688A9FED58
:106DB0006D0AB4EEC08AF1EE10FA04D29FED650AB6
:106DC000BDEC028B10BD94ED030A84ED040A94ED32
:106DD000010AD4ED020A30EE600A84ED030A20783D
:106DE00000F00100E8B194ED030AD4ED050AB4EE19
:106DF000E00AF1EE10FA03DB94ED050A84ED030AD4
:106E000094ED030AD4ED050AF1EE600AB4EEE00A4F
:106E1000F1EE10FA05D894ED050AB1EE400A84EDC2
:106E2000030A2078C0F3800028B394ED030AB5EE7E
:106E3000C00AF1EE10FA02DD94ED030A03E094EDCE
:106E4000030AB1EE400AD4ED060AB4EEE00AF1EE10
:106E500010FA20D894ED280AD4ED0A0A20EE200A70
:106E6000D4ED030A60EE200A94ED070A00EE880ACA
:106E700084ED070A0FE094ED280AD4ED0A0A20EE0B
:106E8000200AD4ED030A60EE200A94ED070A00EE12
:106E9000880A84ED070A2078C0F34000E8B194ED39
:106EA000070AD4ED080AB4EEE00AF1EE10FA03DBAB
:106EB00094ED080A84ED070A94ED070AD4ED080A58
:106EC000F1EE600AB4EEE00AF1EE10FA05D894EDA6
:106ED000080AB1EE400A84ED070A94ED0C0A84ED2D
:106EE0000D0A94ED270AD4ED090A60EE200A94ED0C
:106EF000031A94ED070A00EE810AD4ED030A94ED1B
:106F0000041A70EEC10A94ED0B1A01EE200A84ED0A
:106F10000C0A94ED0C0AD4ED0E0AB4EEE00AF1EE80
:106F200010FA03DB94ED0E0A84ED0C0A94ED0C0AC2
:106F3000D4ED0E0AF1EE600AB4EEE00AF1EE10FABA
:106F400005D894ED0E0AB1EE400A84ED0C0A94EDDA
:106F50000C0A35E70000000000007A446666863FB0
:106F60003333733F17B7D13870B52DED028B04461C
:106F7000F0EE408A00259FED8E0AB0EE408A04F1C3
:106F80008C00F3F797F894ED250ADFED8A0A80EE7E
:106F9000201AB0EE418A9FED880A28EE800AB4EEEE
:106FA000C80AF1EE10FA0DD39FED840A28EE800A8C
:106FB000B4EEC80AF1EE10FA04DC18EE100A0EF076
:106FC00092FF08B1B0EE688A9FED7D0AB4EEC08AE8
:106FD000F1EE10FA04D29FED760ABDEC028B70BD83
:106FE00094ED030A84ED040A94ED010AD4ED020A3B
:106FF00030EE600A84ED030A94ED030AD4ED040A2E
:1070000030EE600A84ED120A04250DE0681E04F1DA
:107010004C0101EB800090ED000A084600EB850072
:1070200080ED000A681E05B2002DEFDCD4ED120AD7
:10703000B0EE600A634904F17400ECF725FE84EDBC
:10704000130A207800F00100E8B194ED030AD4EDB2
:10705000050AB4EEE00AF1EE10FA03DB94ED050A3E
:1070600084ED030A94ED030AD4ED050AF1EE600AFB
:10707000B4EEE00AF1EE10FA05D894ED050AB1EE8F
:10708000400A84ED030A2078C0F3800028B394ED11
:10709000030AB5EEC00AF1EE10FA02DD94ED030A20
:1070A00003E094ED030AB1EE400AD4ED060AB4EE13
:1070B000E00AF1EE10FA20D894ED280AD4ED0A0A7D
:1070C00020EE200AD4ED030A60EE200A94ED070AB0
:1070D00000EE880A84ED070A0FE094ED280AD4ED4B
:1070E0000A0A20EE200AD4ED030A60EE200A94ED8D
:1070F000070A00EE880A84ED070A2078C0F34000F2
:10710000E8B194ED070AD4ED080AB4EEE00AF1EE16
:1071100010FA03DB94ED080A84ED070A94ED070AE0
:10712000D4ED080AF1EE600AB4EEE00AF1EE10FACE
:1071300005D894ED080AB1EE400A84ED070A94EDF3
:107140000C0A84ED0D0A94ED270AD4ED090A60EECD
:10715000200A94ED031A94ED070A00EE810AD4ED9B
:107160000B0A94ED131A00EE810A84ED0C0A94EDDB
:107170000C0AD4ED0E0AB4EEE00AF1EE10FA03DBCD
:1071800094ED0E0A84ED0C0A94ED0C0AD4ED0E0A6F
:10719000F1EE600AB4EEE00AF1EE10FA05D894EDD3
:1071A0000E0AB1EE400A84ED0C0A94ED0C0A14E7C5
:1071B0000000000000007A446666863F3333733F68
:1071C00017B7D1385054002070B52DED028B04460E
:1071D000F0EE408A00259FED9E0AB0EE408A04F151
:1071E0008C00F2F767FF94ED250ADFED9A0A80EE36
:1071F000201AB0EE418A9FED980A28EE800AB4EE7C
:10720000C80AF1EE10FA0DD39FED940A28EE800A19
:10721000B4EEC80AF1EE10FA04DC18EE100A0EF013
:1072200062FE08B1B0EE688A9FED8D0AB4EEC08AA6
:10723000F1EE10FA04D29FED860ABDEC028B70BD10
:1072400094ED040A84ED0F0A94ED030A84ED040A18
:1072500094ED010AD4ED020A30EE600A84ED030ACF
:1072600094ED030AD4ED040A30EE600A84ED120AAC
:10727000D4ED120AB0EE600AB3EE091AFBEE090A69
:1072800010F018FB84ED120A04250DE0681E04F1CD
:107290004C0101EB800090ED000A084600EB8500F0
:1072A00080ED000A681E05B2002DEFDCD4ED120A55
:1072B000B0EE600A6B4904F17400ECF7E5FC84ED74
:1072C000130AD4ED130AB0EE600A9FED671ADFEDE2
:1072D000670A10F0EFFA84ED130A94ED0B0A84EDBF
:1072E000100A207800F00100E8B194ED030AD4ED13
:1072F000050AB4EEE00AF1EE10FA03DB94ED050A9C
:1073000084ED030A94ED030AD4ED050AF1EE600A58
:10731000B4EEE00AF1EE10FA05D894ED050AB1EEEC
:10732000400A84ED030A2078C0F3800028B394ED6E
:10733000030AB5EEC00AF1EE10FA02DD94ED030A7D
:1073400003E094ED030AB1EE400AD4ED060AB4EE70
:10735000E00AF1EE10FA20D894ED280AD4ED0A0ADA
:1073600020EE200AD4ED030A60EE200A94ED070A0D
:1073700000EE880A84ED070A0FE094ED280AD4EDA8
:107380000A0A20EE200AD4ED030A60EE200A94EDEA
:10739000070A00EE880A84ED070A2078C0F340004F
:1073A000E8B194ED070AD4ED080AB4EEE00AF1EE74
:1073B00010FA03DB94ED080A84ED070A94ED070A3E
:1073C000D4ED080AF1EE600AB4EEE00AF1EE10FA2C
:1073D00005D894ED080AB1EE400A84ED070A94ED51
:1073E0000C0A84ED0D0A94ED270AD4ED090A60EE2B
:1073F000200A94ED031A94ED070A00EE810AD4EDF9
:10740000100A94ED131A00EE810A84ED0C0A94ED33
:107410000C0AD4ED0E0AB4EEE00AF1EE10FA03DB2A
:1074200094ED0E0A84ED0C0A94ED0C0AD4ED0E0ACC
:10743000F1EE600AB4EEE00AF1EE10FA05D894ED30
:107440000E0AB1EE400A84ED0C0A94ED0C0AF4E643
:107450000000000000007A446666863F3333733FC5
:1074600017B7D138385400200000FA430000FAC39F
:1074700070B52DED028B04460D46F0EE408A9FED6F
:107480009C0AB0EE408A04F18C00F2F713FE94EDF2
:10749000250ADFED980A80EE201AB0EE418A9FEDB2
:1074A000960A28EE800AB4EEC80AF1EE10FA0DD35F
:1074B0009FED920A28EE800AB4EEC80AF1EE10FAA7
:1074C00004DC18EE100A0EF00EFD08B1B0EE688A6A
:1074D0009FED8B0AB4EEC08AF1EE10FA04D29FED54
:1074E000840ABDEC028B70BD94ED030A84ED040A9E
:1074F00094ED010AD4ED020A30EE600A84ED030A2D
:1075000094ED030AD4ED040A30EE600A84ED120A09
:1075100094ED180A84ED190AD4ED030AB0EE600A5E
:10752000784904F17400ECF7AFFB84ED180AFDB95B
:107530009FED6F0A84ED1D0A9FED6D0A84ED1E0A12
:107540009FED6B0A84ED1F0A9FED690A84ED200A06
:107550009FED670A84ED210A9FED650A84ED220AFA
:107560009FED630A84ED190A9FED610A84ED180A04
:1075700094ED180AD4ED190A30EE600A84ED1A0A67
:10758000207800F00100E8B194ED180AD4ED050A66
:10759000B4EEE00AF1EE10FA03DB94ED050A84ED97
:1075A000180A94ED180AD4ED050AF1EE600AB4EE5B
:1075B000E00AF1EE10FA05D894ED050AB1EE400AA2
:1075C00084ED180A2078C0F3800028B394ED180ADF
:1075D000B5EEC00AF1EE10FA02DD94ED180A03E0F0
:1075E00094ED180AB1EE400AD4ED060AB4EEE00AB2
:1075F000F1EE10FA20D894ED280AD4ED0A0A20EE14
:10760000200AD4ED180A60EE200A94ED070A00EE75
:10761000880A84ED070A0FE094ED280AD4ED0A0ADF
:1076200020EE200AD4ED180A60EE200A94ED070A35
:1076300000EE880A84ED070A2078C0F34000E8B124
:1076400094ED070AD4ED080AB4EEE00AF1EE10FA60
:1076500003DB94ED080A84ED070A94ED070AD4EDE4
:10766000080AF1EE600AB4EEE00AF1EE10FA05D86D
:1076700094ED080AB1EE400A84ED070A94ED0C0A75
:1076800084ED0D0A94ED270AD4ED090A60EE200A74
:1076900094ED181A94ED070A00EE810AD4ED0B0A56
:1076A00094ED1A1A00EE810A84ED0C0A94ED0C0A8E
:1076B000D4ED0E0AB4EEE00AF1EE10FA03DB94ED1D
:1076C0000E0A84ED0C0A94ED0C0AD4ED0E0AF1EECC
:1076D000600AB4EEE00AF1EE10FA05D894ED0E0A55
:1076E000B1EE400A84ED0C0A94ED0C0AF9E60000B4
:1076F0000000000000007A446666863F3333733F23
:1077000017B7D1388054002010B52DED028B0446F8
:10771000F0EE408A9FED8E0AB0EE408A04F18C00B4
:10772000F2F7C8FC94ED250ADFED8A0A80EE201AF4
:10773000B0EE418A9FED880A28EE800AB4EEC80AAE
:10774000F1EE10FA0DD39FED850A28EE800AB4EE13
:10775000C80AF1EE10FA04DC18EE100A0EF0C3FBB2
:1077600008B1B0EE688A9FED7E0AB4EEC08AF1EEF1
:1077700010FA04D29FED760ABDEC028B10BD94ED99
:10778000030A84ED040A94ED010AD4ED020A30EEF6
:10779000600A84ED030A94ED030ADFED720AB4EE89
:1077A000E00AF1EE10FA07D294ED030ADFED6E0A5B
:1077B00030EE200A84ED030A94ED030ADFED6B0A34
:1077C000B4EEE00AF1EE10FA07DD94ED030ADFED06
:1077D000660A30EE600A84ED030A207800F00100AA
:1077E000E8B194ED030AD4ED050AB4EEE00AF1EE37
:1077F00010FA03DB94ED050A84ED030A94ED030A05
:10780000D4ED050AF1EE600AB4EEE00AF1EE10FAEA
:1078100005D894ED050AB1EE400A84ED030A2078FC
:10782000C0F3800028B394ED030AB5EEC00AF1EE70
:1078300010FA02DD94ED030A03E094ED030AB1EEC1
:10784000400AD4ED060AB4EEE00AF1EE10FA20D8B0
:1078500094ED280AD4ED0A0A20EE200AD4ED030A9A
:1078600060EE200A94ED070A00EE880A84ED070A0C
:107870000FE094ED280AD4ED0A0A20EE200AD4ED98
:10788000030A60EE200A94ED070A00EE880A84EDF0
:10789000070A2078C0F34000E8B194ED070AD4ED60
:1078A000080AB4EEE00AF1EE10FA03DB94ED080AE0
:1078B00084ED070A94ED070AD4ED080AF1EE600A98
:1078C000B4EEE00AF1EE10FA05D894ED080AB1EE34
:1078D000400A84ED070A94ED0C0A84ED0D0A94ED3C
:1078E000270AD4ED090A60EE200A94ED031A94EDFC
:1078F000070A00EE810AD4ED030A94ED041A70EE33
:10790000C10A94ED0B1A01EE200A84ED0C0A94EDE5
:107910000C0AD4ED0E0AB4EEE00AF1EE10FA03DB25
:1079200094ED0E0A84ED0C0A94ED0C0AD4ED0E0AC7
:10793000F1EE600AB4EEE00AF1EE10FA05D894ED2B
:107940000E0AB1EE400A84ED0C0A94ED0C0A13E71E
:107950000000000000007A446666863F3333733FC0
:1079600017B7D138000034C30000B44300003443DB
:1079700001EB81025A4B03EB021292ED000ABCEEBE
:10798000C00A10EE102A037862F30003037001EBC3
:107990008102534B03EB021292ED010ABCEEC00AC6
:1079A00010EE102A037862F34103037001EB8102A9
:1079B0004B4B03EB021292ED020ABCEEC00A10EE32
:1079C000102A037862F38203037001EB8102444BB7
:1079D00003EB021292ED030A80ED010A01EB810232
:1079E00003EB021292ED040A80ED020A01EB810220
:1079F00003EB021292ED050A80ED030A01EB81020E
:107A000003EB021292ED060A80ED040A01EB8102FB
:107A100003EB021292ED070A80ED050A01EB8102E9
:107A200003EB021292ED080A80ED060A01EB8102D7
:107A300003EB021292ED090A80ED070A01EB8102C5
:107A400003EB021292ED0A0A80ED080A01EB8102B3
:107A500003EB021292ED0B0A80ED090A01EB8102A1
:107A600003EB021292ED0C0A80ED0A0A01EB81028F
:107A700003EB021292ED0D0A80ED0B0A01EB81027D
:107A800003EB021292ED0E0A80ED0C0A01EB81026B
:107A900003EB021292ED0F0A80ED0D0A01EB810259
:107AA00003EB021292ED100A80ED0E0A01EB810247
:107AB00003EB021292ED110A80ED270A01EB81021D
:107AC00003EB021292ED120A80ED280A01EB81020B
:107AD00003EB021292ED130A80ED290A70470000B1
:107AE000401703009FED020A80ED070A704700006F
:107AF000000000000A469FED100A80ED1D0A9FED70
:107B00000E0A80ED1E0A9FED0C0A80ED1F0A9FED04
:107B10000A0A80ED200A9FED080A80ED210A9FEDF8
:107B2000060A80ED220A9FED040A80ED190A9FEDF6
:107B3000020A80ED180A70470000000070B50024AA
:107B400009F0CAFE00BF41E004EB4405D84E06EB45
:107B5000850505F1080304EB440506EB85052A1DA0
:107B600004EB440506EB850104EB44051B35A8B284
:107B700005F0B6FD04EB4400324602EB800090EDC8
:107B8000000A10EE101A08460EF0ADF9E0B904EB49
:107B90004400324602EB800090ED010A10EE101A0C
:107BA00008460EF0A0F978B904EB4400324602EB27
:107BB000800090ED020A10EE101A08460EF093F9BC
:107BC00010B90120BB490855601C84B20E2CBBDBE8
:107BD000B848007800287DD0B64840780028FAD010
:107BE000B44880780028F6D0B248C0780028F2D097
:107BF000B04800790028EED0AE4840790028EAD09D
:107C0000AC4880790028E6D0AA48C0790028E2D0A4
:107C1000A848007A0028DED0A648407A0028DAD0AA
:107C2000A448807A0028D6D0A14890ED000AA24846
:107C300080ED330A9E4890ED010A9F4880ED340A9A
:107C40009B4890ED020A9C4880ED350A984890EDDB
:107C5000030A994880ED870A954890ED040A9648F2
:107C600080ED880A924890ED050A934880ED890AD4
:107C70008F4890ED060A904880EDDB0A8C4890ED25
:107C8000070A8D4880EDDC0A894890ED080A8A4889
:107C900080EDDD0A864890ED090A874880ED090AE3
:107CA000834890ED0A0A844880ED0A0A804890EDE6
:107CB0000B0A814880ED0B0A7D4890ED0C0A7E4846
:107CC00080ED5D0A7A4890ED0D0A7B4880ED5E0AF2
:107CD000774800E0EBE090ED0E0A774880ED5F0A10
:107CE000734890ED0F0A744880EDB10A704890ED2A
:107CF000100A714880EDB20A6D4890ED110A6E4885
:107D000080EDB30A6A4890ED120A6C4880ED090ACA
:107D1000674890ED130A694880ED0A0A644890EDBF
:107D2000140A664880ED0B0A614890ED150A634815
:107D3000A83080ED090A5E4890ED160A5F48A83029
:107D400080ED0A0A5A4890ED170A5C48A83080ED89
:107D50000B0A574890ED180A594880ED090A544813
:107D600090ED190A564880ED0A0A514890ED1A0A1A
:107D7000534880ED0B0A4E4890ED1B0A5048A83836
:107D800080ED090A4A4890ED1C0A4D48A83880ED5C
:107D90000A0A474890ED1D0A4948A83880ED0B0AA9
:107DA000434890ED1E0A474880ED090A404890ED8F
:107DB0001F0A444880ED0A0A3D4890ED200A4148D8
:107DC00080ED0B0A3A4890ED1B0A3E48A83880ED3A
:107DD000090A374890ED1C0A3A48A83880ED0A0A8B
:107DE000334890ED1D0A3748A83880ED0B0A30481B
:107DF00090ED1E0A344880ED090A2D4890ED1F0AC7
:107E0000314880ED0A0A2A4890ED200A2E4880ED7C
:107E10000B0A274890ED210A2C4880ED090A2448D6
:107E200090ED220A294880ED0A0A214890ED230AA4
:107E3000264880ED0B0A1E4890ED240A2348A830FE
:107E400080ED090A1A4890ED250A2048A83080EDF7
:107E50000A0A174890ED260A1C48A83080ED0B0A44
:107E6000134890ED270A1A4880ED090A104890ED52
:107E7000280A174880ED0A0A0D4890ED290A14488F
:107E800080ED0B0A0A4890ED270A1148A83080EDD2
:107E9000090A074890ED280A0D48A83080ED0A0A23
:107EA000034890ED290A0A48A83080ED0B0A70BDFE
:107EB000B86100206062002098540020885800209B
:107EC000785C0020285B0020D8590020705E0020DC
:107ED000C05F002010B50F4808F0ECF80E490F48BD
:107EE000F1F70AF808210D48F1F731F90A230122C8
:107EF00008210A48F1F742F8002208210748F1F763
:107F00000AF808210548F0F7F1FF00211220F4F7E4
:107F100049F810BD020800F025870100006000400C
:107F200010B501440B68094C234013430B6002F069
:107F3000020323B1B0230B621B014B6204E08C23CC
:107F40000B6240F60C034B6210BD00000100F8FF0D
:107F5000425842F001024250704701440B6803F05E
:107F6000020313B153080B6101E0531E0B6170470C
:107F7000012A03D183680B43836002E083688B434B
:107F80008360704730B5044621F03F052819056825
:107F900005F0020505B1520803699B1A01F00105BD
:107FA0000DB1C36100E0836130BD000010B54FF436
:107FB000D01008F075F8444808F07CF80220E8F783
:107FC000E7F9424808F076F84048401C08F072F89B
:107FD0003E48C01C08F06EF80220E8F7D9F93C488A
:107FE000F1F778F83B48F1F775F83B48F1F772F88C
:107FF0003A48F1F76FF83A48F1F76CF83948F1F779
:1080000069F840213848F1F7DEF880213648F1F769
:10801000DAF810213448F1F7D6F820213248F1F788
:10802000D2F810213148F1F7CEF820212F48F1F78E
:10803000CAF8002240212E48FFF772FF002280215B
:108040002B48FFF76DFF0022C0212948FFF768FF8A
:1080500041F66A00274908800846028840212448E2
:10806000FFF77BFF2348028880212148FFF775FF37
:1080700020480288C0211E48FFF76FFF40211C489E
:10808000FFF766FF80211A48FFF762FFC0211848FA
:10809000FFF75EFF01223F211548FFF769FF4FF40C
:1080A0007A731A461946184600F026F840F25372C1
:1080B00041210F48FFF766FF40F2537240210C4800
:1080C000FFF760FF10BD0000004000F0010800F065
:1080D00004180100041C0100041001000414010034
:1080E000041004000414040000500040004002404A
:1080F0000080024032040020F0B52DED048B83B0E7
:1081000007460C4615461E46002001900290384650
:1081100016F04EF841EC190B9FED2F0B53EC102B82
:1081200016F096F841EC180B15F0FEFF80B2ADF892
:108130000400204616F03CF841EC190B9FED260B8D
:1081400053EC102B16F084F841EC180B15F0ECFFF3
:1081500080B2ADF80600284616F02AF841EC190B5B
:108160009FED1D0B53EC102B16F072F841EC180B21
:1081700015F0DAFF80B2ADF80800304616F018F8B6
:1081800041EC190B9FED140B53EC102B16F060F81B
:1081900041EC180B15F0C8FF80B2ADF80A00BDF82D
:1081A0000420C5210E48FFF7EDFEBDF80620C421CE
:1081B0000B48FFF7E7FEBDF8082082210848FFF7CB
:1081C000E1FEBDF80A2083210548FFF7DBFE03B07E
:1081D000BDEC048BF0BD0000000000000000F43F87
:1081E000008002401FB50124FE4B1A1F111F022000
:1081F00005F076FAFC4B1A1F111F052005F070FAE6
:10820000FA4B1A1F111F082005F06AFAF84B1A1FC3
:10821000111F562005F064FAF348083890ED000A63
:10822000F7EE000A30EE600AB5EEC00AF1EE10FA81
:1082300006DD90ED000AF7EE000A30EE600A09E074
:10824000E948083890ED000AF7EE000A30EE600ABF
:10825000B1EE400AF6EE000AB4EEE00AF1EE10FAD2
:1082600049DCE148083890ED010AF7EE000A30EEEB
:10827000600AB5EEC00AF1EE10FA06DD90ED010AD3
:10828000F7EE000A30EE600A09E0D748083890EDB2
:10829000010AF7EE000A30EE600AB1EE400AF6EE8F
:1082A000000AB4EEE00AF1EE10FA24DCCE480838F9
:1082B00090ED020AF7EE000A30EE600AB5EEC00A51
:1082C000F1EE10FA06DD90ED020AF7EE000A30EE4C
:1082D000600A09E0C448083890ED020AF7EE000A87
:1082E00030EE600AB1EE400AF6EE000AB4EEE00AA3
:1082F000F1EE10FA00DD0024BA48083890ED000ACB
:10830000B5EEC00AF1EE10FA02DD90ED000A05E0CC
:10831000B448083890ED000AB1EE400AF1EE040AC4
:10832000B4EEE00AF1EE10FA31DCAE48083890ED18
:10833000010AB5EEC00AF1EE10FA02DD90ED010A75
:1083400005E0A848083890ED010AB1EE400AF1EEC8
:10835000040AB4EEE00AF1EE10FA18DCA14808387D
:1083600090ED020AB5EEC00AF1EE10FA02DD90EDD2
:10837000020A05E09B48083890ED020AB1EE400A77
:10838000F1EE040AB4EEE00AF1EE10FA00DD00248A
:108390009448083890ED000A10EE101A08460DF0C7
:1083A00078FDE8BB8F48083890ED010A10EE101AEE
:1083B00008460DF06EFD98BB8A48083890ED020A19
:1083C00010EE101A08460DF064FD48BB86480838C8
:1083D00090ED000A10EE101A08460DF05AFDF8B99B
:1083E0008148083890ED010A10EE101A08460DF089
:1083F00050FDA8B97C48083890ED020A10EE101A1A
:1084000008460DF046FD58B97648083890ED000A48
:10841000784880ED000A7348083890ED010A00E0C2
:108420001FE0744880ED010A6E48083890ED020A9A
:10843000704880ED020A6C48083890ED000A6E48DA
:1084400080ED000A6848083890ED010A6A4880ED1E
:10845000010A6548083890ED020A674880ED020A73
:108460001BE0012C19D19FED650A624880ED000ADE
:108470009FED620A80ED010A9FED600A80ED020A1D
:10848000B7EE000A5C4880ED000AB7EE000A80ED06
:10849000010AB7EE000A80ED020A9FED580A8DED41
:1084A000030A03A96C2005F012F903980DF0F1FC02
:1084B00020B99DED030A524880ED000A02AB01AAE3
:1084C0006946562005F00CF99DED000A10EE101AD1
:1084D00008460DF0DEFCE8B99DED010A10EE101A19
:1084E00008460DF0D6FCA8B99DED020A10EE101A50
:1084F00008460DF0CEFC68B99DED000A3C480838EE
:1085000080ED000A9DED010A80ED010A9DED020A51
:1085100080ED020A3A4890ED000AF7EE000AB4EE48
:10852000600AF1EE10FA7BD13148083890ED000A6C
:1085300010EE101A08460DF0ACFCD8BB2C480838D9
:1085400090ED010A10EE101A08460DF0A2FC88BB4F
:108550002748083890ED020A10EE101A08460DF070
:1085600098FC38BB2248083890ED000A214880ED7D
:10857000000A1F48083890ED010A1E4880ED010AE4
:108580001B48083890ED020A1A4880ED020AB7EE3F
:10859000000A194880ED000AB7EE000A80ED010AD2
:1085A000B7EE000A80ED020A9FED140A154880ED2F
:1085B000000A00E005E09FED110A134880ED000A73
:1085C0002EE09FED0E0A0B4880ED000A9FED0B0A8E
:1085D00080ED010A9FED090A80ED020AB7EE000A5C
:1085E000054813E08C160020981600200018002083
:1085F000A4160020CC480020EC0A00200000000057
:10860000100100204C0100205001002080ED000AE4
:10861000B7EE000A80ED010AB7EE000A80ED020A0B
:10862000324890ED000A10EE101A08460DF031FCA9
:10863000F0BB2E4890ED010A10EE101A08460DF01E
:1086400028FCA8BB2948D0ED020AF5EEC00AF1EEDD
:1086500010FA01D1012000E0002000EE900AB8EEEF
:10866000E00A10EE100A0DF014FC08B31F4890ED5C
:10867000000ABDEEC00A10EE100A00B200EE100AA9
:10868000B8EEC00A1A4880ED000A184890ED010AB9
:10869000BDEEC00A10EE100A00B200EE100AB8EEED
:1086A000C00A134880ED010A104890ED020A00E06C
:1086B0000CE0BDEEC00A10EE100A00B200EE100A87
:1086C000B8EEC00A0A4880ED020A0CE01FED350A38
:1086D000074880ED000A1FED370A80ED010A1FED03
:1086E000390A80ED020A204604B010BDF8170020B8
:1086F000D42400200EB500200421074A03469FED34
:10870000070ACDE90021029032224FF4FA710448A1
:10871000E9F777FD0EBD000000500240CDCC4C3E85
:108720008818002010B508212E48F0F7DCFB2E48F1
:1087300000682E49086011F065FC2B490860084666
:1087400000882A490988401A294908802948007860
:10875000012838D10846008840F69801884209DB94
:108760000120244908700020234908700120234972
:10877000087036E01E480088B0F5617F1FDB1C489A
:10878000008840F63401884219DC194801881A48EB
:1087900002780078401C184B1870194820F8121005
:1087A0001846007808281CDB184600784200144957
:1087B0001448E7F71EFE00200F49087011E0002062
:1087C0000C4908700DE00A48008840F6980188427C
:1087D00007DB012007490870002007490870074996
:1087E000087010BD00600040E8020020E402002094
:1087F000EE020020EC020020ED020020E202002048
:10880000CC250020B825002010B500F01EF805206A
:108810000FF0A5F8C02310220C21012000F001F870
:1088200010BD2DE9F04104460D4616461F460121B4
:108830000B2000F010F844EA0500304340EA07013D
:10884000092000F008F8BDE8F08110B581210A2068
:1088500000F001F810BD70B504460D462A462146C9
:108860000D2007F019FA70BD00B58FB000200D90F3
:10887000FE48B0F90000192884F0B883DFE810F052
:108880001900D901F10361055B060108C008A70AB8
:10889000500C280FF80F4911CD12C9136A1555173E
:1088A0009617D61739199A1A521B311D911F1F227C
:1088B000202200210846F5F75BFAEDA200210846C8
:1088C0000FF098F8EC4890ED020A8DED0C0A9DED42
:1088D0000C0A002128200FF07DF8E84890ED000AEE
:1088E00000214B200FF076F8E048B0F90000401C62
:1088F00000EE100AB8EEC00A002173200FF06AF8EB
:1089000001210020F5F734FADDA2012100200FF04B
:1089100071F8DC4890ED190A8DED0C0A9DED0C0AFA
:1089200001210F200FF056F8D64890ED1A0AB5EE47
:10893000C00AF1EE10FA05D2D3A2012137200FF0C0
:1089400059F804E0D1A2012137200FF053F8CD48A7
:1089500090ED1A0AB5EEC00AF1EE10FA02DD90EDC4
:108960001A0A04E0C74890ED1A0AB1EE400A8DEDEC
:108970000C0A9DED0C0A01213F200FF02BF8C44892
:10898000007800EE100AB8EE400A012169200FF0CD
:1089900021F802210020F5F7EBF9BEA20221002008
:1089A0000FF028F8B74890ED170A8DED0C0A9DEDF1
:1089B0000C0A02210F200FF00DF8B24890ED1B0AAF
:1089C000B5EEC00AF1EE10FA05D2AFA202213720AF
:1089D0000FF010F804E0ADA2022137200FF00AF8E2
:1089E000A84890ED1B0AB5EEC00AF1EE10FA02DDC0
:1089F00090ED1B0A04E0A34890ED1B0AB1EE400A7B
:108A00008DED0C0A9DED0C0A02213F200EF0E2FFD5
:108A10009F480078982810D004DC12281FD06828BE
:108A200023D104E0AE280ED0AF281ED111E09AA2C7
:108A3000022169200EF0DEFF1DE098A202216920CC
:108A40000EF0D8FF17E096A2022169200EF0D2FFA7
:108A500011E094A2022169200EF0CCFF0BE092A25B
:108A6000022169200EF0C6FF05E090A202216920D4
:108A70000EF0C0FF00BF00BF03210020F5F778F91A
:108A80008BA2032100200EF0B5FF7E4890ED180A5E
:108A90008DED0C0A9DED0C0A03210F200EF09AFFBC
:108AA000784890ED1C0AB5EEC00AF1EE10FA05D236
:108AB00075A2032137200EF09DFF04E073A203216D
:108AC00037200EF097FF6F4890ED1C0AB5EEC00AF4
:108AD000F1EE10FA02DD90ED1C0A04E0694890ED19
:108AE0001C0AB1EE400A8DED0C0A9DED0C0A032123
:108AF0003F200EF06FFF04210020F5F739F96DA239
:108B0000042100200EF076FF6C4890ED130ABCEEB5
:108B1000C00AB8EE400A8DED0C0A9DED0C0A042146
:108B200028200EF057FF654890ED150A8DED0C0AD0
:108B30009DED0C0A04215A200EF04CFF0521002067
:108B4000F5F716F95EA2052100200EF053FF5D48EF
:108B500090ED000A052128200EF03CFF5A4890EDC8
:108B6000000A8DED0C0A9DED0C0A052150200EF037
:108B700031FF06210020F5F7FBF854A20621002062
:108B80000EF038FF524890ED000A8DED0C0A9DED75
:108B90000C0A06211A200EF01DFF4E4890ED000A27
:108BA00006212D200EF016FF474890ED030A8DEDAB
:108BB0000C0A9DED0C0A06215A200EF00BFF07212E
:108BC0000020F5F7D5F84448007800EE100AB8EE1A
:108BD000400A072100200EF0FDFE4048007800EE1C
:108BE000100AB8EE400A07210F200EF0F3FE3C48B1
:108BF000007800EE100AB8EE400A07211E200EF0A1
:108C0000E9FE2E4890ED1C0A8DED0C0A9DED0C0A34
:108C100007212D200EF0DEFE324890ED060A8DED84
:108C20000C0A9DED0C0A072155200EF0D3FE04F02E
:108C3000DDB900210846F5F79BF82BA20021084674
:108C4000F4F7AAFF0948B0F90000401C00EE100A32
:108C5000B8EEC00A0021732014F082FE244890ED83
:108C6000000AB5EEC00AF1EE10FA43E07E020020E1
:108C70004261736963000000002900200C04002099
:108C8000593A0000742800202D0000002B0000003D
:108C9000A2020020503A00006D707500363839008D
:108CA000303844003038470036303200756E6B0083
:108CB000523A00004261726F3A0000000028002022
:108CC00055533A00B8030020084C002054463A009F
:108CD0005C370020080400209A0F0020620F00205B
:108CE0005C0100202C4F0020416363656C3A00005A
:108CF0001001002005D1FEA200213220F4F74CFF24
:108D000004E0FDA200213220F4F746FFFC4890ED7C
:108D1000000ADFEDFC0AB4EEE00AF1EE10FA48DBDF
:108D20000A200EF01CFEF64890ED000ADFEDF50A71
:108D3000B4EEE00AF1EE10FA3BDB00BFF04890ED34
:108D4000000ADFEDF00AB4EEE00AF1EE10FAF5DA0F
:108D5000ED4890ED000AB5EEC00AF1EE10FA04D12C
:108D6000B7EE000A80ED000A0DE0E74890ED000A3A
:108D7000F7EE000AB4EE600AF1EE10FA03D19FEDAF
:108D8000E30A80ED000AE249DF4890ED000A6C201A
:108D90000CF0A6FE00200421DE4A03469FEDDE0A09
:108DA000CDE90021029032224FF4FA71DB48E9F755
:108DB00028FADB4890F82000022834D10020D84956
:108DC00081F82000D04890ED000AB5EEC00AF1EE1F
:108DD00010FA04D1B7EE000A80ED000A0DE0CA488F
:108DE00090ED000AF7EE000AB4EE600AF1EE10FA18
:108DF00003D19FEDC60A80ED000AC549C24890ED37
:108E0000000A6C200CF06CFE00200421C14A0346CD
:108E10009FEDC10ACDE90021029032224FF4FA7190
:108E2000BE48E9F7EEF9BE480078022814D10020C8
:108E3000BB4908700420BB49087000200421B54AD2
:108E400003469FEDB50ACDE90021029032224FF48E
:108E5000FA71B248E9F7D5F901210020F4F788FF4B
:108E6000B1A201210020F4F797FEB04890ED000A6E
:108E70008DED0C0A9DED0C0A01210C2014F070FD03
:108E8000AB4890ED000A8DED0C0A9DED0C0A012116
:108E9000372014F065FDA74890ED000A8DED0C0A0F
:108EA0009DED0C0A01215F2014F05AFD02210020E3
:108EB000F4F75EFFAFF2382202210020F4F76CFED7
:108EC0009A4890ED010A8DED0C0A9DED0C0A0221E5
:108ED0000C2014F045FD964890ED010A8DED0C0A2A
:108EE0009DED0C0A0221372014F03AFD914890EDD7
:108EF000010A8DED0C0A9DED0C0A02215F2014F091
:108F00002FFD03210020F4F733FF8BA20321002063
:108F1000F4F742FE854890ED020A8DED0C0A9DEDB6
:108F20000C0A03210C2014F01BFD814890ED020A6D
:108F30008DED0C0A9DED0C0A0321372014F010FD75
:108F40007C4890ED020A8DED0C0A9DED0C0A032180
:108F50005F2014F005FD04210020F4F709FF77A23B
:108F600004210020F4F718FE764890ED0C0A8DEDF0
:108F70000C0A9DED0C0A0421282014F0F1FC72A2C9
:108F800004214B20F4F708FE05210020F4F7F0FE41
:108F900065A205210020F4F7FFFD6E4890ED000A60
:108FA0008DED0C0A9DED0C0A05210C2014F0D8FC67
:108FB000694890ED000A8DED0C0A9DED0C0A052123
:108FC000372014F0CDFC654890ED000A052169209A
:108FD00014F0C6FC06210020F4F7CAFEAFF260329E
:108FE00006210020F4F7D8FD5A4890ED010A8DEDD6
:108FF0000C0A9DED0C0A06210C2014F0B1FC564819
:1090000090ED010A8DED0C0A9DED0C0A062137202A
:1090100014F0A6FC524890ED000A0621692014F0D5
:109020009FFC07210020F4F7A3FE43A207210020A4
:10903000F4F7B2FD474890ED020A8DED0C0A9DED64
:109040000C0A07210C2014F08BFC434890ED020A17
:109050008DED0C0A9DED0C0A0721372014F080FCE1
:10906000E5E500210846F4F783FE3EA2002108460C
:109070000EF0C0FC3D48B0F90000401C00EE100AA4
:10908000B8EEC00A002173200EF0A4FC01210020DC
:10909000F4F76EFE36A2012100200EF0ABFC36483C
:1090A00090ED000A012128200EF094FC3348C0887E
:1090B00000EE100AB8EE400A8DED0C0A9DED0C0A88
:1090C00001215A200EF086FC02210020F4F750FE08
:1090D0002BA2022100200EF08DFC094890ED000A21
:1090E000022128200EF076FC244840884CE0000045
:1090F000362D53696465000053696D706C6500001E
:10910000080300200000D2411001002000000000F0
:109110003C30002000500240CDCC4C3E881800204E
:10912000F8240020B9080020583A0000EC0A00207A
:10913000CC4800209C1600205A3A00004D61672F51
:10914000543A00000028002047592F50525F4F66C4
:10915000663A0000F8170020982500204C010020F6
:109160005001002052432044617461007E020020BF
:109170005961773A0000000010030020A425002068
:1091800050697463683A000000EE100AB8EE400AB5
:109190008DED0C0A9DED0C0A02215A200EF01AFCEE
:1091A00003210020F4F7E4FDFEA2032100200EF0CD
:1091B00021FCFE4890ED000A032128200EF00AFC55
:1091C000FB48008800EE100AB8EE400A8DED0C0A4C
:1091D0009DED0C0A03215A200EF0FCFB0421002017
:1091E000F4F7C6FDF3A2042100200EF003FCF348BF
:1091F000008800EE100AB8EE400A042128200EF084
:10920000E9FBEB48808800EE100AB8EE400A8DEDCD
:109210000C0A9DED0C0A04215A200EF0DBFB0521FF
:109220000020F4F7A5FDE6A2052100200EF0E2FBE8
:10923000DF48008900EE100AB8EE400A8DED0C0AF6
:109240009DED0C0A052128200EF0C4FBD84840896A
:1092500000EE100AB8EE400A8DED0C0A9DED0C0AE6
:1092600005215A200EF0B6FB06210020F4F780FD00
:10927000D5A2062100200EF0BDFBCD48808900EE6E
:10928000100AB8EE400A8DED0C0A9DED0C0A06217D
:1092900028200EF09FFBC648C08900EE100AB8EEE9
:1092A000400A8DED0C0A9DED0C0A06215A200EF0A5
:1092B00091FB07210020F4F75BFDC5A207210020E8
:1092C0000EF098FBC44890F8AA0028B9C3A2072161
:1092D0001E200EF08FFB33E0BF4890F8AA00012853
:1092E00009D1BD4890F8AC0028B9C0A207211E20C2
:1092F0000EF080FB24E0B84890F8AA0001280AD1BB
:10930000B54890F8AC00012805D1BCA207211E2069
:109310000EF070FB14E0B04890F8AA0001280AD1C2
:10932000AD4890F8AC00022805D1B8A207211E2054
:109330000EF060FB04E0A9A207211E200EF05AFBEC
:1093400075E400210846F4F713FDB4A20021084695
:109350000EF050FBB548B0F90000401C00EE100ABA
:10936000B8EEC00A002173200EF034FB012100206A
:10937000F4F7FEFCAEA2012100200EF03BFBAF484B
:1093800090ED090A8DED0C0A9DED0C0A01213220A9
:109390000EF020FBA94890ED0A0A8DED0C0A9DED18
:1093A0000C0A01215A200EF015FB02210020F4F7CF
:1093B000DFFCA3A2022100200EF01CFB9F4890EDD1
:1093C0005D0A8DED0C0A9DED0C0A022132200EF093
:1093D00001FB9A4890ED5E0A8DED0C0A9DED0C0A9A
:1093E00002215A200EF0F6FA03210020F4F7C0FC07
:1093F00096A2032100200EF0FDFA904890EDB10AEC
:109400008DED0C0A9DED0C0A032132200EF0E2FADC
:109410008A4890EDB20A8DED0C0A9DED0C0A0321ED
:109420005A200EF0D7FA04210020F4F7A1FC8AA2FA
:10943000042100200EF0DEFA804890ED330A8DED15
:109440000C0A9DED0C0A042132200EF0C3FA7B4871
:1094500090ED340A8DED0C0A9DED0C0A04215A2082
:109460000EF0B8FA05210020F4F782FC7DA2052158
:1094700000200EF0BFFA714890ED870A8DED0C0ABE
:109480009DED0C0A052132200EF0A4FA6B4890EDF8
:10949000880A8DED0C0A9DED0C0A05215A200EF06C
:1094A00099FA06210020F4F763FC71A2062100203E
:1094B0000EF0A0FA614890EDDB0A8DED0C0A9DEDEF
:1094C0000C0A062132200EF085FA5C4890EDDC0A89
:1094D0008DED0C0A9DED0C0A06215A200EF07AFA49
:1094E00007210020F4F744FC64A2072100200EF0BD
:1094F00081FA524890ED350A8DED0C0A9DED0C0A6B
:10950000072128200EF066FA4C4890ED890A8DED6F
:109510000C0A9DED0C0A072146200EF05BFA474825
:1095200090EDDD0A8DED0C0A9DED0C0A07215F2000
:1095300014F016FA94E500210846F4F719FC51A23C
:1095400000210846F4F728FB3848B0F90000401C19
:1095500000EE100AB8EEC00A0021732014F000FAE1
:1095600001210020F4F704FC4AA201210020F4F7B5
:1095700013FB4C48007800EE100AB8EE400A0121B7
:10958000642014F0EDF902210020F4F7F1FB4548C6
:10959000007828B944A202210020F4F7FDFAD9E0AE
:1095A00088E00000526F6C6C3A0000000C03002051
:1095B000A42500205468723A000000000603002031
:1095C0006368352D363A00006368372D383A00005D
:1095D0006D6F646500000000B02600204D616E755F
:1095E000616C5F4374726C5F416C74004175746FA1
:1095F0005F4374726C5F416C740000004175746F5E
:109600005F506F735F477569646500004175746FE3
:109610005F4374726C5F486F766572004374726C5E
:109620002044617461205020204900007E02002007
:109630005069745F416E673A000000009854002042
:10964000526F6C5F416E673A000000005961775FAE
:10965000416E673A000000005069745F4779723AC2
:1096600000000000526F6C5F4779723A0000000002
:109670005961775F4779723A000000004779726F4D
:109680005F443A00546F705F566965775F4F70654D
:109690006E6D760055415254335F53444B5F4D6FAE
:1096A00064653A009A0F00204E43515F53444B5F6C
:1096B00052756E00FE480078012805D1FDA20221F6
:1096C0000020F4F769FA45E0F9480078022805D14E
:1096D000FBA202210020F4F75FFA3BE0F448007897
:1096E000032805D1FAA202210020F4F755FA31E04F
:1096F000EF480078042805D1F9A202210020F4F7F0
:109700004BFA27E0EA480078052805D1F8A20221A3
:109710000020F4F741FA1DE0E5480078182805D14B
:10972000F8A202210020F4F737FA13E0F8A2022190
:109730000020F4F731FADE480078C01E00EE100A6F
:10974000B8EEC00A8DED0C0A9DED0C0A02214620F0
:1097500014F006F906210020F4F70AFBEFA2062117
:109760000020F4F719FAF14890F83400A03800EE20
:10977000100AB8EEC00A8DED0C0A9DED0C0A062108
:10978000642014F0EDF8EA4890ED000ADFEDE90AF4
:10979000B4EEE00AF1EE10FA40DB0A200EF0DFF83A
:1097A000E34890ED000ADFEDE30AB4EEE00AF1EEE3
:1097B00010FA33DB00BFDE4890ED000ADFEDDD0A72
:1097C000B4EEE00AF1EE10FAF5DAB9480078401C80
:1097D000B749087008460078202801DD002008708D
:1097E0000021B348007804F06BFFD349B0480078FB
:1097F00000EE100AB8EE400A59200CF071F9002072
:109800000421CE4A03469FEDCE0ACDE90021029005
:1098100032224FF4FA71CB48E8F7F3FCCA4890F8CB
:10982000200002282CD10020C74981F82000A04840
:109830000078401C9E49087008460078202801DD09
:109840000020087000219A48007804F039FFBA49D6
:109850009748007800EE100AB8EE400A59200CF044
:109860003FF900200421B54A03469FEDB50ACDE932
:109870000021029032224FF4FA71B248E8F7C1FC9D
:109880005EE500210846F4F773FAB0A2002108460D
:10989000F4F782F9B248B0F90000401C00EE100A5B
:1098A000B8EEC00A0021732014F05AF801210020FC
:1098B000F4F75EFAABA201210020F4F76DF9AD4890
:1098C000007800EE100AB8EE400A0121642014F07E
:1098D00047F806210020F4F74BFAA7A20621002042
:1098E000F4F75AF9A84890F83400A03800EE100AAE
:1098F000B8EEC00A8DED0C0A9DED0C0A062164201D
:1099000014F02EF88A4890ED000ADFED8A0AB4EED2
:10991000E00AF1EE10FA40DB0A200EF020F884484D
:1099200090ED000ADFED830AB4EEE00AF1EE10FAE2
:1099300033DB00BF7E4890ED000ADFED7E0AB4EE17
:10994000E00AF1EE10FAF5DA8A480078401C8949FD
:10995000087008460078202801DD002008700121E9
:109960008448007804F0ACFE73498248007800EE29
:10997000100AB8EE400A6B200CF0B2F80020042167
:109980006E4A03469FED6E0ACDE900210290322215
:109990004FF4FA716B48E8F734FC6B4890F82000FC
:1099A00002282CD10020684981F8200071480078F5
:1099B000401C7049087008460078202801DD00200E
:1099C000087001216B48007804F07AFE5A49694812
:1099D000007800EE100AB8EE400A6B200CF080F818
:1099E00000200421554A03469FED550ACDE9002188
:1099F000029032224FF4FA715248E8F702FC9FE4D9
:109A000013F0BEF901202023802219460090002087
:109A100013F02CFC012040231A4600210090184628
:109A200013F024FC41484088039014F0C1FBCDE9B9
:109A300006013E48008A019014F0BAFB9FED530BDB
:109A400053EC102BCDE902019DED020B51EC100BF4
:109A500014F0FEFBCDE904019DED060B53EC102B39
:109A60009DED040B51EC100B14F0FEFDCDE9080147
:109A70009DED080B51EC100B14F0E8F89FED451A22
:109A8000DFED450A0A909DED0A0A0DF013FFDFEDA8
:109A9000430A20EE200ADFED3F0A80EE201A9FEDF8
:109AA0003F0A30EE410ABCEEC00A10EE100A77E021
:109AB0009A0F0020436F6C6F725F426C6F636B0094
:109AC000546F705F415072696C5461670000000010
:109AD000547261636B5F436F6E74726F6C00000051
:109AE00046726F6E745F417072696C5461670000FA
:109AF00046726F6E745F537572726F756E645F50ED
:109B00006F6C65007472795F75617274000000009B
:109B1000557365722053444B3A0000004E6F775FD7
:109B200053444B315F4D6F64653A00007C63002005
:109B3000080300200000D2413C30002000500240C9
:109B4000CDCC4C3E88180020F824002046726F6E61
:109B5000745F566965775F4F70656E6D76000000C3
:109B60007E02002055415254315F53444B5F4D6F8C
:109B700064653A009B0F00204E6F775F53444B3271
:109B80005F4D6F64653A0000F46300200000000040
:109B90000000E03F00004842000048C200000042D0
:109BA00080B20B90FE480088039014F001FBCDE9D1
:109BB0000601FB48C089019014F0FAFA1FED0D0B65
:109BC00053EC102BCDE902019DED020B51EC100B73
:109BD00014F03EFBCDE904019DED060B53EC102B78
:109BE0009DED040B51EC100B14F03EFDCDE9080186
:109BF0009DED080B51EC100B14F028F81FED1B1A0B
:109C00005FED1B0A0A909DED0A0A0DF053FE5FED11
:109C10001D0A20EE200A5FED210A80EE201A9FED3A
:109C2000E10A30EE410ABCEEC00A10EE100A80B222
:109C30000C90DB488079012808D1012305220B987C
:109C400001B20C9800B213F04DFC07E0012305228D
:109C50000B9801B20C9800B213F0B8F813F0A0F80A
:109C6000D1A2002108460DF0C5FECD48008800EEC7
:109C7000100AB8EE400A8DED0A0A9DED0A0A00218D
:109C8000502013F06DFECB48B0F90000401C00EEF0
:109C9000100AB8EEC00A0021692013F061FEC6A2C6
:109CA000012100200DF0A6FEBD48408800EE100AFC
:109CB000B8EE400A8DED0A0A9DED0A0A01215020F6
:109CC00013F04EFEB64890F83400A03800EE100AAB
:109CD000B8EEC00A8DED0A0A9DED0A0A012169203D
:109CE00013F03EFEB7A2022100200DF083FEAC4827
:109CF000808800EE100AB8EE400A8DED0A0A9DED4C
:109D00000A0A0221502013F02BFEB1A203210020E9
:109D10000DF070FEA248807900EE100AB8EE400AFD
:109D20008DED0A0A9DED0A0A0321502013F018FE5A
:109D3000AAA2042100200DF05DFE994890ED170ABB
:109D40008DED0A0A9DED0A0A0421502013F008FE49
:109D5000A4A2052100200DF04DFE914890ED180AB7
:109D60008DED0A0A9DED0A0A0521502013F0F8FD39
:109D70009EA2062100200DF03DFE8948807C00EE69
:109D8000100AB8EE400A8DED0A0A9DED0A0A062176
:109D9000502013F0E5FD97A2072100200DF02AFEC8
:109DA0007F4890ED170A8DED0A0A9DED0A0A0721FA
:109DB0001E2013F0D5FD7A4890ED180A8DED0A0AA1
:109DC0009DED0A0A0721502013F0CAFD58E512F054
:109DD000D7FF01202023802219460090002013F095
:109DE00045FA012040231A4600210090184613F03E
:109DF0003DFA82484088039014F0DAF9CDE9060173
:109E00007E48008A019014F0D3F91FEDA00B53ECAB
:109E1000102BCDE902019DED020B51EC100B14F05B
:109E200017FACDE904019DED060B53EC102B9DEDC7
:109E3000040B51EC100B14F017FCCDE908019DED5B
:109E4000080B51EC100B13F001FF1FEDAE1A5FED84
:109E5000AE0A0A909DED0A0A0DF02CFD5FEDB10AE5
:109E600020EE200A5FEDB50A80EE201A1FEDB50A3C
:109E700030EE410ABCEEC00A10EE100A80B20B9020
:109E80005E480088039014F093F9CDE906015B4821
:109E9000C089019014F08CF91FEDC40B53EC102B0A
:109EA000CDE902019DED020B51EC100B14F0D0F93D
:109EB000CDE904019DED060B53EC102B9DED040B39
:109EC00051EC100B14F0D0FBCDE908019DED080B0F
:109ED00051EC100B13F0BAFE1FEDD21A5FEDD20A4F
:109EE0000A909DED0A0A0DF0E5FC5FEDD40A60EEE4
:109EF000200A1FEDD81A80EE810ADFED2A0A30EE23
:109F0000C00ABCEEC00A10EE100A80B20C903B48AA
:109F10008079012808D1012305220B9801B20C9801
:109F200000B213F0DFFA07E0012305220B9801B21B
:109F30000C9800B212F04AFF12F032FF1AA2002170
:109F400008460DF057FD2D48008800EE100AB8EEC7
:109F5000400A8DED0A0A9DED0A0A0021502013F0F7
:109F6000FFFC1448B0F90000401C00EE100AB8EEE7
:109F7000C00A0021692013F0F3FC0FA20121002088
:109F80000DF038FD1D48408800EE100AB8EE400A7A
:109F90008DED0A0A9DED0A0A0121502030E00000F3
:109FA0007C63002000008042706F696E745F783AB5
:109FB000000000007E020020706F696E745F793AC5
:109FC0003A000000706F696E745F733A0000000021
:109FD000706F696E745F663A000000005461725FD2
:109FE000783A00005461725F793A00004650533A63
:109FF000000000004469733A00000000F463002090
:10A0000013F0AEFCFE4890F83400A03800EE100AC1
:10A01000B8EEC00A8DED0A0A9DED0A0A01216920F9
:10A0200013F09EFCAFF26402022100200DF0E2FC6E
:10A03000F348808800EE100AB8EE400A8DED0A0A57
:10A040009DED0A0A0221502013F08AFCAFF2800233
:10A05000032100200DF0CEFCE948807900EE100AC3
:10A06000B8EE400A8DED0A0A9DED0A0A0321502040
:10A0700013F076FCAFF29C02042100200DF0BAFC34
:10A08000DF4890ED170A8DED0A0A9DED0A0A0421BA
:10A09000502013F065FCAFF2B402052100200DF052
:10A0A000A9FCD74890ED180A8DED0A0A9DED0A0A21
:10A0B0000521502013F054FCAFF2D00206210020FD
:10A0C0000DF098FCCE48807C00EE100AB8EE400AF5
:10A0D0008DED0A0A9DED0A0A0621502013F040FC7E
:10A0E000AFF2F002072100200DF084FCC44890ED8F
:10A0F000140A8DED0A0A9DED0A0A0721192013F0B2
:10A100002FFCBF48808900EE100AB8EE400A8DEDA2
:10A110000A0A9DED0A0A0721782013F021FC6EE45B
:10A1200000210846F3F724FEB6A2002108460DF0F0
:10A1300061FCB7480078012805D1B6A20021322081
:10A140000DF058FC12E0B2480078022805D1B3A205
:10A15000002132200DF04EFC08E0AD4800780328C5
:10A1600004D1B0A2002132200DF044FCB048B0F977
:10A170000000401C00EE100AB8EEC00A0021732057
:10A180000DF028FCA2480078012804D0022803D052
:10A1900003287DD1C4E000BF01210020F3F7E8FDD2
:10A1A000A4A2012100200DF025FCA44890ED010A95
:10A1B0008DED0C0A9DED0C0A012132200DF00AFCF8
:10A1C0009F4890ED000A8DED0C0A9DED0C0A0121CF
:10A1D0005A200DF0FFFB02210020F3F7C9FD99A2E0
:10A1E000022100200DF006FC944890ED020A8DED4E
:10A1F0000C0A9DED0C0A022132200DF0EBFB904879
:10A2000090ED010A8DED0C0A9DED0C0A02215A20F9
:10A210000DF0E0FB03210020F3F7AAFD8BA2032140
:10A2200000200DF0E7FB854890ED050AB8EE400AE6
:10A230008DED0C0A9DED0C0A032132200DF0CAFBB6
:10A240008448008900EE100AB8EE400A8DED0C0A31
:10A250009DED0C0A03215A200DF0BCFB04210020C7
:10A26000F3F786FD7CA2042100200DF0C3FB7348A8
:10A2700090F8200000EE100AB8EE400A8DED0C0AAE
:10A280009DED0C0A042132200DF0A4FB052100E015
:10A290006BE10020F3F76CFD71A2052100200DF0A9
:10A2A000A9FB674890ED000A8DED0C0A9DED0C0AA4
:10A2B000052132200DF08EFB06210020F3F758FD1A
:10A2C00069A2062100200DF095FB5D4890ED010A82
:10A2D0008DED0C0A9DED0C0A062132200DF07AFB63
:10A2E00007210020F3F744FD61A2072100200DF0B3
:10A2F00081FB624890ED000A8DED0C0A9DED0C0A81
:10A30000072128200DF066FB5C4890ED010A8DEDD9
:10A310000C0A9DED0C0A072146200DF05BFB24E1A1
:10A3200001210020F3F724FD55A2012100200DF0AA
:10A3300061FB554890ED000A8DED0C0A9DED0C0A6D
:10A3400001212D200DF046FB4F4890ED030A8DEDC5
:10A350000C0A9DED0C0A012164200DF03BFB02214B
:10A360000020F3F705FD49A2022100200DF042FB79
:10A37000454890ED010A8DED0C0A9DED0C0A022175
:10A380002D200DF027FB404890ED040A8DED0C0ABE
:10A390009DED0C0A022164200DF01CFB032100201E
:10A3A000F3F7E6FC3BA2032100200DF023FB364827
:10A3B00090ED020A8DED0C0A9DED0C0A03212D2073
:10A3C0000DF008FB304890ED050A8DED0C0A9DED6F
:10A3D0000C0A032164200DF0FDFA04210020F3F79C
:10A3E000C7FC2EA2042100200DF004FB264890EDAE
:10A3F0000F0A8DED0C0A9DED0C0A04212D2051E071
:10A40000F46300204F70745F5479706500000000A1
:10A41000F40E00204C433330370000004C433330FF
:10A42000320000004C696461722F543236350000EE
:10A430007E020020666C6F775F783A00E864002047
:10A44000DC0E0020666C6F775F793A0074696D6589
:10A450003A000000D86400207175616C3A00000079
:10A460006779726F5F783A006779726F5F793A0047
:10A470006F70745F666C6F773A000000E40E002026
:10A48000705F765F783A0000C8380020705F765FB2
:10A49000793A0000705F765F7A3A00007069746301
:10A4A000683A00000DF096FAFE4890ED000A04218B
:10A4B00064200DF08FFA05210020F3F759FCFAA271
:10A4C000052100200DF096FAF94890ED0E0A8DED69
:10A4D0000C0A9DED0C0A05212D200DF07BFAF548A4
:10A4E00090ED000A052164200DF074FA0621002089
:10A4F000F3F73EFCF0A2062100200DF07BFAEC48B9
:10A5000090ED100A8DED0C0A9DED0C0A06212D2010
:10A510000DF060FAEA4890ED000A062164200DF083
:10A5200059FA07210020F3F723FCE6A207210020B7
:10A530000DF060FADE4890ED0A0A8DED0C0A9DEDF3
:10A540000C0A07213C200DF045FAD94890F82C0060
:10A5500000EE100AB8EE400A8DED0C0A9DED0C0AD3
:10A56000072164200DF036FA00BF00BFD9480088EB
:10A57000012801D10FB000BDD74890ED000ADFEDF2
:10A58000D70AB4EEE00AF1EE10FA2CDB0A200DF047
:10A59000E6F9D14890ED000ADFEDD00AB4EEE00A0A
:10A5A000F1EE10FA1FDB00BFCB4890ED000ADFEDA3
:10A5B000CB0AB4EEE00AF1EE10FAF5DAC8480078FA
:10A5C000401CC749087008460078032801DD0120B7
:10A5D0000870C449C248007800EE100AB8EE400A7C
:10A5E0006A200BF07DFAC04890F82000022827D19D
:10A5F0000020BD4981F82000B9480078401CB849C6
:10A60000087008460078032801DD01200870B5496C
:10A61000B348007800EE100AB8EE400A6A200BF04A
:10A620005FFA00200421B14A03469FEDB10ACDE94B
:10A630000021029032224FF4FA71AE48E7F7E1FDB3
:10A64000AD48008800EE100AB8EE400ADFEDAB0A14
:10A65000B4EEE00AF1EE10FA2FD8A94890ED000A06
:10A66000DFEDA80AB4EEE00AF1EE10FA25DB9A4815
:10A6700090ED000ADFEDA40AB4EEE00AF1EE10FA64
:10A680001BD84FF47A700DF06AF9934890ED000AE8
:10A69000DFED9D0AB4EEE00AF1EE10FA0DD800BF2E
:10A6A0008D4890ED000ADFED980AB4EEE00AF1EE75
:10A6B00010FAF5D90420954908708B4800780228D3
:10A6C00005D100208849087004209049087026E5CB
:10A6D00012F056FB01201F236022194600901846F5
:10A6E00012F0C4FD01203F231A46002100901846B5
:10A6F00012F0BCFD01231F2211463F2012F066FB21
:10A700008348D0ED0B0A9FED830AB3EE0F1A01EEDA
:10A71000600ABCEEC00A10EE100A80B20A907C48B3
:10A72000D0ED0E0AB3EE0F0AB3EE0F1A01EE600A77
:10A73000BCEEC00A10EE100A80B209900120009011
:10A74000099803B20A9802B21F213F2012F08EFD31
:10A750006F4890ED170A8DED080A9FED6F1ADFED37
:10A760006F0A9DED080A0DF0A5F8F3EE0F0A20EE32
:10A77000200ADFED690A80EE201AB3EE0F0A31EEEF
:10A78000000ABCEEC00A10EE100A80B20B906048BE
:10A7900090ED180A8DED080A9FED5F1ADFED5F0A54
:10A7A0009DED080A0DF086F8F3EE0F0A60EE200A20
:10A7B0009FED591A80EE810ADFED560A30EE200A2D
:10A7C000BCEEC00A10EE100A80B20C9001230522E4
:10A7D0000B9801B20C9800B212F084FE12F0E0FA6D
:10A7E0004F48B0F90000401C00EE100AB8EEC00A55
:10A7F000002173200DF0EEF84AA200213C200DF05C
:10A80000F9F849A207213C200DF0F4F8474A01214C
:10A8100000200DF0EFF83E4890ED190A8DED080A82
:10A820009DED080A01215A200DF0D4F83F4A10325C
:10A83000022100200DF0DEF8354890ED170A8DED6D
:10A84000080A9DED080A02215A200DF0C3F8384A83
:10A85000032100200DF0CEF82D4890ED180A8DED63
:10A86000080A9DED080A03215A200DF0B3F856E4BA
:10A8700000210846F3F77CFA2EA200210A200DF0F1
:10A88000B9F83048007800EE100AB8EE400A00210E
:10A8900064200DF09FF82248B0F90000401C00EE43
:10A8A000100A51E064100020726F6C6C3A000000D6
:10A8B000C8380020681000207961773A0000000055
:10A8C0006C1000207175616C5F7570646174653A1D
:10A8D0000000000024030020080300200000D241F3
:10A8E000F40E00203C300020F824002000500240EC
:10A8F000CDCC4C3E88180020060300200040834445
:10A9000010030020000016430000D2C1320A0020CC
:10A910007428002000007C420000B4420000B4C251
:10A920007E0200204E0000005300000070910100E4
:10A93000A4950100416363656C5F436F7272656348
:10A9400074000000FD000020B8EEC00A0021732052
:10A950000DF040F801210020F3F70AFAFB4890EDD2
:10A96000000A8DED0C0A9DED0C0A012100200DF06E
:10A9700031F8F64890ED010A8DED0C0A9DED0C0AB8
:10A98000012128200DF026F8F04890ED020A8DED07
:10A990000C0A9DED0C0A012146200DF01BF8022146
:10A9A0000020F3F7E5F9E94890ED030A8DED0C0A74
:10A9B0009DED0C0A022100200DF00CF8E34890ED0B
:10A9C000040A8DED0C0A9DED0C0A022128200DF0E1
:10A9D00001F8DE4890ED050A8DED0C0A9DED0C0A9C
:10A9E000022146200CF0F6FF03210020F3F7C0F906
:10A9F000D64890ED060A8DED0C0A9DED0C0A032158
:10AA000000200CF0E7FFD14890ED070A8DED0C0A0D
:10AA10009DED0C0A032128200CF0DCFFCB4890EDC3
:10AA2000080A8DED0C0A9DED0C0A032146200CF05E
:10AA3000D1FF04210020F3F79BF9C44890ED090AE7
:10AA40008DED0C0A9DED0C0A042100200CF0C2FFD4
:10AA5000BE4890ED0A0A8DED0C0A9DED0C0A04210A
:10AA600028200CF0B7FFB94890ED0B0A8DED0C0AC9
:10AA70009DED0C0A042146200CF0ACFF05210020BE
:10AA8000F3F776F9B14890ED0C0A8DED0C0A9DEDC7
:10AA90000C0A052100200CF09DFFAC4890ED0D0A3A
:10AAA0008DED0C0A9DED0C0A052128200CF092FF7B
:10AAB000A64890ED0E0A8DED0C0A9DED0C0A0521BD
:10AAC00046200CF087FF06210020F3F751F99F483C
:10AAD00090ED0F0A8DED0C0A9DED0C0A0621002069
:10AAE0000CF078FF994890ED100A8DED0C0A9DED61
:10AAF0000C0A062128200CF06DFF944890ED110AF5
:10AB00008DED0C0A9DED0C0A062146200CF062FF2B
:10AB1000DDE500210846F3F72BF98DA200210A207C
:10AB20000CF068FF8D48007800EE100AB8EE400A7D
:10AB300000215A200CF04EFF8948B0F90000401C5B
:10AB400000EE100AB8EEC00A002173200CF042FF9C
:10AB500001210020F3F70CF9824890ED030ABDEEC5
:10AB6000C00A10EE100A00B200EE100AB8EEC00AD9
:10AB70008DED0C0A9DED0C0A012100200CF02AFF3E
:10AB8000784890ED040ABDEEC00A10EE100A00B23B
:10AB900000EE100AB8EEC00A8DED0C0A9DED0C0A0D
:10ABA000012128200CF016FF6E4890ED050ABDEE3D
:10ABB000C00A10EE100A00B200EE100AB8EEC00A89
:10ABC0008DED0C0A9DED0C0A012146200CF002FFD0
:10ABD00002210020F3F7CCF863A2022100200CF040
:10ABE00009FF644890ED000A022146200CF0F2FEB5
:10ABF00003210020F3F7BCF85FA2032100200CF032
:10AC0000F9FE6148008800EE100AB8EE400A8DEDAA
:10AC10000C0A9DED0C0A032150200CF0DBFE5A4873
:10AC2000408800EE100AB8EE400A8DED0C0A9DED4A
:10AC30000C0A03215A200CF0CDFE5348808800EE08
:10AC4000100AB8EE400A8DED0C0A9DED0C0A0321A6
:10AC500069200CF0BFFE04210020F3F789F80020E2
:10AC60000D9019E00D9800EB40004849085C00EE9B
:10AC7000100AB8EE400A8DED0C0A0D9800EB80002A
:10AC80004006000E0B909DED0C0A04210CF0A2FE74
:10AC90000D98401C80B20D900D980C28E2DB052128
:10ACA0000020F3F765F800200D901AE00D9800EBF6
:10ACB000400136482430405C00EE100AB8EE400AED
:10ACC0008DED0C0A0D9800EB80004006000E0B90F5
:10ACD0009DED0C0A05210CF07DFE0D98401C80B204
:10ACE0000D900D980C28E1DB06210020F3F740F8C9
:10ACF00000200D901AE00D9800EB400123484830E9
:10AD0000405C00EE100AB8EE400A8DED0C0A0D987A
:10AD100000EB80004006000E0B909DED0C0A062112
:10AD20000CF058FE0D98401C80B20D900D980C2828
:10AD3000E1DB07210020F3F71BF80848007888BB07
:10AD400013A2072100200CF055FE49E0A8160020B0
:10AD50004D61675F436F7272656374001C01002070
:10AD60007E020020002800203020546F203336302F
:10AD700000000000200100204D6167204973204F32
:10AD80006B61793F0000000024010020681700205B
:10AD90004D616B65205A2B20557073696465205393
:10ADA0006B790000FFE7FD480078012805D1FCA27F
:10ADB000072100200CF01EFE12E0F848007802285F
:10ADC00005D1FCA2072100200CF014FE08E0F34896
:10ADD0000078032804D1FCA2072100200CF00AFE11
:10ADE000FE480078022817D10020FC490870032093
:10ADF000FB4908700120FB49087000200421FA4A31
:10AE000003469FEDFA0ACDE90021029032224FF469
:10AE1000FA71F748E7F7F5F959E400210846F2F727
:10AE2000A7FFF4A200210A200CF0E4FDF448B0F9D9
:10AE30000000401C00EE100AB8EEC00A002173208A
:10AE40000CF0C8FD02210020F2F792FFEDA20221D2
:10AE500000200CF0CFFDED4890ED060A8DED0C0AB8
:10AE60009DED0C0A022119200CF0B4FDE74890ED8D
:10AE7000070A8DED0C0A9DED0C0A02213C200CF016
:10AE8000A9FDE24890ED080A8DED0C0A9DED0C0A33
:10AE900002215F200CF09EFD03210020F2F768FFE5
:10AEA000DBA2032100200CF0A5FDD84890ED030A99
:10AEB0008DED0C0A9DED0C0A032119200CF08AFD82
:10AEC000D24890ED040A8DED0C0A9DED0C0A032189
:10AED0003C200CF07FFDCD4890ED050A8DED0C0A6D
:10AEE0009DED0C0A03215F200CF074FD042100206D
:10AEF000F2F73EFFC8A2042100200CF07BFDC348FE
:10AF000090ED000A8DED0C0A9DED0C0A042119202C
:10AF10000CF060FDBD4890ED010A8DED0C0A9DED31
:10AF20000C0A04213C200CF055FDB84890ED020AB3
:10AF30008DED0C0A9DED0C0A04215F200CF04AFDFA
:10AF400005210020F2F714FFB5A2052100200CF026
:10AF500051FDAE4890ED130A8DED0C0A9DED0C0AE3
:10AF6000052119200CF036FDA84890ED120A8DED50
:10AF70000C0A9DED0C0A05213C200CF02BFD06214E
:10AF80000020F2F7F5FEA8A2062100200CF032FD09
:10AF9000A74890ED010A8DED0C0A9DED0C0A0621E3
:10AFA00019200CF017FDA24890ED020A8DED0C0A55
:10AFB0009DED0C0A06213C200CF00CFD0721002021
:10AFC000F2F7D6FE9BA2072100200CF013FD9B4850
:10AFD00090ED000A8DED0C0A9DED0C0A0721192059
:10AFE0000CF0F8FC954890ED010A8DED0C0A9DEDF2
:10AFF0000C0A072141200CF0EDFC904890ED020A6C
:10B000008DED0C0A9DED0C0A07215F200CF0E2FC8F
:10B010002DE400210846F2F7ABFE7948B0F90000B4
:10B02000401C00EE100AB8EEC00A002173200CF09C
:10B03000D1FC01210020F2F79BFE81A20021052016
:10B040000CF0D8FC8248007800EE100AB8EE400AF6
:10B0500001216E200CF0BEFC02210020F2F788FED8
:10B0600003210020F2F784FE7AA2022105200CF0D1
:10B07000C1FC04210020F2F77BFE05210020F2F73D
:10B0800077FE73480078012805D175A204210520B8
:10B090000CF0B0FC1CE06E480078022805D173A2C9
:10B0A000042105200CF0A6FC12E069480078032872
:10B0B00005D171A2042105200CF09CFC08E0644835
:10B0C0000078042804D170A2042105200CF092FC21
:10B0D00006210020F2F74CFE07210020F2F748FE7F
:10B0E0006D4890ED000ADFED6D0AB4EEE00AF1EE76
:10B0F00010FA2EDB0A200CF032FC674890ED000AB3
:10B10000DFED660AB4EEE00AF1EE10FA21DB00BFD3
:10B11000614890ED000ADFED610AB4EEE00AF1EE5D
:10B1200010FAF5DA4A480078401C49490870084688
:10B130000078032801DD012008705949444800784F
:10B1400000EE100AB8EE400A5A200AF0C9FCE8F7EF
:10B1500057FC224890F8200002281DD100201F49EA
:10B1600081F820003A480078401C394908700846A8
:10B170000078032801DD012008704949344800782F
:10B1800000EE100AB8EE400A5A200AF0A9FCE8F7CF
:10B1900037FC0020042185E091E000001C01002024
:10B1A0004D616B6520592B20557073696465205380
:10B1B0006B7900004D616B6520582B2055707369C9
:10B1C000646520536B790000537461727420576971
:10B1D000746820596177204D6F766500F82400204F
:10B1E000B9080020BA08002000500240CDCC4C3EE7
:10B1F0008818002053656E736F722044617461007B
:10B200007E0200206D61673A0000000000280020E7
:10B210006163633A000000006779723A0000000041
:10B220006261723A000000006F70743A0000000022
:10B23000E864002074666D3A000000005C3700206E
:10B2400047726F756E645F53656E736F72000000B6
:10B250008A0800204E6F775F4D6F64650000000024
:10B260005553313030204D6F6465000074666D6950
:10B270006E69204D6F646500746F6673656E736FE1
:10B2800072204D6F64650000766C35336C31782028
:10B290004D6F646500000000080300200000D241EB
:10B2A0003C300020FE4A03461FED300ACDE9002164
:10B2B000029032224FF4FA71FA48E6F7A2FF062113
:10B2C0000020F2F755FDF8A2062100200CF092FBB9
:10B2D000F6A2062132200CF08DFBF5A206215A20A1
:10B2E0000CF088FB07210020F2F742FDF14890EDB9
:10B2F000000A8DED0C0A9DED0C0A072100200CF0D0
:10B3000069FBED4890ED000A072132200CF062FB4A
:10B31000EA48B0F91800079012F033FF9FEDE80BF0
:10B3200053EC102BCDE908019DED080B51EC100BEF
:10B3300012F072FDCDE90A019DED0A0B51EC100BE4
:10B3400012F084FC0C909DED0C0A07215A200CF0A1
:10B3500041FB61E500210846F2F70AFDDA48B0F941
:10B360000000401C00EE100AB8EEC00A0021732055
:10B370000CF030FBD5A2002108460CF03BFBD54871
:10B38000008800EE100AB8EE400A8DED0C0A9DED23
:10B390000C0A002119200CF01DFBCF48008A00EE9A
:10B3A000100AB8EE400A8DED0C0A9DED0C0A002142
:10B3B00037200CF00FFBC848408A00EE100AB8EEA8
:10B3C000400A8DED0C0A9DED0C0A002155200CF071
:10B3D00001FB01210020F2F7CBFCC0A201210020DB
:10B3E0000CF008FBBB48408800EE100AB8EE400A9B
:10B3F0008DED0C0A9DED0C0A012119200CF0EAFAE2
:10B40000B548008C00EE100AB8EE400A8DED0C0A2B
:10B410009DED0C0A012137200CF0DCFAAE48408C7F
:10B4200000EE100AB8EE400A8DED0C0A9DED0C0AF4
:10B43000012155200CF0CEFA02210020F2F798FCF1
:10B44000A8A2022100200CF0D5FAA248808800EEC4
:10B45000100AB8EE400A8DED0C0A9DED0C0A02218F
:10B4600019200CF0B7FA9C48008E00EE100AB8EED6
:10B47000400A8DED0C0A9DED0C0A022137200CF0DC
:10B48000A9FA9548408E00EE100AB8EE400A8DEDFC
:10B490000C0A9DED0C0A022155200CF09BFA0321A9
:10B4A0000020F2F765FC91A2032100200CF0A2FA23
:10B4B0008848C08800EE100AB8EE400A8DED0C0AEC
:10B4C0009DED0C0A032119200CF084FA8248B0F893
:10B4D000400000EE100AB8EE400A8DED0C0A9DED1A
:10B4E0000C0A032137200CF075FA7B48B0F84200B3
:10B4F00000EE100AB8EE400A8DED0C0A9DED0C0A24
:10B50000032155200CF066FA04210020F2F730FCEC
:10B5100078A2042100200CF06DFA6E48008900EE3C
:10B52000100AB8EE400A8DED0C0A9DED0C0A0421BC
:10B5300019200CF04FFA6848B0F8500000EE100ADD
:10B54000B8EE400A8DED0C0A9DED0C0A042137205F
:10B550000CF040FA6048B0F8520000EE100AB8EE65
:10B56000400A8DED0C0A9DED0C0A042155200CF0CB
:10B5700031FA05210020F2F7FBFB60A20521002033
:10B580000CF038FA5348408900EE100AB8EE400A31
:10B590008DED0C0A9DED0C0A052119200CF01AFA0C
:10B5A0004D48B0F8600000EE100AB8EE400A8DED8C
:10B5B0000C0A9DED0C0A052137200CF00BFA4648C9
:10B5C000B0F8620000EE100AB8EE400A8DED0C0AE9
:10B5D0009DED0C0A052155200CF0FCF906210020F8
:10B5E000F2F7C6FB47A2062100200CF003FA394807
:10B5F000808900EE100AB8EE400A8DED0C0A9DED30
:10B600000C0A062119200CF0E5F93348B0F8700057
:10B6100000EE100AB8EE400A8DED0C0A9DED0C0A02
:10B62000062137200CF0D6F92B48B0F8720000EE56
:10B63000100AB8EE400A8DED0C0A9DED0C0A0621A9
:10B6400055200CF0C7F907210020F2F791FB2FA23B
:10B65000072100200CF0CEF91E48C08900EE100A28
:10B66000B8EE400A8DED0C0A9DED0C0A0721192059
:10B670000CF0B0F91848B0F8800000EE100AB8EEEF
:10B68000400A8DED0C0A9DED0C0A072137200CF0C5
:10B69000A1F91148B0F8820000EE100A3AE000006B
:10B6A000005002408818002074663A0075733A0012
:10B6B000766C3A005C370020B8030020C83C0020BC
:10B6C00000000000000024407E0200206368313A40
:10B6D00000000000A4250020B02600206368323A54
:10B6E000000000006368333A000000006368343AE9
:10B6F000000000006368353A000000006368363AD5
:10B70000000000006368373A000000006368383AC0
:10B7100000000000B8EE400A8DED0C0A9DED0C0A09
:10B72000072155200CF056F972E400210846F2F783
:10B730001FFBFE48B0F90000401C00EE100AB8EEF6
:10B74000C00A002173200CF045F901210020F2F716
:10B750000FFBF7A2002108460CF04CF90221002053
:10B76000F2F706FB03210020F2F702FBF4A202210C
:10B7700000200CF03FF904210020F2F7F9FA05212E
:10B780000020F2F7F5FAF2A2042100200CF032F9C1
:10B7900006210020F2F7ECFA07210020F2F7E8FA80
:10B7A000F0A2062100200CF025F931E4F1A20021DD
:10B7B0001E200CF01FF9F14890ED000A8DED0C0AE7
:10B7C0009DED0C0A002146200CF004F9D748B0F991
:10B7D0000000401C00EE100AB8EEC00A00217320E1
:10B7E0000CF0F8F8E6A202211E200CF003F9E34861
:10B7F00090ED030A8DED0C0A9DED0C0A0221462006
:10B800000CF0E8F8AFF2F85206211E200CF0F2F826
:10B81000DA4890ED060A8DED0C0A9DED0C0A062122
:10B8200046200CF0D7F80CF0F1F892E5002108461C
:10B83000F2F79EFAD4A2002108460CF0DBF8D4A25D
:10B84000002132200CF0D6F8D2A200215A200CF0B0
:10B85000D1F8B648B0F90000401C00EE100AB8EE6E
:10B86000C00A002173200CF0B5F801210020F2F786
:10B870007FFAC948407800EE100AB8EE400A8DED14
:10B880000C0A9DED0C0A012100200CF0A3F8C2481F
:10B8900090ED060A8DED0C0A9DED0C0A01210F209A
:10B8A0000CF098F8BC48C08900EE100AB8EE400AC7
:10B8B0008DED0C0A9DED0C0A012141200CF08AF857
:10B8C000B54890ED420A8DED0C0A9DED0C0A012160
:10B8D0005A200CF07FF802210020F2F749FAAE4816
:10B8E00090F8310000EE100AB8EE400A8DED0C0A17
:10B8F0009DED0C0A022100200CF06CF8A64890ED9A
:10B90000120A8DED0C0A9DED0C0A02210F200CF09D
:10B9100061F8A148C08F00EE100AB8EE400A8DED24
:10B920000C0A9DED0C0A022141200CF053F89A48B4
:10B9300090ED4E0A8DED0C0A9DED0C0A02215A2065
:10B940000CF048F803210020F2F712FA924890F820
:10B95000610000EE100AB8EE400A8DED0C0A9DED74
:10B960000C0A032100200CF035F88B4890ED1E0ADC
:10B970008DED0C0A9DED0C0A03210F200CF02AF826
:10B980008548B0F86E0000EE100AB8EE400A8DED62
:10B990000C0A9DED0C0A032141200CF01BF87E4897
:10B9A00090ED5A0A8DED0C0A9DED0C0A03215A20E8
:10B9B0000CF010F804210020F2F7DAF9764890F83C
:10B9C000910000EE100AB8EE400A8DED0C0A9DEDD4
:10B9D0000C0A042100200BF0FDFF6F4890ED2A0AAD
:10B9E0008DED0C0A9DED0C0A04210F200BF0F2FFE7
:10B9F0006948B0F89E0000EE100AB8EE400A8DEDDE
:10BA00000C0A9DED0C0A042141200BF0E3FF624873
:10BA100090ED660A8DED0C0A9DED0C0A04215A206A
:10BA20000BF0D8FF05210020F2F7A2F95A4890F850
:10BA3000C10000EE100AB8EE400A8DED0C0A9DED33
:10BA40000C0A052100200BF0C5FF534890ED360A83
:10BA50008DED0C0A9DED0C0A05210F200BF0BAFFAD
:10BA60004D48B0F8CE0000EE100AB8EE400A8DED59
:10BA70000C0A9DED0C0A052141200BF0ABFF464856
:10BA800090ED720A8DED0C0A9DED0C0A05215A20ED
:10BA90000BF0A0FF06210020F2F76AF93FA2062171
:10BAA00000200BF0A7FF3F4890ED000A062132204E
:10BAB0000BF090FF3C48007800EE100AB8EE400A08
:10BAC00006215A200BF086FF07210020F2F750F9DB
:10BAD00036A2072100200BF08DFF374890ED040AB5
:10BAE0008DED0C0A9DED0C0A072146200BF072FF2C
:10BAF0002FE400210846F2F73BF930A20021084666
:10BB00000BF078FF9FED300A002132200BF062FF2E
:10BB10000648B0F90000401C00EE100AB8EEC00A5A
:10BB2000002164200BF056FF01214FE07E0200202F
:10BB3000506C65617365204D6F76652054687200A6
:10BB4000557020416E642050756C6C204F757400E8
:10BB500054686520506F77657220537570706C79EA
:10BB6000000000004553432043616C6962726174B8
:10BB7000696F6E00706F733A00000000084C00207F
:10BB800076656C3A00000000746F665F69640000BF
:10BB90006469730073747200283D0020746F665FDF
:10BBA0006D696E00E8090020EC09002066726F6E76
:10BBB000745F757300000000884000204750535F99
:10BBC0004461746500000000000000000020F2F7EE
:10BBD000CFF8FEA2012100200BF00CFFFD4890EDF4
:10BBE000000B51EC100B12F031F80C909DED0C0A8B
:10BBF000012132200BF0EEFE02210020F2F7B8F80E
:10BC0000F5A2022100200BF0F5FEF54890ED000BA7
:10BC100051EC100B12F01AF80C909DED0C0A022159
:10BC200032200BF0D7FE03210020F2F7A1F8EDA29D
:10BC3000032100200BF0DEFEEC4890ED000B51ECF0
:10BC4000100B12F003F80C909DED0C0A032132202A
:10BC50000BF0C0FE04210020F2F78AF8DEA20421D6
:10BC600000200BF0C7FEE24890ED000B51EC100BEA
:10BC700011F0ECFF0C909DED0C0A042132200BF02A
:10BC8000A9FE05210020F2F773F8DA4800780128B0
:10BC900005D1D9A2052100200BF0ACFE04E0D7A20B
:10BCA000052100200BF0A6FED5480078032805D119
:10BCB000D4A2052119200BF09DFE0EE0D04800789B
:10BCC000022805D1D0A2052119200BF093FE04E033
:10BCD000CEA2052119200BF08DFECD48008800EE84
:10BCE000100AB8EE400A05212A200BF073FEC9485D
:10BCF00090ED000AB8EE400A8DED0C0A9DED0C0A9D
:10BD000005213C200BF066FEC3A205214B200BF061
:10BD100071FEC04890ED010AB8EE400A8DED0C0AA4
:10BD20009DED0C0A052154200BF054FEBAA205210A
:10BD300064200BF05FFEB74890ED020AB8EE400AAF
:10BD40008DED0C0A9DED0C0A052169200BF042FED9
:10BD500006210020F2F70CF8B0A2062100200BF01B
:10BD600049FEAF4890ED010A8DED0C0A9DED0C0ADD
:10BD700006210A200BF02EFEA94890ED000A8DED59
:10BD80000C0A9DED0C0A062141200BF023FE072131
:10BD90000020F1F7EDFFA34890ED000A07210020F5
:10BDA0000BF018FEA04890ED000A072150200BF080
:10BDB00011FEB9E40BF028FE9CA200211E200BF01E
:10BDC00019FE9CA200215F200BF014FE9BA2012112
:10BDD00000200BF00FFE9B4890ED010A8DED0C0A40
:10BDE0009DED0C0A01211E200BF0F4FD964890ED0C
:10BDF000000A8DED0C0A9DED0C0A01215F200BF06D
:10BE0000E9FD92A2022100200BF0F4FD8D4890ED97
:10BE1000020A8DED0C0A9DED0C0A02211E200BF08A
:10BE2000D9FD894890ED010A8DED0C0A9DED0C0AB3
:10BE300002215F200BF0CEFD86A2032100200BF033
:10BE4000D9FD804890ED040A8DED0C0A9DED0C0A99
:10BE500003211E200BF0BEFD804890ED010A8DED00
:10BE60000C0A9DED0C0A03215F200BF0B3FD7CA2B0
:10BE7000042100200BF0BEFD724890ED050A8DED07
:10BE80000C0A9DED0C0A04211E200BF0A3FD734843
:10BE900090ED000A8DED0C0A9DED0C0A04215F2047
:10BEA0000BF098FD70A2052100200BF0A3FD704857
:10BEB00090ED010A8DED0C0A9DED0C0A05211E2066
:10BEC0000BF088FD6B48007800EE100AB8EE400ACF
:10BED00004215F200BF07EFD67A2062100200BF0FD
:10BEE00089FD4B48008800EE100AB8EE400A062192
:10BEF0001E200BF06FFD4C4890ED000A06216420D7
:10BF00000BF068FD5EA2072100200BF073FD5F4877
:10BF1000007800EE100AB8EE400A07211E200BF050
:10BF200059FD42E410F02CFF01201F236022194626
:10BF30000090184611F09AF901203F231A4600217B
:10BF40000090184611F092F93F200C901F200B90A2
:10BF50000020089001E19DED080AB8EE400A9FED2F
:10BF60004C1AC0EE010A9FED4B0A20EE800A8DEDBF
:10BF7000070A4949089831F82000019012F018F991
:10BF80009FED460B53EC102BCDE902019DED020B0A
:10BF900051EC100B11F040FFCDE904019DED040BB5
:10BFA00051EC100B11F052FE06909DED070ADFEDEB
:10BFB0003D0A20EE200A8DED050A9DED050A0AF0E6
:10BFC0007FFDF3EE0F0A20EE201A6DE04C6F5F64E8
:10BFD00065673A00E8010020642F313030773A007D
:10BFE000F80100204C615F6465673A00F0010020B1
:10BFF000000200202D020020666978006E6F660046
:10C000002C02002033440000324400003044000081
:10C0100014020020942400203A000000563A000048
:10C02000AC24002034020020100200206675733A10
:10C03000000000006F62733A00000000505F453A54
:10C0400000000000084C0020E0530020505F4E3AF2
:10C0500000000000565F453A000000001802002072
:10C06000565F4E3A00000000415F423A0000000077
:10C07000400C0020DC0B00204750533A0000000029
:10C0800044656661756C743A00000000500C002035
:10C090000000E1430000B443EE4000200000000037
:10C0A00000408F4035FA8E3C9DED060AFE48B0F9FF
:10C0B000000000EE900AF8EEE01AC0EE210A9DEDB5
:10C0C0000C0AB8EE400A01EE200ABCEEC00A10EEDF
:10C0D000100A80B20A909DED070A5FED0E0A20EE6D
:10C0E000200A8DED050A9DED050A0AF081FBF3EEAD
:10C0F0000F0A20EE201A9DED060AEB48B0F9000069
:10C1000000EE900AF8EEE01AC0EE210A9DED0B0A4F
:10C11000B8EE400A01EE600ABCEEC00A10EE100A4A
:10C1200080B20990E148007860B101200090099840
:10C1300003B20A9802B20B9801B20C9800B211F047
:10C1400095F806E00122099801B20A9800B211F0B0
:10C15000F5F80898401C80B208900898B0F5E17F87
:10C16000FFF6F9AE10F01CFECF48B0F9000000EE6B
:10C17000100AB8EEC00A002108460BF02BFCCC4890
:10C18000D0ED000AB2EE041A80EE810A8DED080AA5
:10C190009DED080A012150200BF01CFCC44890EDD5
:10C1A000010A8DED080A9DED080A022150200BF0CE
:10C1B00011FCBF48007A00EE100AB8EE400A8DED7F
:10C1C000080A9DED080A032150200BF003FCB84833
:10C1D000D0ED030AB2EE041A80EE810A8DED080A52
:10C1E0009DED080A042150200BF0F4FBB04890EDBF
:10C1F000040A8DED080A9DED080A052150200BF078
:10C20000E9FBAB48007D00EE100AB8EE400A8DED68
:10C21000080A9DED080A062150200BF0DBFBA5481B
:10C220000088012801D1FEF7A5B9A34890ED000AC6
:10C23000DFEDA20AB4EEE00AF1EE10FA24DB0A20E8
:10C240000BF08DFB9C4890ED000ADFED9C0AB4EEEC
:10C25000E00AF1EE10FA17DB00BF974890ED000AF4
:10C26000DFED960AB4EEE00AF1EE10FAF5DA8E4848
:10C270000088401C01B28C480180B0F900000C28F5
:10C2800002DD0220884908808B4890ED000ADFED2E
:10C290008C0AB4EEE00AF1EE10FA21D80A200BF075
:10C2A0005EFB854890ED000ADFED850AB4EEE00AFA
:10C2B000F1EE10FA14D800BF7F4890ED000ADFEDD0
:10C2C000800AB4EEE00AF1EE10FAF5D9774800786A
:10C2D00018B901207549087002E000207349087000
:10C2E00006E400210846F1F743FD76A20021084646
:10C2F0000BF080FB7748B0F90000401C00EE100AFC
:10C30000B8EEC00A002173200BF064FB012100206D
:10C31000F1F72EFD70A2012100200BF06BFB70489D
:10C3200090ED000A8DED0C0A9DED0C0A01213220E2
:10C330000BF050FB02210020F1F71AFD69A2022147
:10C3400000200BF057FB664890ED010A8DED0C0ABA
:10C350009DED0C0A022132200BF03CFB604890ED71
:10C36000010AD0ED000A20EE200A8DED0C0A9DEDA9
:10C370000C0A02215A200BF02DFB03210020F1F7BB
:10C38000F7FC59A2032100200BF034FB544890ED38
:10C39000020A8DED0C0A9DED0C0A032132200BF0F0
:10C3A00019FB4F4890ED020AD0ED000A20EE200A5A
:10C3B0008DED0C0A9DED0C0A03215A200BF00AFBAF
:10C3C00004210020F1F7D4FC48A2042100200BF046
:10C3D00011FB434890ED030A8DED0C0A9DED0C0A0C
:10C3E000042132200BF0F6FA3D4890ED030AD0ED1F
:10C3F000000A20EE200A8DED0C0A9DED0C0A0421A6
:10C400005A200BF0E7FA05210020F1F7B1FC38A221
:10C41000052100200BF0EEFA314890ED040A8DED75
:10C420000C0A9DED0C0A052132200BF0D3FA2C48A2
:10C4300090ED040AD0ED000A20EE200A8DED0C0AE2
:10C440009DED0C0A05215A200BF0C4FA06210020AC
:10C45000F1F78EFC27A2062100200BF0CBFA204832
:10C4600090ED050A8DED0C0A9DED0C0A0621322097
:10C470000BF0B0FA1A4890ED050AD0ED000A20EE54
:10C48000200A8DED0C0A9DED0C0A06215A200BF0B6
:10C49000A1FA07210020F1F76BFC17A20721002069
:10C4A0000BF0A8FA0E4829E0820200208402002046
:10C4B000580A002024030020080300200000D24175
:10C4C0000000D2C172657365727665645F706172D7
:10C4D000616D73007E0200207363616C653A000039
:10C4E000D008002078313A0079313A0078323A00A9
:10C4F00079323A0078333A0079333A0090ED060AFF
:10C500008DED0C0A9DED0C0A072132200BF062FA2A
:10C51000FA4890ED060AD0ED000A20EE200A8DEDD3
:10C520000C0A9DED0C0A07215A200BF053FAF4A2D5
:10C53000F448017828200BF05DFAF34800780228CF
:10C540001DD10020F0490870EE480078401CC1B2AF
:10C55000EC4801700078072802DD0120E9490870E5
:10C5600000200421E94A03469FEDE90ACDE90021B4
:10C57000029032224FF4FA71E648E5F742FEE248B3
:10C5800090F82000022877D10020DF4981F82000B0
:10C590000421DE4A03469FEDDE0ACDE90021029028
:10C5A00032224FF4FA71DB48E5F72BFED5480078CC
:10C5B00008281BD2DFE800F0A6041B324961788FFF
:10C5C000CE4890ED000AF1EE040A30EE200A80ED2C
:10C5D000000A90ED000ADFEDD00AB4EEE00AF1EEB9
:10C5E00010FA03DD9FEDCD0A80ED000A8AE0C34812
:10C5F00090ED010AF7EE000A30EE200A80ED010A04
:10C6000090ED010AF3EE040AB4EEE00AF1EE10FA3E
:10C6100003DDBBEE040A80ED010A73E0B74890ED3C
:10C62000020AF7EE000A30EE200A80ED020A90EDD1
:10C63000020AF3EE040AB4EEE00AF1EE10FA03DDAA
:10C64000BBEE040A80ED020A5CE0AC4890ED030A00
:10C65000F7EE000A30EE200A80ED030A90ED030A9F
:10C66000F3EE040AB4EEE00AF1EE10FA03DDBBEEDD
:10C67000040A80ED030A45E092E0A04890ED040A28
:10C68000F7EE000A30EE200A80ED040A90ED040A6D
:10C69000F3EE040AB4EEE00AF1EE10FA03DDBBEEAD
:10C6A000040A80ED040A2DE0944890ED050AF7EEA7
:10C6B000000A30EE200A80ED050A90ED050AF3EE3F
:10C6C000040AB4EEE00AF1EE10FA03DDBBEE040A50
:10C6D00080ED050A16E0894890ED060AF7EE000A9B
:10C6E00030EE200A80ED060A90ED060AF3EE040A09
:10C6F000B4EEE00AF1EE10FA03DDBBEE040A80EDC1
:10C70000060A00BF00BF7D4890ED000A8DED0C0ABF
:10C7100083499DED0C0AAA2009F0E2F9774890EDD3
:10C72000010A8DED0C0A7E499DED0C0AAB2009F043
:10C73000D7F9724890ED020A8DED0C0A78499DED0B
:10C740000C0AAC2009F0CCF96C4890ED030A8DED91
:10C750000C0A73499DED0C0AAD2009F0C1F9674838
:10C7600090ED040A8DED0C0A6D499DED0C0AAE208A
:10C7700009F0B6F9614890ED050A8DED0C0A68499B
:10C780009DED0C0AAF2009F0ABF95C4890ED060A6C
:10C790008DED0C0A62499DED0C0AB02009F0A0F95C
:10C7A0008CE210F0EDFA012020238022194600903F
:10C7B000002010F05BFD012040231A46002100906C
:10C7C000184610F053FD57484088039011F0F0FCD4
:10C7D000CDE906015348008A019011F0E9FC9FED74
:10C7E000520B53EC102BCDE902019DED020B51ECE5
:10C7F000100B11F02DFDCDE904019DED060B53EC5E
:10C80000102B9DED040B51EC100B11F02DFFCDE919
:10C8100008019DED080B51EC100B11F017FA9FED7C
:10C82000441ADFED440A0A909DED0A0A0BF042F823
:10C83000DFED410A20EE200ADFED3D0A80EE201AEE
:10C840009FED3D0A30EE410ABCEEC00A10EE100A20
:10C8500080B20B9033480088039011F0A9FCCDE919
:10C8600006013048C089019011F0A2FC9FED2E0B0B
:10C8700053EC102BCDE902019DED020B51EC100B96
:10C8800011F0E6FCCDE904019DED060B53EC102BF5
:10C890009DED040B51EC100B11F0E6FECDE9080103
:10C8A0009DED080B51EC100B11F0D0F99FED201A03
:10C8B000DFED200A0A909DED0A0A0AF0FBFFDFED8A
:10C8C0001E0A60EE200A9FED1A1A80EE810ADFED43
:10C8D0001B0A30EEC00ABCEEC00A10EE100A80B28D
:10C8E0000C901048807901282AD1012302220B984C
:10C8F00001B20C9800B210F0F5FD29E0D00800203C
:10C900002A00000085020020F82400200050024088
:10C91000CDCC4C3E881800200000C842000000002A
:10C920003C3000207C630020000000000000E03F5D
:10C9300000004842000048C200000042000080425F
:10C94000012302220B9801B20C9800B210F03EFABB
:10C95000FEA2002108460BF04DF8FD48008800EECD
:10C96000100AB8EE400A8DED0A0A9DED0A0A002170
:10C97000502010F0F5FFF748B0F90000401C00EE21
:10C98000100AB8EEC00A0021692010F0E9FFF2A2F7
:10C99000012100200BF02EF8ED48408800EE100A2F
:10C9A000B8EE400A8DED0A0A9DED0A0A01215020D9
:10C9B00010F0D6FFE64890F83400A03800EE100AD8
:10C9C000B8EEC00A8DED0A0A9DED0A0A0121692020
:10C9D00010F0C6FFE1A2022100200BF00BF8DC48AA
:10C9E000808800EE100AB8EE400A8DED0A0A9DED2F
:10C9F0000A0A0221502010F0B3FFD9A2032100201F
:10CA00000AF0F8FFD248807900EE100AB8EE400A2A
:10CA10008DED0A0A9DED0A0A0321502010F0A0FFB7
:10CA2000D0A2042100200AF0E5FFC94890ED170AC2
:10CA30008DED0A0A9DED0A0A04213C2010F090FFBA
:10CA4000C348807C00EE100AB8EE400A8DED0A0A59
:10CA50009DED0A0A04216E2010F082FFC3A2052179
:10CA600000200AF0C7FFBA4890ED180A8DED0A0AB7
:10CA70009DED0A0A05213C2010F072FFBDA206219F
:10CA800000200AF0B7FFB248407D012805D1BBA2C3
:10CA900006211E200AF0AEFF0EE0AD48407D0228C0
:10CAA00005D1B7A206211E200AF0A4FF04E0B64A71
:10CAB00006211E200AF09EFFA548807D01280BD18B
:10CAC000B2A2062141200AF095FF01231022202165
:10CAD000402010F07BF92CE09D48807D02280DD18C
:10CAE000ADA2062141200AF085FF012020231A462D
:10CAF00010210090302010F0AFFC1AE09448807DA7
:10CB0000032811D1A7A2062141200AF073FF0120BA
:10CB1000152140223023CDE90021029050221946F0
:10CB2000184610F0BFFC04E0974A062141200AF0A5
:10CB300061FF10F035F99EA2072100200AF05AFF8C
:10CB40009D4890ED070A8DED0A0A9DED0A0A07211E
:10CB500050200AF03FFF984890ED080A8DED0A0A30
:10CB60009DED0A0A07216E200AF034FF93480078F1
:10CB7000401EC0EB001040002830C0B2AFF280224F
:10CB800007210A900AF036FF8D48007802281DD14F
:10CB900000208B49087089480078401CC1B2874842
:10CBA00001700078032802DD012184480170002013
:10CBB0000421844A03461FEDAA0ACDE90021029010
:10CBC00032224FF4FA718048E5F71BFB7C4890F85D
:10CBD0002000022872D10020794981F82000042128
:10CBE000784A03461FEDB60ACDE9002102903222B1
:10CBF0004FF4FA717448E5F704FB70480078012897
:10CC000004D0022815D0032841D129E05048407DA6
:10CC100000EE100AB8EE400A674880ED070A4C485B
:10CC2000807D00EE100AB8EE400A634880ED080AE5
:10CC30002DE0614890ED070AF7EE000A30EE200A79
:10CC400080ED070A90ED070AF0EE000AB4EEE00A64
:10CC5000F1EE10FA03DDB7EE000A80ED070A16E0E8
:10CC6000554890ED080AF7EE000A30EE200A80EDF4
:10CC7000080A90ED080AF0EE080AB4EEE00AF1EEB8
:10CC800010FA03DDB7EE000A80ED080A00BF00BF0E
:10CC9000494890ED070A8DED0A0A4C499DED0A0AB4
:10CCA000B12008F01DFF444890ED080A8DED0A0AF6
:10CCB00046499DED0A0AB22008F012FF96E100BF36
:10CCC00000210846F1F754F841A2002119200AF08A
:10CCD00091FE2048B0F90000401C00EE100AB8EEAA
:10CCE000C00A0021692010F03BFE01210020F1F76D
:10CCF0003FF83AA2012100200AF07CFE3948008862
:10CD000000EE100AB8EE400A0121502010F028FE73
:10CD100002210020F1F72CF833A2022100200AF0B2
:10CD200069FE254890ED090A8DED0C0A9DED0C0A6F
:10CD30000221502010F014FE03210020F1F718F812
:10CD40002AA2032100200AF055FE51E070783A0033
:10CD50007C6300207E02002070793A0073713A00F3
:10CD600066673A00636D783A00000000636D793AB7
:10CD700000000000747970653A000000726564007C
:10CD8000626C756500000000AC8C01006369726321
:10CD9000756C61720000000072656374616E676C8F
:10CDA00065000000747269616E676C6500000000C8
:10CDB000636F6C6F72000000D008002086020020B4
:10CDC000F824002000500240881800203C30002049
:10CDD0006C6F6F705F73657475700000737465704D
:10CDE0003A0000008802002061783A0061793A0038
:10CDF000804890ED0A0A8DED0C0A9DED0C0A032186
:10CE0000502010F0ADFD04210020F0F7B1FF7AA210
:10CE1000042100200AF0EEFD764890ED0B0A8DED1E
:10CE20000C0A9DED0C0A0421502010F099FD0521FB
:10CE30000020F0F79DFF72A2052100200AF0DAFD24
:10CE400071A2052128200AF0D5FDAFF24C5271489D
:10CE500001781E200AF0CEFD6F48007802281CD110
:10CE600000206D4908706B480078401C69490870C3
:10CE700008460078052801DD012008700020042103
:10CE8000664A03469FED660ACDE9002102903222F0
:10CE90004FF4FA716348E5F7B4F95F4890F8200061
:10CEA00002286FD100205C4981F8200059480078A1
:10CEB000062812D2DFE800F09803122E4A675A487B
:10CEC00000884FF6FF7101EA400057490880084684
:10CED0000088642801DD0120088085E04548D0ED08
:10CEE000090A5148008800EE100AB8EE400A30EEF8
:10CEF000800A404880ED090A90ED090ADFED4B0AEF
:10CF0000B4EEE00AF1EE10FA03DD9FED490A80ED80
:10CF1000090A69E03748D0ED0A0A4348008800EE64
:10CF2000100AB8EE400A30EE800A324880ED0A0A54
:10CF300090ED0A0ADFED3D0AB4EEE00AF1EE10FAD8
:10CF400003DD9FED3B0A80ED0A0A4DE02948D0ED54
:10CF50000B0A3548008800EE100AB8EE400A30EEA1
:10CF6000800A244880ED0B0A90ED0B0ADFED310AB0
:10CF7000B4EEE00AF1EE10FA03DD9FED2D0A80ED2C
:10CF80000B0A31E031E01B4890ED090A8DED0C0AE7
:10CF900029499DED0C0AB32008F0A2FD154890ED3B
:10CFA0000A0A8DED0C0A24499DED0C0AB42008F004
:10CFB00097FD104890ED0B0A8DED0C0A1E499DED72
:10CFC0000C0AB52008F08CFD00200421134A03460A
:10CFD0009FED130ACDE90021029032224FF4FA713D
:10CFE0001048E5F70EF900BF00BF00BF00BF00BF4B
:10CFF000FDF7C0BAD0080020616E673A000000005B
:10D00000736176653A0000006C6F6E672070726520
:10D010007373000087020020F824002000500240B3
:10D02000CDCC4C3E88180020880200200000FA4336
:10D0300000000000000034433C3000200EB500200A
:10D040000221164A0346B6EE000ACDE900210290FD
:10D05000C82240F6B8311248E5F7D3F80020042181
:10D060000E4A0346B6EE000ACDE900210290C8221E
:10D0700040F6B8310B48E5F7C4F800200821074A0C
:10D080000346B6EE000ACDE900210290C82240F620
:10D09000B8310548E5F7B5F80EBD00000050024074
:10D0A00074180020881800209C18002010B5EAF79A
:10D0B00051F80848D0ED021AB0EE611AD0ED011A0D
:10D0C000F0EE610AD0ED001AB0EE610A02480DF0F0
:10D0D0009DFF10BDC84B0020D44B002070B5054605
:10D0E000002400266D48007805280DD100F032FAA2
:10D0F00001206B4908700E206A49088001206A49A6
:10D1000008700020654908706548007808B9304605
:10D1100070BD002455E035F81410644800EB04108D
:10D120000088814205DB35F81410604800EB0410DC
:10D13000018035F814105D4800EB041040888142EE
:10D1400005DA35F81410594800EB041041805748AF
:10D1500000EB04100188554800EB04104088084497
:10D1600000EE100AB8EEC00AF0EE000A80EE201AB7
:10D17000BCEEC10A10EE100A81B24C4800EB04105C
:10D1800081804A4800EB04100188484800EB0410F5
:10D190004088081A00EE100AB8EEC00ADFED440A13
:10D1A00020EE200AF7EE000A80EE201ABCEEC10A3B
:10D1B00010EE100A81B23D4800EB0410C180601CE3
:10D1C00084B2082CA7DB35480078062828D1002037
:10D1D0003349087034490870012600241BE03349A4
:10D1E00001EB0411498801EE101AB8EE411AF0EE75
:10D1F000410A2E4901EB0411098801EE101AB8EE1C
:10D20000411AB0EE410A61000B3188B2294908F099
:10D21000A3FC601C84B2082CE1DB00201F490870CD
:10D2200001212548EBF77EFFA8BB4FF4FA600AF016
:10D2300096FB01212048EBF775FF60BB00BF012181
:10D240001D48EBF76FFF0028F9D000201449087043
:10D2500015490870012600241BE0144901EB041154
:10D26000498801EE101AB8EE411AF0EE410A0F4952
:10D2700001EB0411098801EE101AB8EE411AB0EE64
:10D28000410A61000B3188B20A4908F065FC601C54
:10D2900084B2082CE1DB30463AE70000B9080020F0
:10D2A000440100207E02002080020020C0260020D1
:10D2B000CDCCCC3D3C3000200050024010B52DEDCF
:10D2C000028B90B09FED9E0AB0EE408A0024202190
:10D2D00008A8E3F733F920216846E3F72FF900BFE8
:10D2E00025E06B4603EB840208AB03EB840163008B
:10D2F0000B3398B200F00EFA08A800EB840090ED12
:10D30000000A10EE101A084608F0C3FD68B9684616
:10D3100000EB840090ED000A10EE101A084608F0A9
:10D32000B8FD10B9012087490855601C84B2082C4B
:10D33000D7DB8448007800287ED0824840780028D7
:10D340007AD080488078002876D07E48C07800283F
:10D3500072D07C48007900286ED07A484079002845
:10D360006AD078488079002866D07648C07900284D
:10D3700062D000247EE0022C04D19FED730AB0EE4F
:10D38000408A03E09FED710AB0EE408A08A800EBE6
:10D39000840090ED000ABCEEC00A10EE100A81B2C3
:10D3A0006B4800EB04100180684600EB840090EDB0
:10D3B000000ABCEEC00A10EE100A81B2644800EB0D
:10D3C0000410418008A800EB840090ED000A684634
:10D3D00000EB8400D0ED000A30EE200AF0EE000AE7
:10D3E00080EE201ABCEEC10A10EE100A81B2584835
:10D3F00000EB0410818008A800EB840090ED000A87
:10D40000684600EB8400D0ED000A30EE600A20EEA2
:10D41000080AF7EE000A80EE201ABCEEC10A10EEF0
:10D42000100A81B24A4800EB0410C180002148482C
:10D4300000EB0410017200E020E0454800EB04100E
:10D440000188434800EB04104088091A404800EB6B
:10D450000410C088081A00EE100AB8EEC00AF6EEF2
:10D46000000A20EE200A3A4800EB041080ED030A7F
:10D47000601C84B2082CFFF67EAF5DE0002459E00A
:10D48000022C04D19FED300AB0EE408A03E09FEDFC
:10D490002F0AB0EE408A4FF4FA612D4800EB0410D9
:10D4A000018049102A4800EB0410418040F2DC5111
:10D4B000274800EB04108180254800EB0410018808
:10D4C000234800EB04104088081A00EE100AB8EE5A
:10D4D000C00A20EE080AF7EE000A80EE201ABCEE21
:10D4E000C10A10EE100A81B2194800EB0410C18085
:10D4F0000021174800EB04100172154800EB0410DE
:10D500000188134800EB04104088091A104800EB0A
:10D510000410C088081A00EE100AB8EEC00AF6EE31
:10D52000000A20EE200A0A4800EB041080ED030AEE
:10D53000601C84B2082CA3DB10B0BDEC028B10BDC4
:10D54000000000003C010020CDCC4C3ECDCCCC3DB9
:10D55000C0260020002000BF0BE040F2DC5206494C
:10D5600001EB00110A80044901EB00114A80411CC3
:10D5700088B20828F1DB7047C026002010B50121D1
:10D580001248EBF7CFFDD8B94FF4FA700AF0E7F97B
:10D5900001210E48EBF7C6FDB8B900BF01210B48C9
:10D5A000EBF7C0FD0028F9D0FFF7D4FF01200849B0
:10D5B00008700E200749088001200749087004E020
:10D5C000FFF77CFE00200249087010BD00500240A9
:10D5D000440100207E0200208002002010B50024BB
:10D5E00000BF19E004EB44010D4A02EBC1000D49F4
:10D5F00031F8141000EE901AF8EE600AB0EE600AEE
:10D600000949F0F7D0FBBCEEC00A10EE100A07493A
:10D6100021F81400601C84B2082CE3DB10BD00006C
:10D62000E0250020A4250020F4180020A0260020DA
:10D6300002461146B1F5617F03DD40F69800814254
:10D6400001DBFF20704740F2BA40814201DC00203C
:10D65000F8E740F2AE60814201DC0120F2E70220EF
:10D66000F0E7000041880F4A118001880E4A1180BE
:10D6700081880E4A1180C1880D4A1180118801EB02
:10D68000D1720A4B1B88A3EB62020A4B1A80084A2C
:10D69000118801EBD172054B1B8803EB6202064B2C
:10D6A0001A8070473403002036030020380300201E
:10D6B0003A0300203C0300203E03002010B504463E
:10D6C0004FF4487200212046E9F7D4FB10BD70B535
:10D6D00004460D46A10004222846E9F7CBFB70BDA5
:10D6E0002DE9F04104460D4616461F46A1000422CE
:10D6F0002846E9F7BFFBA000011D04223046E9F7E8
:10D70000B9FBA00000F1080104223846E9F7B2FB9A
:10D71000BDE8F08170B504460D461646A10004220E
:10D720002846E9F7A7FBA000011D04223046E9F7CF
:10D73000A1FB70BD10B5064800F012F8054800F0D6
:10D740000FF8054800F00CF8044800F009F810BD87
:10D75000DC6C0020FC6C00201C6D00203C6D002067
:10D7600010B504466078E8B9A07840B10CF06AFCC6
:10D77000E0600CF067FC60610020A06127E00CF025
:10D7800061FC6169401AB0F5FA7F20D90CF05AFCAF
:10D790006061032020702078032818D1A069401C04
:10D7A000A06114E0A07890B90CF04CFC2061D4E9A1
:10D7B0000310401A40F2DC51884204D90220207044
:10D7C0000020E06103E0012020700020E06160782B
:10D7D000A0702078022802D02078012809D1E069C1
:10D7E000401CE061E069B0F5967F02D30020207014
:10D7F000E06110BD10B5002406E0054901EB4410BE
:10D8000000F008F8601C84B2022CF6DB10BD0000AA
:10D81000F824002010B50446217A6068EBF782FCFA
:10D8200060706078E0B9A07840B10CF00BFCE0606B
:10D830000CF008FC60610020A06125E00CF002FC07
:10D840006169401AFA281FD90CF0FCFB60610320C3
:10D8500020702078032817D1A069401CA06113E034
:10D86000A07888B90CF0EEFB2061D4E90310401ACF
:10D87000B0F57A7F04D9022020700020E06103E037
:10D88000012020700020E0616078A07020780228DC
:10D8900002D02078012809D1E069401CE061E069EC
:10D8A000B0F5967F02D300202070E06110BD00002B
:10D8B00010B52DED028B84B0FE480078401CFD4968
:10D8C000087008460078042803DA04B0BDEC028B27
:10D8D00010BD0020F7490870F7480078012805D1ED
:10D8E0001422F649F648E2F784FD12E0F548007884
:10D8F000012805D11422F449F148E2F77AFD08E045
:10D90000F2480078012804D11422F149EC48E2F7EA
:10D9100070FDEC480078012807D0EC480078012819
:10D9200003D0E548007801287ED11022E449E94877
:10D93000E2F75FFD0122DFEDE80A9FEDE70A002133
:10D94000E44800F07FFCE34880ED240A0122DFED8B
:10D95000E20A9FEDE10A114600F074FCDD4880ED1B
:10D96000250A0022DFEDDD0A9FEDDC0A032100F02D
:10D9700069FCD84880ED260A0122D948008800EECB
:10D98000100AF8EE400AD748008800EE100AB8EEF8
:10D99000400A0221CF4800F055FCCE4880ED270A0E
:10D9A0008088CC49A1F8A00008460089A1F8A2000F
:10D9B00008464189A0F8A4108189A0F8A610C18961
:10D9C000A0F8A81090F8AA00C24981F8AB00B1F8FD
:10D9D000A200FFF72DFE20B1012803D002280BD1B1
:10D9E00005E000BF0020BB4981F8AA0009E0012042
:10D9F000B84981F8AA0004E00020B64981F8AA00DD
:10DA000000BF00BF0020B1490870AE490870FFF7A1
:10DA1000E5FDB0481030FFF725FEA9480088B2495F
:10DA2000098888421DDC00E0D6E3B0480088AE4992
:10DA30000988081A00EE100AB8EEC00ADFEDA60A3F
:10DA400060EE200AA8480088A9490988401A00EE1B
:10DA5000100AB8EEC00A80EE801AA64880ED001ABF
:10DA600026E097480088A449098888421BDB9F4824
:10DA70000088A1490988081A00EE100AB8EEC00A09
:10DA8000DFED950A60EE200A9C4800889A490988D3
:10DA9000401A00EE100AB8EEC00A80EE801A9548CF
:10DAA00080ED001A04E09FED960A924880ED000A8E
:10DAB0009FED891ADFED930A8E4890ED000A09F078
:10DAC000F9FE8C4880ED000A82482030FFF7CAFD3D
:10DAD0007B4840888449098888421BDC8348408809
:10DAE00081490988081A00EE100AB8EEC00ADFED75
:10DAF0007A0A60EE200A7C4800887D490988401A2D
:10DB000000EE100AB8EEC00A80EE801A7E4880ED62
:10DB1000001A26E06A4840887749098888421BDB5A
:10DB20007248408874490988081A00EE100AB8EE55
:10DB3000C00ADFED690A60EE200A704800886E496D
:10DB40000988401A00EE100AB8EEC00A80EE801A6A
:10DB50006D4880ED001A04E09FED690A6A4880ED87
:10DB6000000A9FED5D1ADFED670A674890ED000A35
:10DB700009F0A0FE644880ED000A90ED000AB1EEC5
:10DB8000400A624880ED000A5A4890ED000AB1EE62
:10DB9000400A5E4880ED010A4E483030FFF762FDD2
:10DBA00000BF5248808852490988401A4FF47A7160
:10DBB0004843524909884E4A1288891A90FBF1F06D
:10DBC00004B24FF47A720021204609F0A8FE5049B1
:10DBD00008800846008800B24E4908803D48403021
:10DBE000FFF740FD3648C0883F49098888421BDC62
:10DBF0003E48C0883C490988081A00EE100AB8EE71
:10DC0000C00ADFED360A60EE200A3748008838493E
:10DC10000988401A00EE100AB8EEC00A80EE801A99
:10DC20003D4880ED001A26E02548C0883249098821
:10DC300088421BDB2D48C0882F490988081A00EE4E
:10DC4000100AB8EEC00ADFED250A60EE200A2B4864
:10DC5000008829490988401A00EE100AB8EEC00A67
:10DC600080EE801A2C4880ED001A04E09FED240A13
:10DC7000294880ED000A9FED191ADFED280A264891
:10DC800090ED000A09F016FE234880ED000A2048B6
:10DC9000008800EE100AB8EE400AECF733FA20498B
:10DCA0000880204800881A490988084418490880D3
:10DCB000084639E04A030020830F00205C6D0020F5
:10DCC000A4250020E2020020B8250020B60800208C
:10DCD000B4380020B026002000000C420000484369
:10DCE0006A0100206C0100203C030020A0260020D7
:10DCF000340300200C0300203E03002036030020E4
:10DD00000000000000000CC20803002014030020E3
:10DD1000060300204003002010030020000048C339
:10DD20004803002020030020008800EE100AB8EE0F
:10DD3000400ADFEDFE0AB4EEE00AF1EE10FA2AD84E
:10DD4000FB4890ED000ADFEDFB0AB4EEE00AF1EECD
:10DD500010FA20DBF84890ED000AB5EEC00AF1EEAB
:10DD600010FA18D1F54890ED000AB5EEC00AF1EEB0
:10DD700010FA10D1F2480088401CF1490880F1489F
:10DD8000008842F2107188420CDAEE480088401C8C
:10DD9000EC49088006E0EA49088800EBD071491098
:10DDA000E74A1180E848008800EE100AB8EE400A01
:10DDB000DFEDDE0AB4EEE00AF1EE10FA26D8DC4818
:10DDC00090ED000ADFEDDB0AB4EEE00AF1EE10FAA6
:10DDD0001CDBD94890ED000AB5EEC00AF1EE10FA4E
:10DDE00014D1D64890ED000AB5EEC00AF1EE10FA53
:10DDF0000CD1D348008810F0DBF941EC180B9FEDF3
:10DE0000D30B53EC102B10F021FB06D3CD48008828
:10DE1000FA2802DACF48007820BB0020CE490880DB
:10DE2000C7490880CD490880C64908800821CC4AE6
:10DE30000346B6EE000ACDE900210290C82240F662
:10DE4000B831C848E4F7DDF90020C7490880C74960
:10DE50000880012000F0B0FB012000F077FB0120DA
:10DE600000F0D2FBB848008800EE100AB8EE400A75
:10DE7000DFEDAE0AB4EEE00AF1EE10FA1FD8AC48BE
:10DE800090ED000ADFEDBA0AB4EEE00AF1EE10FA06
:10DE900015D8A94890ED000AB5EEC00AF1EE10FAC7
:10DEA0000DD1A64890ED000AB5EEC00AF1EE10FAC9
:10DEB00005D1AA480088401CA849088006E0A74967
:10DEC000088800EBD0714910A44A11809E48008850
:10DED00000EE100AB8EE400ADFED940AB4EEE00A54
:10DEE000F1EE10FA31D8924890ED000ADFEDA00A69
:10DEF000B4EEE00AF1EE10FA27D88F4890ED000A50
:10DF0000B5EEC00AF1EE10FA1FD18C4890ED000A70
:10DF1000B5EEC00AF1EE10FA17D19048008810F063
:10DF200047F941EC180B9FED890B53EC102B10F0C7
:10DF30008DFA0AD28F480078012806D18E480078E1
:10DF4000012802D1E4F798FD18B182480078012831
:10DF50003FD1012080490880884890F8AA00012814
:10DF600009D187490880874890ED080AB1EE400A38
:10DF700080ED070A02E000208149088000207749EF
:10DF800008806F4908806F4908800821744A034659
:10DF90009FED7D0ACDE9002102904FF4FA6241F233
:10DFA00088317048E4F72DF900206F4908806F49E7
:10DFB0000880012000F000FB012000F0C7FA0120DA
:10DFC00000F022FB4FF496707049088000207049E1
:10DFD00008706148008801282FD16D48007860BB27
:10DFE0005948008800EE100AB8EE400ADFED4F0AEB
:10DFF000B4EEE00AF1EE10FA1FD8504890ED000A96
:10E00000B5EEC00AF1EE10FA17D14B4890ED000AB8
:10E01000B5EEC00AF1EE10FA0FD1454890ED000AB6
:10E02000B5EEC00AF1EE10FA07D15548008820B9C4
:10E030000120584908705649087056480078012850
:10E0400072D14148008800EE100AB8EE400ADFEDB8
:10E05000370AB4EEE00AF1EE10FA40D8374890EDF6
:10E06000000AB5EEC00AF1EE10FA38D1324890ED50
:10E07000000AB5EEC00AF1EE10FA30D12C4890ED4E
:10E08000000AB5EEC00AF1EE10FA28D13248008835
:10E09000012824D13A48008808BB3C480088401E2B
:10E0A0003A49088008460088002801DC00200880E2
:10E0B0003648008898B90020274908800821284A56
:10E0C0000346B6EE000ACDE900210290C82240F6D0
:10E0D000B8312448E4F795F80020234908801A480D
:10E0E000008800EE100AB8EE400ADFED100AB4EE28
:10E0F000E00AF1EE10FA50DC104890ED000AB5EE9F
:10E10000C00AF1EE10FA48D10B4890ED000AB5EEC6
:10E11000C00AF1EE10FA40D1054890ED000AB5EEC4
:10E12000C00AF1EE10FA37E055E0000000408344E9
:10E1300010030020000016430C03002008030020F9
:10E140002C03002032030020060300200000000002
:10E1500000005940B7080020240300202E030020AF
:10E16000005002409C180020920100207E020020F6
:10E17000000016C3620F00205C010020B0260020C2
:10E1800030030020785C0020CDCCCC3D260300205D
:10E1900029030020280300201DD0214800880028E2
:10E1A00019DD20480088B0B900201F4908701C49BB
:10E1B000088008211D4A03469FED1D0ACDE9002174
:10E1C00002904FF4FA6241F288311A48E4F719F8E4
:10E1D00000201949088000BF1848007801281BD189
:10E1E00000F0EAF9012000F0B1F9012000F00CFA8A
:10E1F00000201249087008210C4A0346B6EE000AB6
:10E20000CDE9002102904FF47A7201460948E3F704
:10E21000F8FF00200A49088000BFFFF756BB000046
:10E220002603002030030020280300200050024075
:10E230009A99993E9C18002092010020BC08002069
:10E240007E020020B0EE401ADFED531AB0EE610AF4
:10E2500000F1100303EB01139B8801EE903AF8EEF6
:10E26000611A00F1100303EB0113DB8802EE103A90
:10E27000B8EE422AF6EE002A42EEC21A30F8113009
:10E2800002EE103AB8EE422AF4EEC21AF1EE10FA9B
:10E290002ADB00F1100303EB01139B8801EE903A97
:10E2A000F8EE611A00F1100303EB0113DB8802EEB4
:10E2B000103AB8EE422AF6EE002A42EEC21A30F8C0
:10E2C000113002EE103AB8EE422A71EEC21A61EE37
:10E2D000811A00F1100303EB011393ED032AC1EE41
:10E2E000822AB0EE620A4FE000F1100303EB011343
:10E2F0009B8801EE903AF8EE611A00F1100303EBEF
:10E300000113DB8802EE103AB8EE422AF6EE002A3C
:10E3100042EE821A30F8113002EE103AB8EE422A7C
:10E32000F4EEC21AF1EE10FA2AD800F1100303EB52
:10E3300001139B8801EE903AF8EE611A00F1100388
:10E3400003EB0113DB8802EE103AB8EE422AF6EE38
:10E35000002A42EE821A30F8113002EE103AB8EE7E
:10E36000422A71EEC21A61EEA01A00F1100303EB0B
:10E37000011393ED032AC1EE822AB0EE620A03E094
:10E38000DFED051AB0EE610A2AB1FFEE001A60EE69
:10E39000211AB0EE610A70470000000010B5224853
:10E3A00001F088FE07212148EAF7E0FE0823022257
:10E3B00007211E48EAF7E2FD002201211B48EAF787
:10E3C00020FF002202211948EAF71BFF0022042146
:10E3D0001648EAF716FF15481549C8600120087469
:10E3E000C82048619FED130A084680ED060A002008
:10E3F00088700E481049C86002200874C82048611F
:10E40000B6EE000A084680ED060A08480B49C860C7
:10E4100004200874C82048619FED060A084680ED74
:10E42000060A0020887010BD030800F0007000404C
:10E430005C3F0020CDCC4C3E783F0020943F002034
:10E4400070B52DED048B044620460FF0B1FE41EC73
:10E45000190B9FED090B53EC102B0FF0F9FE41EC5B
:10E46000180B0FF061FE05462A4641210448F9F7D2
:10E4700089FDBDEC048B70BD000000000000F43F7E
:10E480000080024010B594B0002426E06A4602EBFA
:10E49000840104F1AA0290B2FFF719F9684600EB73
:10E4A000840090ED000A10EE101A084607F0F1FC07
:10E4B00050B9684600EB840090ED000A094800EB73
:10E4C000840080ED000A06E09FED070A054800EB96
:10E4D000840080ED000A601C84B2142CD6DB14B0DA
:10E4E00010BD0000D00800200000000010B50E484C
:10E4F000008820B1012808D002280FD108E00A21A5
:10E500004FF41650E5F72EFA0BE001F043FB08E05C
:10E5100078214FF4E120E5F725FA02E001F03AFB1B
:10E5200000BF00BF10BD00007001002070B50446A0
:10E530000D4604E014F8011B034803F0C6FB281E37
:10E54000A5F10105F6D170BD002001400146002073
:10E5500000BF1DE00022134B1A549FED130A00EB7D
:10E560004002124B03EB820282ED000A9FED0E0A7D
:10E5700000EB400203EB820282ED010A9FED0A0AE2
:10E5800000EB400203EB820282ED020A421C90B2D1
:10E590000628DFDB0022064B1A70012901D1054B4A
:10E5A0001A707047FF00002000000000A81600202D
:10E5B00005010020FE0000200146002000BF0AE007
:10E5C00000220D4B1A5400230B4A243213542432D8
:10E5D0001354421C90B22428F2DB0022074B1A800D
:10E5E0005A809A800322064B1A70012902D1002218
:10E5F000044B1A70704700006817002024010020A7
:10E600001C01002014010020012804D10021024A2D
:10E610001170024A117070474401002080020020EE
:10E6200010B5E8F797FB10BD10B54C888B1D185539
:10E630004B885B1C9BB24B80934201DB00234B80D9
:10E640004B880C88A34207D10B885B1C9BB20B80C4
:10E65000934201DB00230B8010BD0021018041802B
:10E660008180704700201449088048808880887124
:10E67000C871088148818881C88108828874C874FB
:10E68000087548758875088348838883C8830B4953
:10E690000880488088808871C87108814881888195
:10E6A000C88108828874C87408754875887508839D
:10E6B00048838883C88370477C630020F46300200C
:10E6C00070B505460C46FF2011490870FE204870C1
:10E6D000A02088700220C87008460571002048718B
:10E6E000002600BF05E00A49095C3144CEB2411C56
:10E6F000C8B20628F7DB0648867114B9072103F073
:10E70000ABFB012C03D10721014803F085FB70BD51
:10E710007263002070B5054600243E48005D48B98C
:10E72000FF2D07D101203B490855352060433A4968
:10E730000D546DE03748005D01280AD1FC2D08D149
:10E740000220344908553520604333490844457058
:10E750005EE03048005D02280AD1FF2D08DA032070
:10E760002C490855352060432B49084485704FE0FB
:10E770002848005D03280FD1322D0DDA04202549E9
:10E7800008553520604324490844C5702348055581
:10E790000020234908553BE01E48005D042819D19C
:10E7A0001E48B8B1005D401E1C4908551C48005D5C
:10E7B0001B49095D491C1A4A1155001D3521614349
:10E7C000154A11440D541548005D08BB0520114938
:10E7D00008551DE00F48005D052816D100200D49A1
:10E7E0000855352060430C4901440D48005D001D6B
:10E7F0000D540B4A125D521DD1B235226243064BB5
:10E80000D018084AF6F7A6F902E000200149085599
:10E8100070BD0000940E00206C640020960E002055
:10E82000980E00207C63002070B5054601243E4808
:10E83000005D48B9FF2D07D101203B49085535201F
:10E8400060433A490D546DE03748005D01280AD114
:10E85000FC2D08D102203449085535206043334946
:10E86000084445705EE03048005D02280AD1FF2D63
:10E8700008DA03202C490855352060432B49084409
:10E8800085704FE02848005D03280FD1322D0DDA46
:10E890000420254908553520604324490844C570A3
:10E8A000234805550020234908553BE01E48005DDC
:10E8B000042819D11E48B8B1005D401E1C490855F6
:10E8C0001C48005D1B49095D491C1A4A1155001D71
:10E8D00035216143154A11440D541548005D08BBAC
:10E8E0000520114908551DE00F48005D052816D187
:10E8F00000200D490855352060430C4901440D485E
:10E90000005D001D0D540B4A125D521DD1B235221F
:10E910006243064BD018084AF6F794FB02E0002049
:10E920000149085570BD0000940E00206C64002061
:10E93000960E0020980E0020F463002008B59FED8D
:10E94000180A8DED000AFFF78DFE69465920FEF783
:10E95000BEFE009807F0CEFA60B99DED000ABCEE4D
:10E96000C00A10EE100A0F49087000210D48007807
:10E97000FFF7A6FE69466B20FEF7A9FE009807F098
:10E98000B9FA60B99DED000ABCEEC00A10EE100A9B
:10E9900005490870012104480078FFF791FE08BD81
:10E9A000000000009A0F00209B0F002010B59FED83
:10E9B000150A154880ED070A9FED120A80ED040A3A
:10E9C0009FED100A80ED030A9FED0E0A80ED190AF3
:10E9D0009FED0C0AA83880ED070A9FED0A0A80ED2A
:10E9E000040A9FED080A80ED030A9FED060A80EDF8
:10E9F000190A1121F9F77EF812210348F9F77AF87C
:10EA000010BD0000000000006860002000B589B063
:10EA1000002007900890784890ED000A8DED040AD8
:10EA200090ED010A8DED050A90ED020A8DED060AC2
:10EA3000724A01A904A806F08DFF9DED030A7048F3
:10EA400080ED060A9DED010A80ED070A9DED020AA0
:10EA500080ED080A90ED060ADFED6A0A20EE200A32
:10EA600080ED060A90ED060ADFED670A30EE600AD7
:10EA700080ED060A90ED060ADFED640A20EE200A1A
:10EA800080ED060A90ED070ADFED5E0A20EE200A0F
:10EA900080ED070A90ED070ADFED5C0A20EE200A00
:10EAA00080ED070A90ED080ADFED560A20EE200AF5
:10EAB00080ED080A90ED080ADFED540A20EE200AE6
:10EAC00080ED080A90ED070A8DED070A90ED080A1F
:10EAD0008DED080A9DED070A4848D0ED0E0A20EE9C
:10EAE000200ADDED080A90ED0B1A00EE810A484875
:10EAF00080ED000A9DED070AB1EE400A3F48D0EDD7
:10EB00000B0A20EE200ADDED080A90ED0E1A00EE49
:10EB1000810A3F4880ED010A3E48D0ED000AB0EE80
:10EB2000600A3D493D48EFF73EF98DED040A39484A
:10EB3000D0ED010AB0EE600A374938481830EFF7D7
:10EB400032F98DED050A3348D0ED020AB0EE600AC5
:10EB5000314932483030EFF726F98DED060A274A61
:10EB600001A904A806F0F6FE9DED030A2C4880EDED
:10EB7000000A9DED010A80ED010A9DED020A80ED7B
:10EB8000020A90ED000ADFED1F0A20EE200A80ED58
:10EB9000000A90ED000ADFED1C0A30EE600A80EDFD
:10EBA000000A90ED000ADFED190A20EE200A80ED40
:10EBB000000A90ED010ADFED130A20EE200A80ED35
:10EBC000010A90ED010ADFED110A20EE200A80ED26
:10EBD000010A90ED020ADFED0B0A20EE200A80ED1B
:10EBE000020A90ED020ADFED090A20EE200A80ED0C
:10EBF000020A09B000BD0000AC49002074280020C2
:10EC00002C4F00200AE89C3A0AE81C410000C84248
:10EC1000680B002040490020C418002050520020FA
:10EC20009852002010B51022202100200DF016FF70
:10EC30000222802101200DF011FF03200DF0BAFF08
:10EC400010BD000070B504460D460EF0EDFD054800
:10EC500090ED000A85ED000A034890ED000A84ED6E
:10EC6000000A70BD6C0300206803002010B5FE4848
:10EC7000007801287ED1FD4890ED330AFC4880EDF4
:10EC8000000AFA4890ED340AF94880ED010AF74885
:10EC900090ED350AF64880ED020AF44890ED870AB7
:10ECA000F34880ED030AF14890ED880AF04880EDC2
:10ECB000040AEE4890ED890AED4880ED050AEB481C
:10ECC00090EDDB0AEA4880ED060AE84890EDDC0AA0
:10ECD000E74880ED070AE54890EDDD0AE44880ED5D
:10ECE000080AE24890ED090AE14880ED090ADF4888
:10ECF00090ED0A0ADE4880ED0A0ADC4890ED0B0A26
:10ED0000DB4880ED0B0AD94890ED5D0AD84880EDCC
:10ED10000C0AD64890ED5E0AD54880ED0D0AD3481E
:10ED200090ED5F0AD24880ED0E0AD04890EDB10A0E
:10ED3000CF4880ED0F0ACD4890EDB20ACC4880ED67
:10ED4000100ACA4890EDB30AC94880ED110AC948B3
:10ED500090ED090AC64880ED120AC64890ED0A0AED
:10ED6000C34880ED130AC34890ED0B0AC04880EDFC
:10ED7000140A00E08CE0BF48A83090ED090ABC48B6
:10ED800080ED150ABB48A83090ED0A0AB84880ED1E
:10ED9000160AB848A83090ED0B0AB54880ED170A5E
:10EDA000B54890ED090AB24880ED180AB24890EDD6
:10EDB0000A0AAF4880ED190AAF4890ED0B0AAC483B
:10EDC00080ED1A0AAC48A83890ED090AA84880EDF1
:10EDD0001B0AA948A83890ED0A0AA54880ED1C0A2C
:10EDE000A548A83890ED0B0AA14880ED1D0AA3485C
:10EDF00090ED090A9E4880ED1E0AA04890ED0A0A8F
:10EE00009B4880ED1F0A9D4890ED0B0A984880EDC5
:10EE1000200A9B4890ED090A954880ED210A984800
:10EE200090ED0A0A924880ED220A954890ED0B0A6F
:10EE30008F4880ED230A9248A83090ED090A8C484B
:10EE400080ED240A8E48A83090ED0A0A884880EDAB
:10EE5000250A8B48A83090ED0B0A854880ED260ADC
:10EE6000884890ED090A824880ED270A854890ED90
:10EE70000A0A7F4880ED280A824890ED0B0A7C48F8
:10EE800080ED290A00F05EFA00207749087047E219
:10EE90007548007802287DD102F01EFD734890ED80
:10EEA000330A734880ED000A704890ED340A7048C8
:10EEB00080ED010A6D4890ED350A6D4880ED020A3B
:10EEC0006A4890ED870A6A4880ED030A674890ED2A
:10EED000880A674880ED040A644890ED890A64480E
:10EEE00080ED050A614890EDDB0A614880ED060A75
:10EEF0005E4890EDDC0A5E4880ED070A5B4890EDC5
:10EF0000DD0A5B4880ED080A584890ED090A584828
:10EF100080ED090A554890ED0A0A554880ED0A0A25
:10EF2000524890ED0B0A524880ED0B0A4F4890ED85
:10EF30005D0A4F4880ED0C0A4C4890ED5E0A4C4843
:10EF400080ED0D0A494890ED5F0A494880ED0E0AB0
:10EF5000464890EDB10A464880ED0F0A434890EDCF
:10EF6000B20A434880ED100A404890EDB30A404889
:10EF700080ED110A3F4890ED090A3D4880ED120AE4
:10EF80003C4890ED0A0A3A4880ED130A394890ED62
:10EF90000B0A00E0A9E0364880ED140A3548A83095
:10EFA00090ED090A324880ED150A3248A83090EDFC
:10EFB0000A0A2F4880ED160A2E48A83090ED0B0A59
:10EFC0002B4880ED170A2C4890ED090A284880ED5F
:10EFD000180A294890ED0A0A254880ED190A2648A2
:10EFE00090ED0B0A224880ED1A0A2348A83890EDCC
:10EFF000090A1F4880ED1B0A1F48A83890ED0A0A2D
:10F000001B4880ED1C0A1C48A83890ED0B0A1848D4
:10F0100080ED1D0A194890ED090A154880ED1E0A79
:10F02000164890ED0A0A124880ED1F0A134890ED29
:10F030000B0A0F4880ED200A114890ED090A0C4890
:10F0400080ED210A0E4890ED0A0A094880ED220A57
:10F050000B4890ED0B0A064880ED230A0848A830BB
:10F0600090ED090A02480FE0E60C002098540020B9
:10F07000B861002088580020785C0020285B0020C0
:10F08000705E0020C05F002080ED240AA54890ED4E
:10F090000A0AA54880ED250AA24890ED0B0AA2486D
:10F0A00080ED260A9F48A83090ED090A9E4880ED21
:10F0B000270A9C48A83090ED0A0A9B4880ED280A50
:10F0C0009848A83090ED0B0A974880ED290A00F087
:10F0D00039F9002095490870012095490870487059
:10F0E0008870C870087148711AE190480078032848
:10F0F000FAD102F0F1FB8F4890ED330A8A4880ED97
:10F10000000A8C4890ED340A874880ED010A89484E
:10F1100090ED350A844880ED020A864890ED870A12
:10F12000814880ED030A834890ED880A7E4880ED8F
:10F13000040A804890ED890A7B4880ED050A7D48E5
:10F1400090EDDB0A784880ED060A7A4890EDDC0AFB
:10F15000754880ED070A774890EDDD0A724880ED2A
:10F16000080A744890ED090A6F4880ED090A714851
:10F1700090ED0A0A6C4880ED0A0A6E4890ED0B0A81
:10F18000694880ED0B0A6B4890ED5D0A664880ED9A
:10F190000C0A684890ED5E0A634880ED0D0A6548E8
:10F1A00090ED5F0A604880ED0E0A624890EDB10A6A
:10F1B0005D4880ED0F0A5F4890EDB20A5A4880ED35
:10F1C000100A5C4890EDB30A574880ED110A5A487E
:10F1D00090ED090A544880ED120A574890ED0A0A4A
:10F1E000514880ED130A544890ED0B0A4E4880EDCB
:10F1F000140A5148A83090ED090A4B4880ED150AD1
:10F200004D48A83090ED0A0A474880ED160A4A4852
:10F21000A83090ED0B0A444880ED170A474890ED5E
:10F22000090A414880ED180A444890ED0A0A3E4810
:10F2300080ED190A414890ED0B0A3B4880ED1A0A0F
:10F240003E48A83890ED090A374880ED1B0A3B4834
:10F25000A83890ED0A0A344880ED1C0A3748A838CF
:10F2600090ED0B0A304880ED1D0A354890ED090AF3
:10F270002D4880ED1E0A324890ED0A0A2A4880ED9A
:10F280001F0A2F4890ED0B0A274880ED200A2548D9
:10F29000A83890ED090A244880ED210A2148A838B1
:10F2A00090ED0A0A204880ED220A1E48A83890ED09
:10F2B0000B0A1D4880ED230A1A4890ED090A1A48E6
:10F2C00080ED240A174890ED0A0A174880ED250AB8
:10F2D000144890ED0B0A144880ED260A1148A83016
:10F2E00090ED090A104880ED270A0E48A83090EDED
:10F2F0000A0A0D4880ED280A0A48A83090ED0B0A4A
:10F30000094880ED290A00F01DF80020074908701F
:10F3100001200749087048708870C87008714871EA
:10F3200010BD0000185F0020B8610020E60C00202E
:10F33000843700209854002088580020785C0020F2
:10F34000285B002010B5002400BF21E004EB44013D
:10F35000114A02EB8101D1ED021AB0EE611A04EB01
:10F36000440102EB8101D1ED011AF0EE610A04EBD8
:10F37000440102EB8101D1ED001AB0EE610A04EB09
:10F3800044011B3188B2054906F0C1FB601C04B280
:10F390000E2CDBDB10BD0000B86100203C300020EB
:10F3A00010B5134800F086FE3221124802F00CF925
:10F3B00000F054FD4FF47A71B0FBF1F42246FF21C6
:10F3C0000C4802F051F92520ECF794FD0121094881
:10F3D00002F033F9084AFF21064802F032F9FF2112
:10F3E000044802F021F9A0212520ECF7DBFD10BD37
:10F3F000010400F0001003400105020010B56D4843
:10F400000088401C6B4908800846008814286EDB81
:10F4100000200880684890F85900012868D16749A1
:10F420000870002066490870634981F859009FED13
:10F43000650A654880ED010A084690ED170A6248A2
:10F4400080ED020A084690F856109FED600A5E486B
:10F45000F8F70EF85C4890ED0C0AB1EE400A5C48F3
:10F4600080ED000A544890ED1D0AB5EEC00AF1EE99
:10F4700010FA02DD90ED1D0A04E04F4890ED1D0AE0
:10F48000B1EE400AF2EE040AB4EEE00AF1EE10FA30
:10F4900005D8B2EE000A4F4880ED000A40E0464829
:10F4A00090ED1D0AB5EEC00AF1EE10FA02DD90ED06
:10F4B0001D0A04E0404890ED1D0AB1EE400AF3EE4B
:10F4C000040AB4EEE00AF1EE10FA05D8B1EE040A2F
:10F4D000404880ED000A23E0374890ED1D0AB5EE64
:10F4E000C00AF1EE10FA04DD90ED1D0A06E021E0FD
:10F4F0001DE0314890ED1D0AB1EE400ADFED360AFD
:10F50000B4EEE00AF1EE10FA05D8B0EE080A314880
:10F5100080ED000A04E0B7EE000A2E4880ED000AF4
:10F520002C4890ED000A2A4880ED010A02E00120F3
:10F530002349087022480078012825D11F48007807
:10F5400001280FD102201D4908709FED1E0A204896
:10F5500080ED000A9FED1B0A80ED010A0120F6F7FD
:10F560009FFC26E015480078022822D10020F6F7FB
:10F5700097FC0020194981F83000194890ED260ABF
:10F58000084680ED060A14E01148D0ED010A90ED1E
:10F59000000AF7F7EDF80020104981F8300006481E
:10F5A00090ED1D0AF8EE080A20EE200A084680EDCC
:10F5B000060A10BDF40D00207C630020F30D00202E
:10F5C000F60D002000000000C05F0020CDCCCC3D37
:10F5D000B00D0020F80D002000004842F462002029
:10F5E000B026002070B52DED088B04460D46F0EED8
:10F5F000408AB0EE609AB0EE418A9FED5C0AF0EE70
:10F60000409A9FED5A0AB0EE40AA9FED590AF0EEDB
:10F61000409A9FED580AB0EE40AADFED570A69EE16
:10F62000A00AB0EE600AE8F731FFDFED540A80EE81
:10F63000801A534880ED001ADFED4F0A6AEE200A67
:10F64000B0EE600AE8F722FFDFED4E0A80EE801A86
:10F650004D4880ED001A50204C4908803C204C4910
:10F6600008809FED420AF0EE40AA9FED400AB0EEFE
:10F6700040BA46480088001B00EE100AB8EEC00AE7
:10F680003F48D0ED000A80EE201AF0EE41BAB0EE0D
:10F690006B0A08F071FAF0EE40AA3D480088401B62
:10F6A00000EE100AB8EEC00A3748D0ED000A80EE2E
:10F6B000201AF0EE41BAB0EE6B0A08F05DFAB0EE37
:10F6C00040BA9FED2D1AF0EE6A0A49EE010AB0EE3B
:10F6D000600AE8F7DBFE2A48D0ED000A20EE200A97
:10F6E0002C4880ED000A9FED241AF0EE4B0A48EEFC
:10F6F000810AB0EE600AE8F7C9FE2348D0ED000A9F
:10F7000020EE200A244880ED000AB6EE000A28EE1A
:10F71000000A2048D0ED000A20EE200A1848D0ED5B
:10F72000000A80EE201A1D4880ED001AB6EE000A8D
:10F7300028EE000A1848D0ED000A20EE200A1248F0
:10F74000D0ED000A80EE201A154880ED001A13480B
:10F7500090ED000A134880ED170A114890ED000A59
:10F76000104880ED180ABDEC088B70BD0000000049
:10F7700048E1E241AE47B04135FA8E3C0000A0427C
:10F78000740E002000007042780E00207C0E0020D5
:10F790007E0E0020800E0020840E0020880E0020A7
:10F7A0008C0E00207C63002070B504460D4629466F
:10F7B000204602F041FB70BD2DE9F04107460E46A0
:10F7C00014464FF0000816B1012E0ED106E0C4F326
:10F7D0008F352946384605F01CFD09E0C4F34F2556
:10F7E0002946384605F00DFD02E06FF0030800BF22
:10F7F00000BF4046BDE8F0812DE9F04389B00646E0
:10F800000C46904699460025032C01D0082C01D1C6
:10F81000402700E0202708AA41462046E3F7C2FD22
:10F8200005465DB904A805A906AB07AACDE90010F5
:10F830009DF82010304603F0AFFF054665B9DDE9BD
:10F8400004108DE80302BDF81C209DF820103046FE
:10F85000069B05F0E6FC054605B9B7700DB986F8BC
:10F860007C43284609B0BDE8F08300002DE9F04F45
:10F8700089B006468A4693461D46129C0020089091
:10F880006868206095F83E0000F01F072A46394658
:10F890005046E3F7C1FD6071A88D400202900298C6
:10F8A000A060288E400203900398E060288A20829E
:10F8B000288F4FEA4028C4F81480A88F20830020A6
:10F8C000A076BBF1030F10D006DCBBF1010F0BD00B
:10F8D000BBF1020F0FD106E0BBF10D0F08D0BBF159
:10F8E000110F08D100BF00BF00BF0520E07605E082
:10F8F0000D20E07602E00020E07600BF00BFE07E51
:10F9000018B93846E4F7E8FEE076288F4FEA402839
:10F91000C6F89083A88D4FEA4028C6F8948301AAC0
:10F920000021304603F00CF8062F01D1012000E041
:10F930000020079005AA0021304602F0F3FF9DF851
:10F940001400012803D10798012800D100E000200D
:10F95000049040F286310498885501AA012130466E
:10F9600002F0EEFF042F01D1012000E000200690FC
:10F9700005AA0121304602F0D5FF9DF814000128A8
:10F9800003D10698012800D100E0002004900499DA
:10F9900086F88713B4F91890E07E58B9B9F1000FD2
:10F9A00008DA06484068484502DD0E20E07601E0AE
:10F9B00000202083089809B0BDE8F08F00000020E7
:10F9C00010B52DED068BF0EE409AF0EE608A0446FD
:10F9D00089EEA80AB0EE40AA9FED2C0AC0EE0A0AF2
:10F9E000F0EE60AAB0EE6A0A07F08CF9B0EE408A39
:10F9F0009FED270A06F0FCFEF0EE000A60EE200AFA
:10FA0000B7EE000A00EE880A08EE080AB0EE409A47
:10FA1000F5EEC08AF1EE10FA02D8BDEC068B10BDEF
:10FA200028EE080AC0EE090AC4ED030A94ED030AA1
:10FA3000F0EE000A20EE200A84ED040A94ED030A99
:10FA400084ED050AB7EE000A84ED000AB7EE000A5D
:10FA500018EE080AF0EE000A20EE200AC0EE090AAD
:10FA6000C4ED010A9FED0A0A06F0C2FEF0EE000A9C
:10FA700060EE200AB7EE000A00EEC80A08EE080A97
:10FA8000C0EE090AC4ED020A00BFC6E7DB0F494019
:10FA9000DB0F493F10B532480078B0B931480088D3
:10FAA000092812DB304890ED000AF7EE080AB4EEA0
:10FAB000E00AF1EE10FA08D82C480088322804DC5D
:10FAC0002A480088401C2949088025480078E0BB66
:10FAD00026480088322842D1254800682549086018
:10FAE00025480068486001201D49087021480068C9
:10FAF000224988601F48406848602148D0ED000ACC
:10FB0000B0EE600ADFED1F0A01211F4800F04EF938
:10FB10001B48D0ED010AB0EE600ADFED1A0A02219F
:10FB2000194800F043F9154890ED021AB8EEC11AD1
:10FB3000DFED161A21EE211AF0EE410A90ED011ABE
:10FB4000B8EEC11ADFED111A00E008E021EE211A2B
:10FB5000B0EE410A08F064FC0D4880ED000A10BDCB
:10FB6000DC0B00201402002034020020680C00206E
:10FB7000C0010020D40B0020C4010020EC53002061
:10FB8000E053002000000000084C002095BFD63351
:10FB9000E00B002010B54FF4164002F0F9FA10BD4A
:10FBA00010B5144800F086FA134814490860144848
:10FBB000006840F004001249086000200F49086006
:10FBC0000D4808600E48006840F008000C490860C5
:10FBD00000200A4908600748801C00F06BFA0421E5
:10FBE0000848E9F7C3FA002204210648E9F709FBAF
:10FBF00010BD0000020800F04B434F4C2065004050
:10FC0000206400400040024010B5044612480078CD
:10FC100028B9002204211148E9F7F3FA10BD104871
:10FC20000088401C0E49088008460088642801DBD3
:10FC3000002008800A480088A04205DC0422114602
:10FC40000648E9F7DEFA04E0002204210348E9F758
:10FC5000D8FA00BFE2E70000F80A002000400240A6
:10FC6000640F002070B504460D462946204608F072
:10FC700081FE70BD70B504460D462946204608F049
:10FC8000E1FD70BD70B504460D4616463246294664
:10FC9000204608F0F1FE70BD70B504460D461646CC
:10FCA00032462946204608F007FE70BD70B504466E
:10FCB0000D4604E014F8011B034802F006F8281E64
:10FCC000A5F10105F6D170BD0000014038B5284806
:10FCD00000F0C2FF264890ED020ADFED260A80EE12
:10FCE000201A254880ED001A90ED000ADFED230A66
:10FCF000B4EEE00AF1EE10FA0CDC90ED000ADFED54
:10FD0000200AB4EEE00AF1EE10FA03D3006806F020
:10FD1000E3F820B19FED1B0A174880ED000A1A484E
:10FD20000078012819D1F4F7F3FB1848009018481F
:10FD300090ED060AF0EE400A00230F48D0ED001ABD
:10FD4000144890ED001A144A144915480088154CBF
:10FD500094ED000AECF75EF909E0E1F711FD0C48BB
:10FD600090ED060AB1EE400A0F4880ED000A38BD5A
:10FD7000C453002000007A44D00B00203008AC3B74
:10FD8000E3A59B3B0AD7A33B620F0020CC0B0020CE
:10FD90002C4F0020900B0020780B0020084C0020F6
:10FDA000C20B0020C80B0020B052002010B500226A
:10FDB00000EB810383ED000A00F10C0303EB8103E8
:10FDC000C3ED000A9FED201A00F1180303EB810335
:10FDD00083ED001A9FED1C1A00F53D7303EB8103C0
:10FDE00083ED001A13220BE001EB810400F12403E0
:10FDF00003EB041303EB820383ED000A531E9AB254
:10FE0000002AF1DC01EB810400F1240303EB04136D
:10FE100083ED000A13220BE001EB810400F58A73E5
:10FE200003EB041303EB8203C3ED000A531E9AB2E3
:10FE3000002AF1DC01EB810400F58A7303EB041363
:10FE4000C3ED000A10BD0000000000000248006879
:10FE5000401C0149086070477403002070B53C489D
:10FE6000036E016F01F0004010B101F0700001E07D
:10FE700003F03000202811D003DC38B1102815D150
:10FE80000AE030280CD0702810D10CE03148C3F3C0
:10FE9000841650F826200BE02F4A09E02F4A07E08D
:10FEA00047F2305204E04FF4004201E0002070BD00
:10FEB00000BF01F0004010B101F4006028B101F072
:10FEC0000040E0B903F40060C8B92548056820483F
:10FED000D0F8644104F01F00401CC4F30426761CD3
:10FEE00010FB06F04000B2FBF0F2C5F309005043EE
:10FEF000C5F38926564300EB962243F4800303F4AE
:10FF0000800018B301F00040D8B101F0804090B1FA
:10FF100001F0004010B101F4006028B101F0004090
:10FF200048B903F4006030B95600C1F38650401C54
:10FF3000B6FBF0F20AE0C1F3C550401CB2FBF0F290
:10FF400004E0C3F3C350401CB2FBF0F21046AEE72E
:10FF500000E00F40BCEC02000024F40000093D006A
:10FF600060E10F402DE9F04106464948056E046FF7
:10FF700045F4006525F4800544F4006405660467D3
:10FF800005F0010010B306F00100F8B966F00100B9
:10FF900005403F48056604F0004038B104F07000A9
:10FFA00030280AD004F07000702806D004F0004019
:10FFB00040B905F03000302804D14FF48050E0F70C
:10FFC000E7F903E04FF40020E0F7E2F925F4FE65DD
:10FFD00006F4FE6005432F4804402E49A13106EA8D
:10FFE0000100044306F0080044EAC00428480566FE
:10FFF00004671020E0F7CCF925F4005506F4005012
:020000040002F8
:10000000054324F4005406F40050044340202049E2
:10001000886504F0004018B108460467056602E0F0
:100020001B48056604671C480540C14306EA0100F9
:10003000054324F0FC5406F0FC50044306F08040D5
:1000400040B145F4800524F48004144906EA010017
:10005000044301E024F0804406F4006080B94FF4CA
:10006000004706E00A48006D00F0400000B102E0E1
:100070007F1E002FF6D100BF25F4006524F4006434
:100080000348056604671020E0F782F9BDE8F081B7
:1000900000E00F408FFFFF7FFEFF3FF80000404071
:1000A0000349096E21F4F0110143014A11667047BA
:1000B00000E00F4010B50121C0F30722094B1A449C
:1000C00002F0704242F00072C0F30723054C234453
:1000D000C3F3130342EA4312C3B242EA830211603C
:1000E00010BD000000E60F400146C1F307200B4A97
:1000F000104400F0704040F00070C1F30722074B3D
:100100001A44C2F3130240EA4210CAB240EA820023
:10011000006808B1012070470020FCE700EA0F40AA
:1001200018B50121C0F30722184B1A4402F070429F
:1001300042F00072C0F30723144C2344C3F31303AB
:1001400042EA4312C3B242EA8302116000210091E5
:1001500002E00099491C009100991029F9D300216F
:10016000C0F30722094B1A4402F0704242F00072B9
:10017000C0F30723054C2344C3F3130342EA43129D
:10018000C3B242EA8302116018BD000000E50F40CF
:100190004FF0E020006940F005004FF0E0210861D9
:1001A00070474FF0E020006940F002004FF0E0217E
:1001B0000861704710B5044621460F20EBF70CFF8D
:1001C0004FF0E020006940F002004FF0E0210861AC
:1001D00010BD4FF0E0204069401C7047411E4FF0B9
:1001E000E022516170474FF0E020806970470000C5
:1001F00010B50848FFF7B6FEE7F7ECFBE7F7F4FBAE
:1002000008F084FCE6F752FEEBF7B6FE0320EBF7AE
:10021000BBFE10BD400500C110B500227648008825
:10022000401C754908800846008814287DDB0020A2
:10023000088072484088724908800846008809286A
:1002400003DA09206F49088002E000206D49088028
:100250006C49088899E06949891D095C592965D16B
:100260006649891D431CC95C59295FD1014606E0D6
:10027000624B9B1D5B5C1344DAB24B1C99B200F1DC
:1002800008039942F4DB5D49891DC95C91427AD12A
:100290005D4991ED040A81ED090A91ED000A81EDB5
:1002A000040A91ED060A81ED080A5449891D831C50
:1002B000CC5CC31CC95C04EB012100EE101AB8EE43
:1002C000C00AF7EE000A80EE201A4F4981ED001AAD
:1002D0004A49891D431DCC5C031DC95C04EB012107
:1002E00000EE101AB8EEC00A474981ED010A4349F1
:1002F000891DC31DCC5C831DC95C04EB012100EE8C
:10030000101AF8EEC00AB2EE001A80EE810ADFED94
:100310003F0A30EE600A3C4981ED020A91ED000A85
:10032000D1ED040A30EE600A01E064E02BE0DFED7D
:10033000380A80EE201A81ED061A91ED060AD1EDF9
:10034000080A30EE600ADFED320A80EE201A81EDF5
:10035000071A91ED000A2F49D1ED080A20EE200A74
:100360002D4981ED000A284991ED060A2B4981EDBE
:10037000000A254991ED070A294981ED000A01216A
:10038000284B83F86B10411C88B21E49098809313B
:100390008842FFF660AF1C4890ED010ADFED220AAB
:1003A000B4EE600AF1EE10FA22D090ED010ADFED12
:1003B0001F0AB4EEE00AF1EE10FA19DB90ED000A24
:1003C000DFED1B0AB4EEE00AF1EE10FA0CD890ED66
:1003D000000AF7EE000AB4EEE00AF1EE10FA03DDCF
:1003E00001201449087106E000201249087102E05A
:1003F00000201049087110BD960800201E2F002013
:1004000090080020940800205C3700200000804302
:10041000CDCCCC3D74280020B8030020BC030020C4
:10042000C00300200028002000FF7F470000C842D2
:1004300000808944F80A002010B52DED028B284871
:1004400000F00AFCFDF734FAEBF7A6F9F3F792FE99
:10045000E9F78EFBF5F702FCE8F746FFECF70AF93F
:10046000E9F778FE00F06AF9E2F7A4FAE2F792FA07
:1004700000F088FB1B480088E1F7DCFEE0F7C2FAD9
:10048000FDF7B8F9E0F764FAE1F722FE1648EEF757
:1004900071F81648EEF76EF81548EEF76BF8F2F7BC
:1004A00067FD144800F0D8FB124890ED010A0C4893
:1004B000D0ED010A30EE600AB0EE408A0E4890EDB1
:1004C000000AB4EEC80AF1EE10FA01D280ED008AFB
:1004D00001210A4801F0AFF8BDEC028B10BD00000D
:1004E00000290020920100205C3F0020783F00207E
:1004F000943F0020102900209803002000000340B2
:1005000010B52DED028B174800F0A6FB00F066FA3F
:10051000154991ED0C0ABCEEC00A10EE101A88B213
:10052000FFF772FB09F030FC104800F095FB0F4814
:1005300090ED010A0B48D0ED010A30EE600AB0EEF2
:10054000408A0B4890ED000AB4EEC80AF1EE10FAAA
:1005500001D280ED008A0121064801F06CF8BDEC63
:10056000028B10BD202900201061002030290020BE
:100570009C0300200010034010B5074800F06CFBFE
:10058000F1F78EF909F0D4FA04480BF0B5FF012118
:10059000034801F050F810BD40290020B20A0020A5
:1005A00000200340F0B5024600240020002304E0B0
:1005B000D55C2544ECB25D1CEBB24D1E9D42F7DCD0
:1005C000531813F8013CA34200D0F0BD1378572B09
:1005D00001D1537803B1F8E7D07800EB4003554DD3
:1005E00005EB031393ED070A00EB400305EB031340
:1005F00083ED080A00EB400305EB031393ED060AB5
:1006000000EB400305EB031383ED070A00EB400307
:1006100005EB031393ED090A00EB400305EB03130D
:1006200083ED0B0A00EB400305EB03135B6800EB63
:100630004005404E06EB05156B61D37800EB400595
:1006400006EB05156B701379557943EA0523957907
:1006500043EA0543D57943EA056300EB400506EB21
:1006600005156B60157A2D02567A45EA0645967A8D
:1006700045EA0663DD1703EB15652D1200EB400616
:100680002C4F07EB0616B560D37A00EB40053E46CB
:1006900006EB05152B73137B557B43EA052300EB13
:1006A000400506EB0515EB8100EB4003354605EBF5
:1006B000031393ED020AB8EEC00AF2EE040A80EECC
:1006C000201A00EB400305EB031383ED061A00EB41
:1006D000400305EB031393ED060A00EB400305EB23
:1006E0000313D3ED070A30EE600ADFED130A80EE44
:1006F000201A00EB400305EB031383ED091A00EB0E
:10070000400305EB031393ED090A00EB400305EBEF
:100710000313D3ED0B0A30EE600ADFED070A80EE1B
:10072000201A00EB400305EB031383ED0A1A00BF08
:100730004BE70000283D0020CDCCCC3D70470000A9
:1007400010B504463948007850B9572C08D101201B
:100750003649087036480470364800F07DFA63E088
:1007600032480078012806D12CB902202F490870A0
:100770002F48447058E02D480078022807D1FF2CFC
:1007800005D1032029490870294884704CE0274886
:10079000007803280DD1FF2C0BDC042023490870BE
:1007A0002348C4700B202449087000202349087096
:1007B0003AE01E480078042819D11F480078002824
:1007C00015DD1D480078401E1B4908701B48007845
:1007D0001A490978491C194A1170001D14490C5412
:1007E0001548007800BB0520104908701CE00F4830
:1007F0000078052815D100200C4908700F480078B2
:100800000E490978491C0D4A1170001D08490C5405
:1008100010210748FFF7C6FE0648103000F01CFA0A
:1008200002E000200149087010BD0000F00900201E
:10083000143D0020F43C0020EE090020EF090020C8
:1008400010B546480088801E132836D2DFE800F035
:100850000A350E35123516351A351E352235263530
:100860002A352E000020F3F755FC27E00120F3F78E
:1008700051FC23E00220F3F74DFC1FE00320F3F7C7
:1008800049FC1BE00420F3F745FC17E00520F3F7D3
:1008900041FC13E00620F3F73DFC0FE00720F3F7DF
:1008A00039FC0BE00820F3F735FC07E000202B496A
:1008B00008800920F3F72EFC00E000BF00BFE2F73C
:1008C000F5F827480088401C25490880084600881C
:1008D00014281CDB00200880224890ED060A2248DC
:1008E000D0ED080A20EE200A204880ED000A1D48BD
:1008F00090ED090A1E4880ED000A1A4890ED0A0A98
:100900001C4880ED000A01201B4981F86C001B483F
:10091000008800EE100AB8EE400ADFED190A20EE5A
:10092000200A1248D0ED000AB4EEE00AF1EE10FA07
:100930000FDB90ED000ADFED130AB4EEE00AF1EEF2
:1009400010FA06DD0748C08918B101200E49087168
:1009500002E000200C49087110BD0000F2090020DF
:10096000F4090020283D002074280020B80300204E
:10097000BC030020C003002000280020DE09002066
:100980009A99593F0AD723BCF80A002000B50E48AF
:10099000F7F7A8F80D48F7F7A5F80D48F7F7A2F80C
:1009A0000A48A838F7F79EF80748A838F7F79AF8E2
:1009B0000548A830F7F796F80648F7F793F8064881
:1009C000F7F790F800BD0000905600204055002039
:1009D000E0570020805A0020D05B002010B5154859
:1009E0000088401C134908809FED130A134880EDCE
:1009F000010A134890ED1C0A104880ED020A0846CF
:100A00000088142815DB9FED0F0A0C48F6F7ACFAA6
:100A10000A48D0ED0C0AB0EE600A9FED0B1ADFED2C
:100A20000B0A06F047FF054880ED0C0A002001493B
:100A3000088010BD660F00200000484210610020B1
:100A4000002800200AD7A33C0000C8420000000094
:100A5000494890ED000ABCEEC00A10EE100A474962
:100A600091F8781C60F30001444880F8781C4248F3
:100A700090ED010ABCEEC00A10EE100A3F4991F851
:100A8000781C60F341013D4880F8781C3A4890EDAD
:100A9000020ABCEEC00A10EE100A384991F8781C20
:100AA00060F38201354880F8781C334890ED030AE2
:100AB000334880ED010A304890ED040A304880ED5B
:100AC000020A2D4890ED050A2D4880ED030A2A48B8
:100AD00090ED060A2A4880ED040A274890ED070A9F
:100AE000274880ED050A244890ED080A244880ED47
:100AF000060A214890ED090A214880ED070A1E48A0
:100B000090ED0A0A1E4880ED080A1B4890ED0B0A7A
:100B10001B4880ED090A184890ED0C0A184880ED32
:100B20000A0A154890ED0D0A154880ED0B0A124887
:100B300090ED0E0A124880ED0C0A0F4890ED0F0A56
:100B40000F4880ED0D0A0C4890ED100A0C4880ED1E
:100B50000E0A094890ED110A094880ED270A064857
:100B600090ED120A064880ED280A034890ED130A1A
:100B7000034880ED290A7047E01C030098540020C8
:100B80001061002000B500F049F801280DD11D4882
:100B90000088401C1B49088008460088B0F5C87FC3
:100BA0000ADB01201849087006E01649088800EBA6
:100BB000D0714910134A118014480088B0F5C87FDD
:100BC0001ADA134890ED110AD0ED100AB4EE600A5B
:100BD000F1EE10FA05D10D480088401C0B49088041
:100BE00006E00A49088800EBD0714910074A1180D5
:100BF00001200849087004E00020064908700649F1
:100C0000088000BD680F0020620F00206A0F0020DE
:100C100000280020F80A0020240300200D4890ED51
:100C2000030AB5EEC00AF1EE10FA02DD90ED030AF8
:100C300004E0084890ED030AB1EE400AF0EE000A25
:100C4000B4EEE00AF1EE10FA01D80120704700205E
:100C5000FCE700001061002010B5044694ED010A85
:100C600084ED000A09F0CEF900EE100AB8EE400A51
:100C7000DFED0C0A80EE201A84ED011A94ED010AD2
:100C8000D4ED000A30EE600A84ED020A94ED020A07
:100C9000F6EE000A30EE200ABCEEC00A10EE100A92
:100CA000A08110BD00007A4400B52DED060B2DED9E
:100CB000028B85B0F0EE408A9FEDF41AF1EE040A43
:100CC000B0EE680A06F0F6FDB0EE408A0020019012
:100CD0000290EF48007801287ED1EE48007B012881
:100CE0007AD19DED0A0A20EE080AEB4880ED000A51
:100CF0009DED0B0A20EE080A80ED010AE74890ED11
:100D0000000AE548D0ED000A9FEDE51A00EE810AE1
:100D1000E24880ED000A90ED010ADF48D0ED010ABB
:100D20009FEDDF1A00EE810ADC4880ED010A002009
:100D3000D7490870D94890ED000ADA48DA4909889D
:100D400000EB8100D0ED000A30EE600AD74880ED5C
:100D5000000AD24890ED010AD2485030D2490988A1
:100D600000EB8100D0ED000A30EE600ACF4880ED44
:100D7000010AC94890ED000ACA48F030CA490988FA
:100D800000EB8100D0ED000A30EE600AC84880ED2B
:100D9000000AC14890ED010AC648C349098800EB22
:100DA0008100D0ED000A30EE600AC14880ED010AF2
:100DB000D0ED000AB0EE600A9FEDBF1ADFEDBF0A6A
:100DC00006F078FDBA4880ED000AD0ED010AB0EED9
:100DD000600A9FEDB91A00E006E0DFEDB80A06F000
:100DE00069FDB34880ED010AB04890ED000A8DED31
:100DF000030A90ED010A8DED040AB14890ED020A54
:100E0000DDED030AAF4890ED001A60EE810A9FED18
:100E1000AE1A00EE810AAA4880ED020A90ED050A9A
:100E2000DDED040AA74890ED001A60EE810A9FEDFF
:100E3000A61A00EE810AA24880ED050AD0ED020A4A
:100E4000B0EE600A9FEDA11ADFEDA10A06F032FDB7
:100E50009B4880ED020AD0ED050AB0EE600A9FEDD6
:100E60009B1ADFED9B0A06F025FD954880ED050AEB
:100E70008F4890ED000A9748D0ED000A20EE200A36
:100E8000DFED910A20EE200A8D4880ED010A8848A6
:100E900090ED010A8F48D0ED000A20EE200ADFED28
:100EA0008A0A20EE200A864880ED040A9DED030A96
:100EB0008948D0ED000A20EE200ADFED830A20EEFB
:100EC000200A7F4880ED000A9DED040A8248D0ED9B
:100ED000000A20EE200ADFED7C0A20EE200A784886
:100EE00080ED030A9DED080AB1EE400A7B4880EDD3
:100EF000000A9DED090A80ED010A90ED000A704894
:100F0000D0ED020A30EE200A6648743880ED070AF8
:100F1000724890ED010A6A48D0ED050A30EE200AC9
:100F20006048743880ED080A90ED070ADFED660A24
:100F300020EE200A8DED010A90ED080ADFED620A2D
:100F400020EE200A8DED020A90ED040ADFED5E0A24
:100F500020EE200ADDED010AB6EE001A60EE810AED
:100F60009FED591A00EE810A5548D0ED000A30EE87
:100F7000200A4C487438D0ED010A30EE200A80ED8A
:100F8000010A90ED050ADFED500A20EE200ADDEDA2
:100F9000020AB6EE001A60EE810A9FED4B1A00EECF
:100FA000810A4748D0ED030A30EE200A3D487438E4
:100FB000D0ED020A30EE200A80ED020A9DED010A12
:100FC0003F48D0ED010A30EE200A36487438D0EDA3
:100FD000040A30EE200A80ED040A9DED020A38482A
:100FE000D0ED040A30EE200A2E487438D0ED050A00
:100FF00030EE200A80ED050A13202EE0421E29491A
:10100000503101EB820191ED000A2649503101EB8C
:10101000800181ED000A234901EB820191ED000A74
:10102000204901EB800181ED000A224901EB820198
:1010300091ED000A1F4901EB800181ED000A1D4975
:10104000503901EB820191ED000A1A49503901EB48
:10105000800181ED000A411E88B20028CEDC1148D3
:10106000743890ED020A80ED310A90ED010A80EDAE
:101070001D0A90ED050A80ED6D0A90ED040A80EDE1
:10108000590A05B0BDEC028B06B000BD00401C46FD
:10109000F50E0020D8640020040F0020FC0E002074
:1010A0000AD7A33CD46600201C0F0020140F002098
:1010B0000C0F00201468002000004843000048C3C3
:1010C000B86C0020300F00200AD7A33B0000484234
:1010D000000048C2340F0020380F0020280F0020E5
:1010E00028480078284908702848B0F900002849A5
:1010F0000988884203DC0020224908700DE023485B
:10110000B0F9000023490988884203DC01201D4909
:10111000087002E002201B4908701A48007838B9AC
:1011200019480078012803D100201B490870704736
:1011300014480078012806D11348007818B9012016
:1011400015490870F3E70F480078022807D10E48C8
:101150000078012803D102200F490870E7E7094809
:101160000078012807D108480078022803D103201D
:1011700009490870DBE70020074908700846007835
:10118000D5E70000210D0020220D002040030020A3
:10119000160D0020180D0020230D00200021124AFA
:1011A0001180028C418C511A104A1180038C428CA0
:1011B000991A01EBD172C2F34F020D4B1A800D4AFE
:1011C000118801EBD1721B88A3EB62020A4B1A80D3
:1011D000084A118801EBD172054B1B8803EB6202B0
:1011E000064B1A80704700001C0D00201A0D0020CD
:1011F0001E0D0020140D0020160D0020180D0020DB
:1012000010B52DED048B834890ED0D0AD0ED0C0A3E
:1012100020EE200AB5EEC00AF1EE10FA06DD90EDE0
:101220000D0AD0ED0C0A20EE200A06E0794890ED78
:101230000D0AD0ED0C0A20EE600AB0EE408A9FED58
:10124000769ADFED758A9FED750AB4EEC08AF1EEED
:1012500010FA03DB9FED710AB0EE408A9FED700A31
:10126000B4EEC08AF1EE10FA03D89FED6D0AB0EE2D
:10127000408AB6EE000AB4EEC08AF1EE10FA03D846
:10128000B6EE000AB0EE408A6648008840F21A4185
:1012900088427DDB5F4890ED170ADFED630A20EEA0
:1012A000200AB5EEC00AF1EE10FA06DD90ED170A3D
:1012B000DFED5D0A20EE200A06E0564890ED170AA1
:1012C000DFED590A20EE600A5248D0ED180A9FED72
:1012D000561A60EE810AF5EEC00AF1EE10FA06DD4C
:1012E000D0ED180A9FED501A60EE810A06E04948D9
:1012F000D0ED180A9FED4C1A60EEC10AB4EEE00A78
:10130000F1EE10FA1ADD434890ED170ADFED460AB8
:1013100020EE200AB5EEC00AF1EE10FA06DD90EDDF
:10132000170ADFED410A20EE200A21E0394890ED4E
:10133000170ADFED3D0A20EE600A19E0354890ED0E
:10134000180ADFED390A20EE200AB5EEC00AF1EEE8
:1013500010FA06DD90ED180ADFED330A20EE200AC0
:1013600006E02C4890ED180ADFED2F0A20EE600A07
:10137000BCEEC00A10EE100A80B200EE100AB8EE01
:10138000400AF0EE408ADFED290A70EEE80A00E03C
:1013900038E0B0EE600A9FED261ADFED1F0A06F076
:1013A00089FADFED230A68EE200A80EE201AF0EEBB
:1013B000418A1C480088A0F21A4000EE100AB8EEDC
:1013C000C00A20EE280AB0EE409A9FED1A0A39EEC4
:1013D000000ABCEEC00A10EE100A174908809FED03
:1013E000171ADFED140A0846008800EE100AB8EE5E
:1013F000400A06F05FFABCEEC00A10EE100A0E4971
:10140000088003E0074800880B490880BDEC048B86
:1014100010BD00007428002000000000EFFF7F3F97
:10142000BD378635380E00200000C84200A00C46AB
:1014300000803B45004083443A0E00200000FA44FF
:1014400000B51648F6F74EFB1548F6F74BFB144867
:10145000A838F6F747FB0C211048F6F74BFB9FED39
:10146000110A0E4880ED010A9FED0E0A80ED020A76
:101470009FED0C0A80ED030A9FED0A0A80ED040A35
:101480009FED080A80ED070A9FED060A80ED0C0A21
:101490009FED040A80ED0D0A00BD0000785C00207D
:1014A000305900200000000010B5124800680128E3
:1014B00004D140F2B630FCF7C3FF15E00D480068D8
:1014C000022804D140F2E240FCF7BAFF0CE00948E0
:1014D0000068032804D140F2DC50FCF7B1FF03E0C0
:1014E0004FF4FA70FCF7ACFF02480068401C014959
:1014F000086010BD1810002010B51348FEF7DAFD83
:101500002221124800F060F8FEF7A8FCC821B0FBC9
:10151000F1F42246FF210D4800F0A6F82320EAF757
:10152000E9FC0121094800F088F8094AFF21074831
:1015300000F087F8FF21054800F076F8C02123204D
:10154000EAF730FD10BD0000000400F00000034089
:101550003904020010B51348FEF7ACFD22211248F1
:1015600000F032F8FEF77AFC6421B0FBF1F4224679
:10157000FF210D4800F078F82720EAF7BBFC012195
:10158000094800F05AF8094AFF21074800F059F8C5
:10159000FF21054800F048F8E0212720EAF702FD86
:1015A00010BD0000020400F0002003407905020095
:1015B00010B5EAF7D9FCFFF79FFFFFF7CBFFFDF768
:1015C000EFFEEAF7D9FC10BDC26840F201139A435E
:1015D000C2600A0E0260114A1268114B1A40114B88
:1015E0009A4211D1CAB201F4702342EA131242F4B2
:1015F0000072426001F47002C1F3072343EA122231
:1016000042F40072826008E0CAB242F400724260A2
:10161000C1F3072242F400728260704700E00F407D
:101620000000FF7000000A10C26840F201130B4076
:101630001A43C26070474162704782690A438261FF
:1016400070472DE9F04105460E46144631462846BE
:1016500004F0A2FB074621463846EAF7BDFC3846AF
:10166000EAF748FCBDE8F081CBB203B1826201F435
:101670007F4303B1C262704710B53A480088401CEE
:10168000384908800846008814284CDB0020088070
:10169000354890F85900012842D13449087000209B
:1016A00033490870304981F859009FED320A3248B9
:1016B00080ED010A084690ED170A2F4880ED020AD6
:1016C000084690F856109FED2D0A2B48F5F7D0FEEE
:1016D0009FED280A2848A83080ED010A224890EDA5
:1016E000180A2548A83080ED020A1F4890F85610C5
:1016F0009FED220A2048A830F5F7BAFE1E4890ED6B
:101700000C0AB1EE400A1E4880ED000A1A48A830C3
:1017100090ED0C0AB1EE400A194880ED010A02E092
:1017200001201349087012480078012812D10F488F
:101730000078012806D102200C4908700120F4F736
:10174000AFFB0EE00948007802280AD10020F4F728
:10175000A7FB06E00A48D0ED010A90ED000AF5F774
:1017600007F810BDEC0D00207C630020EB0D00207D
:10177000EE0D002000000000C05F0020CDCCCC3D6D
:10178000B00D002010B53A480088401C3849088048
:101790000846008814284CDB00200880354890F863
:1017A0005900012842D1344908700020334908709B
:1017B000304981F859009FED320A324880ED010A24
:1017C000084690ED170A2F4880ED020A084690F867
:1017D00056109FED2D0A2B48F5F74AFE9FED280A7B
:1017E0002848A83080ED010A224890ED180A2548C3
:1017F000A83080ED020A1F4890F856109FED220A8B
:101800002048A830F5F734FE1E4890ED0C0AB1EEE2
:10181000400A1E4880ED000A1A48A83090ED0C0AD4
:10182000B1EE400A194880ED010A02E00120134997
:10183000087012480078012812D10F48007801285A
:1018400006D102200C4908700120F4F729FB0EE0B4
:101850000948007802280AD10020F4F721FB06E0AD
:101860000A48D0ED010A90ED000AF4F781FF10BD9F
:10187000E40D00207C630020E30D0020E60D002035
:1018800000000000C05F0020CDCCCC3DB00D00209A
:1018900010B50F480088401C0D4908800846008894
:1018A000012806DBEDF796FF08F0CEF80020084986
:1018B000088008480088401C0649088008460088BF
:1018C000012804DBE0F71AFA00200249088010BD65
:1018D000420E0020440E002010B500213848F6F7D3
:1018E00047F801213648A830F6F742F8022135487A
:1018F000F6F73EF803213348A830F6F739F804210B
:101900003148F6F735F805212F48A830F6F730F8BA
:1019100006212E48F6F72CF807212C48A830F6F7B8
:1019200027F808212A48F6F723F809212848A83083
:10193000F6F71EF80A212748F6F71AF80B21254872
:10194000A830F6F715F80C212348F6F711F80D2109
:101950002148A830F6F70CF80E212048F6F708F8D1
:101960000F211E48A830F6F703F810211C48F5F7A0
:10197000FFFF11211A48A830F5F7FAFF1121194885
:10198000F5F7F6FF1848F2EE040A9FED180AFEF785
:1019900017F81748F1EE040A9FED160AFEF710F843
:1019A0001548F3EE040A9FED130AFEF709F81348F1
:1019B000F2EE0E0A9FED0F0AFEF702F810BD0000CE
:1019C00098540020E85500203857002088580020FF
:1019D000D8590020285B0020785C0020C85D0020DA
:1019E000185F002068600020805400200000C8427A
:1019F0006854002000004843505400203854002010
:101A000070B501210B4800F0CBF90546294609487D
:101A100000F0B1F907E0074800F04EF9C4B22046E3
:101A2000FCF702FF00BF034800F057F90028F2D18D
:101A300070BD000000C0004070B501210A4800F0F0
:101A4000AFF905462946084800F095F906E0064832
:101A500000F032F9C4B22046EDF7DCFF024800F096
:101A60003CF90028F3D170BD00D0004070B50121D1
:101A7000194800F095F905462946174800F07BF90A
:101A800024E0154800F018F9C4B21448008810B1D9
:101A9000012814D104E012492046EBF799FF13E026
:101AA000742210492046FCF7BFFD0E488079A52816
:101AB00004D001200B4908800020488004E0084938
:101AC0002046EBF785FF00BF00BF00BF024800F0D3
:101AD00004F90028D5D170BD00E000407401002059
:101AE0004C660020182B002070B501210B4800F037
:101AF00057F905462946094800F03DF907E007482F
:101B000000F0DAF8C4B22046FCF704FE00BF034838
:101B100000F0E3F80028F2D170BD000000F00040B2
:101B200070B50121094800F03BF9054629460748F0
:101B300000F021F904E0054800F0BEF8C4B200BF8F
:101B4000024800F0CAF80028F5D170BD000001403D
:101B500070B50121294800F023F905462946274898
:101B600000F009F943E02648008820B101280DD093
:101B7000022827D11EE0214800F09EF8C4B2214877
:101B8000028821492046FCF74FFD2FE01B4800F05A
:101B900093F8C4B21B4802881B492046FCF744FD59
:101BA00019488079B52804D0012017490880002001
:101BB00048801BE0114800F07FF8C4B22046EDF7E2
:101BC000D3FF13E00D4800F077F8C4B20D48028847
:101BD0000D492046FCF728FD0B488079B52804D034
:101BE0000120094908800020488000BF00BF034849
:101BF00000F073F80028B6D170BD0000002001404D
:101C000070010020EA030020502E002070B5012151
:101C1000264800F0C5F805462946244800F0ABF8F0
:101C20003EE023480078012809D1204800F044F81C
:101C3000C4B204221F492046FCF7F6FC30E01C48E1
:101C40000078022812D1194800F036F8C4B21222E6
:101C500018492046FCF7E8FC1648807959281FD01F
:101C60000120144908800020488019E010480078BD
:101C7000032815D10D4800F01FF8C4B220220D49E9
:101C80002046FCF7D1FC2046FEF75AFD0948807932
:101C9000572804D00120074908800020488000BF51
:101CA000024800F01AF80028BBD170BD0030014096
:101CB0008A0800201E2F0020014600BF886900F01E
:101CC00010000028FAD10868704700BF826902F04E
:101CD0002002002AFAD1016070470146886901227A
:101CE00022EA10107047C0F8C81F7047F0B50446CC
:101CF0000E4615461F46204600F01EF8B6EB051F9F
:101D000005D2206B40F0200020636D0803E0206BBB
:101D100020F020002063F000B0FBF5F0401C4308E9
:101D20009809606203F03F00A062E7620020A061B2
:101D3000204600F011F8F0BD00BF816901F00801F4
:101D40000029FAD1C16A21F01001C162016B40F291
:101D50000132914301637047C16A41F01001C162D1
:101D6000016B40F20132114301637047C16A21F0F7
:101D70001001C162704741647047826B0A438263FD
:101D8000704770B504460D46204604F031F806460B
:101D900029463046EAF720F93046EAF7ABF870BD3D
:101DA000024609B1106C7047D06BFCE72DE9F04199
:101DB00004460D461646154A52F824004FF080722C
:101DC000526C1169884708B9BDE8F081104850F895
:101DD0002400104908600D4A52F824004FF0807228
:101DE000526C916988474FF08070406960232A46A1
:101DF0003146476907480068B8474FF0807040692E
:101E0000C16904480068884700BFDDE7B8EF0200F9
:101E1000ACEF02001C00002070B504460D4604E043
:101E200014F8011B0348FFF750FF281EA5F1010518
:101E3000F6D170BD00C0004070B504460D4604E008
:101E400014F8011B0348FFF740FF281EA5F1010508
:101E5000F6D170BD00D0004070B504460D4604E0D8
:101E600014F8011B0348FFF730FF281EA5F10105F8
:101E7000F6D170BD00F0004070B504460D4604E098
:101E800014F8011B0348FFF720FF281EA5F10105E8
:101E9000F6D170BD0020014070B504460D4604E047
:101EA00014F8011B0348FFF710FF281EA5F10105D8
:101EB000F6D170BD003001404FF4807202FB001279
:101EC00000EE102AF8EEC00AB2EE041A80EE810A83
:101ED0007047000010B555210148FFF7F6FE10BD10
:101EE0000030014010B588480078401C86490870D1
:101EF0000846007814287DDBFFF7ECFF00208249BC
:101F000008708248408882490880084600888149D4
:101F10000988401A002805DD7D4800887D49098828
:101F2000401A04E07B48008879490988401A022851
:101F30006FD1794890ED050A80ED060A90ED040A0C
:101F400080ED050A7248008858B9704A517A107AB3
:101F5000FFF7B2FF704880ED040A01206F49087056
:101F60002EE06B48008801280BD1684A9179507A9D
:101F7000FFF7A2FF684880ED040A01206749087056
:101F80001EE06348008802280BD1604AD17990791D
:101F9000FFF792FF604880ED040A01205F49087056
:101FA0000EE05B48008803280AD1584A117AD0799C
:101FB000FFF782FF584880ED040A01205749087056
:101FC000554890ED070A80ED090A90ED040AD0ED1E
:101FD000050A30EE600ADFED520A80EE201A80ED2D
:101FE000071A90ED070AD0ED090A30EE600ADFED1E
:101FF0004C0A00E06EE080EE201A80ED081A90EDA9
:10200000070AB5EEC00AF1EE10FA03DD90ED070AFB
:1020100005E05BE0404890ED070AB1EE400ADFEDD5
:10202000410AB4EEE00AF1EE10FA48D23E480078D8
:1020300001280DD1384890ED040AD0ED060AB4EE1F
:10204000600AF1EE10FA03D101203749087039E037
:102050003548007801280DD12F4890ED040AD0EDC5
:10206000050AB4EE600AF1EE10FA03D101202E4900
:10207000087027E02C48007801280DD1264890ED03
:10208000050AD0ED060AB4EE600AF1EE10FA03D1AB
:1020900001202549087015E01F4890ED040A2348E7
:1020A00080ED000A1C4890ED070A214880ED000AE7
:1020B000194890ED080A1F4880ED000A02E001204F
:1020C0001949087001201C4981F86A0010480088ED
:1020D00010490880154890ED000ADFED180AB4EEAB
:1020E000E00AF1EE10FA0AD890ED000AB5EEC00A47
:1020F000F1EE10FA03DD01201149087102E0002021
:102100000F49087110BD0000D10300201E2F0020D0
:10211000CC030020CE03002050290020D003002053
:10212000CDCCCC3D00007A44D2030020B80300207F
:10213000BC030020C00300200028002000007043E2
:10214000F80A002010B51148008810B1012812D1FA
:1021500008E04FF49640E1F77FFB4FF47A7005F00A
:10216000FEFB11E04FF46130E1F776FB4FF47A703B
:1021700005F0F5FB08E04FF49640E1F76DFB4FF4F6
:102180007A7005F0ECFB00BF00BF10BD74010020A9
:1021900070B50646002500243046E7F71DFC00BF59
:1021A00012E000240CE006213648FFF765FE05EB3F
:1021B0008501354A88180521FFF75EFE601C84B250
:1021C000032CF0DB681C85B2142DEADB0A2005F035
:1021D000C6FB002512E000240CE006212B48FFF787
:1021E0004BFE05EB85012A4A88180521FFF744FEBE
:1021F000601C84B2032CF0DB681C85B23D2DEADB49
:102200000A2005F0ACFB002405E00B212148FFF774
:1022100033FE601C84B2032CF7DB0A2005F09FFB21
:10222000002409E00E211C48FFF726FE08211B4868
:10223000FFF722FE601C84B2052CF3DB0A2005F0B8
:102240008EFB002409E01C211548FFF715FE09212B
:102250001448FFF711FE601C84B2052CF3DB4FF429
:102260006120E7F7B9FB0A2005F079FB002405E0BF
:1022700015210D48FFF700FE601C84B2052CF7DB2A
:1022800070BD000054F002005AF00200BEF00200DF
:10229000C4F00200F5F1020000F202000EF20200AA
:1022A00060F202007CF2020085F202001FB50020FD
:1022B00002900390F04890F8490020B1012803D023
:1022C000022823D111E01FBDB3EE0E0AEB4880EDCA
:1022D000000A9FEDEB0A80ED010A9FEDEA0A80ED0E
:1022E000020A0520E849088011E0B1EE040AE3483B
:1022F00080ED000A9FEDE50A80ED010AB3EE0E0ABB
:1023000080ED020A0520E049088000E0DBE700BF1D
:10231000D94890F82C00012830D1D74981F84600DF
:10232000002081F82C00084690ED000AD84880ED86
:10233000000A084690ED010AD54880ED010A90EDAB
:10234000000AD448D049098800EB8100D0ED000A8A
:1023500030EE600AD04880ED000ACD4890ED010AC9
:10236000CC485030C849098800EB8100D0ED000A04
:1023700030EE600AC84880ED010A08E09FEDC70A08
:10238000C54880ED000A9FEDC50A80ED010AC248EC
:1023900090ED000A8DED000A90ED010A8DED010A25
:1023A0009DED000AB548D0ED000A60EE200ABC4859
:1023B00090ED020A9FEDBB1A00EE810A80ED020A41
:1023C0009DED010AAD48D0ED000A60EE200AB44848
:1023D00090ED050A9FEDB31A00EE810A80ED050A23
:1023E000D0ED020AB0EE600A9FEDAF1ADFEDAF0A42
:1023F00005F060FAAA4880ED020AD0ED050AB0EEB9
:10240000600A9FEDA91ADFEDA90A05F053FAA44866
:1024100080ED050A9DED000A9848D0ED010A20EEF6
:10242000200ADFEDA00A20EE200A9D4880ED010A77
:102430009DED010A9148D0ED010A20EE200ADFED62
:10244000990A20EE200A964880ED040A9DED000AC4
:102450008A48D0ED020A20EE200ADFED920A20EE33
:10246000200A8F4880ED000A9DED010A8348D0EDD7
:10247000020A20EE200ADFED8B0A20EE200A8848AF
:1024800080ED030A8A4890ED070A8A4880ED000A29
:10249000874890ED080A874880ED010A90ED000A10
:1024A0007F48D0ED020A30EE200A7A48743880ED79
:1024B000070A804890ED010A7948D0ED050A30EE10
:1024C000200A7448743880ED080A90ED070ADFEDA1
:1024D000750A20EE200A8DED020A90ED080ADFED64
:1024E000710A20EE200A8DED030A90ED040ADFED5B
:1024F0006D0A20EE200ADDED020AB6EE001A60EE4B
:10250000810A9FED681A00EE810A6548D0ED000A45
:1025100030EE200A5F487438D0ED010A30EE200A10
:1025200080ED010A90ED050ADFED5E0A20EE200A3B
:10253000DDED030AB6EE001A60EE810A9FED591A2E
:1025400000EE810A5648D0ED030A30EE200A5148C9
:102550007438D0ED020A30EE200A80ED020A9DEDBB
:10256000020A4F48D0ED010A30EE200A494874387B
:10257000D0ED040A30EE200A80ED040A9DED030A36
:102580004748D0ED040A30EE200A42487438D0EDB6
:10259000050A30EE200A80ED050A13202EE0421EC7
:1025A0003C49503101EB820191ED000A394950312B
:1025B00001EB800181ED000A364901EB820191EDCA
:1025C000000A344901EB800181ED000A3A4901EB30
:1025D000820191ED000A384901EB800181ED000A8A
:1025E0003549503901EB820191ED000A32495039E9
:1025F00001EB800181ED000A411E88B20028CEDC8B
:102600002448743890ED020A80ED310A90ED010AF9
:1026100080ED1D0A90ED050A80ED6D0A90ED040A2B
:1026200080ED590A2548D0ED191AB0EE611A194803
:102630007438D0ED021AF0EE610AD0ED011AB0EE56
:10264000610A1F49081F05F0B7FE1C48D0ED191A92
:10265000B0EE611A0F487438D0ED051AF0EE610A39
:10266000D0ED041AB0EE610A15490C31081F05F0CF
:10267000A3FE00BF27E60000C8380020D06C002071
:102680000000C8430000C8423C0F00200000F04298
:10269000FC0E0020F8690020140F0020000000004C
:1026A000B86C00200AD7A33B00004842000048C293
:1026B0002C4F0020280F0020386B002074280020A9
:1026C0006866002070B5054600F0B0F9002452207D
:1026D00085F89803012085F899034FF4C870A5F890
:1026E0009A03204A40F20F11284600F0D9F92846F3
:1026F00000F0D3FB04460CB1204670BD0220E2F787
:102700001BF8284600F0DCF804460CB12046F4E73C
:102710000220E2F711F8284600F09BFB04460CB1BA
:102720002046EAE70220E2F707F80321284600F0F6
:10273000F7F904460CB12046DFE748F6B801284611
:1027400000F08CFA3221284600F035FA284600F0D5
:1027500097FB284600F047FB0220E1F7EDFF2046FB
:10276000CBE70000C409002030B52DED048B81B00B
:1027700005460024002000906946284600F019F91B
:1027800004469DF80000002861D03348FEF764FA43
:102790003249284600F018F904463049B1F91800CA
:1027A0000BF0EFFC41EC190B9FED2D0B53EC102BB4
:1027B0000BF032FB41EC180B0BF048FA2A49086089
:1027C000284600F063F804460120284981F86D008E
:1027D000254890ED000A2648D0ED000A30EE600A48
:1027E000DFED240A20EE200A1B48D0ED020A80EE1D
:1027F000201A214880ED001A90ED000A1F48D0ED04
:10280000000A30EE600ADFED1B0A20EE200A1248B3
:10281000D0ED020A80EE201A194880ED001A124805
:1028200090ED000ADFED170AB4EEE00AF1EE10FABF
:102830000AD890ED000AB5EEC00AF1EE10FA03DDF9
:1028400001201149087102E000200F49087120465B
:1028500001B0BDEC048B30BDE43C0020C83C00203E
:102860000000000000002440B803002000280020E1
:10287000C403002000007A44BC030020C8030020E9
:10288000C00300200000AF43F80A00202DE9F0410A
:1028900004460025A67840F27E30075D401C10F803
:1028A0000480B84504D02046E0F79AF8054604E0D5
:1028B0003146204600F059FC05462846BDE8F08127
:1028C00070B50646002424B90121304600F09FFD72
:1028D00004462CB9012086F87803082086F87C038A
:1028E00000250AE034B901222946304600F06EF98D
:1028F000044300E003E0681CC5B2022DF2DB00BF18
:1029000034B94FF490120021304600F083F90446A8
:1029100034B94FF480420121304600F07BF904467F
:10292000204670BD30B503460020022903DB001F9E
:102930000025157003E003F561756C5C147030BD03
:102940002DE9FC4106460C4617464FF0000814B12D
:10295000012C12D108E06946304600F082FE804624
:10296000BDF8000085030BE001A9304600F070FEC1
:102970008046BDF80400450202E06FF0030800BF86
:1029800000BFB8F1000F11D145B906F5627050F8DB
:1029900024503D600021001F015507E03D6006F511
:1029A000627040F824500121001F01554046BDE8E7
:1029B000FC8170B504460D4600262946204602F0EB
:1029C0003FF80646304670BD2DE9F041A2B0804682
:1029D0000C46002601ADFF221C212046DDF784FDB8
:1029E0002A460221404600F0DFFD064656B9A87887
:1029F00020712F1D0094EA783B4601214046FCF7E8
:102A000035FF0646304622B0BDE8F0812DE9F041A1
:102A100004460D461646002732462946204600F059
:102A200020FF07463846BDE8F081000010B5124887
:102A3000FDF740FB02211148E6F798FB01210F4802
:102A4000E6F794FB0823772202210C48E6F796FA72
:102A50000823772201210948E6F790FA0A20E1F7D6
:102A60006BFE022211460548E6F7CBFB0122114618
:102A70000248E6F7C6FB10BD040800F00040024023
:102A80002DE9F04104460D461646002794F89803B8
:102A90003246294602F019FB47B23846BDE8F081BC
:102AA0002DE9F04104460D461646002794F8980398
:102AB0003246294602F07BFB47B23846BDE8F0813A
:102AC0002DE9F04104460E4617461D464FF000081A
:102AD000ABB294F898033A46314602F006FB4FFA3F
:102AE00080F84046BDE8F08110B501210448E6F7C2
:102AF0002EFB0A23772201210148E6F73FFA10BD99
:102B00000040024010B501210448E6F72FFB0823DE
:102B1000772201210148E6F731FA10BD004002405A
:102B20002DE9FF4706460D46002496F87C93012DBB
:102B300007D0022D05D0032D03D0201F04B0BDE81F
:102B4000F08734B9012D01D0022D01D12F4600E0CC
:102B5000032724B96946304601F02DF80446D6F81B
:102B6000148034B903AB02AA01A9304600F0A8FED4
:102B7000044634B943463A4649463046FCF73CFEE3
:102B8000044634B940F27E308755401C8755801E7C
:102B9000855544B9304601A90EC902F044FC0446EB
:102BA0000CB90398306124B96946304602F063FCE1
:102BB00004462046C2E770B504460D460026294665
:102BC000204602F009FB0646304670BD2DE9F04173
:102BD00005460C4616460027B846022C01DB3F1F6F
:102BE0000DE016B94FF0000803E005F5627050F8EB
:102BF0002480424621462846FCF7DEFD074637B9C9
:102C00000EB1012100E0002105F561700155384643
:102C1000BDE8F0812DE9F04105460C461646002737
:102C2000022C01DB3F1F15E005F5617010F80480F0
:102C3000B8F1000F03D1001D40F824600AE03246CD
:102C400021462846FCF7B8FD07461FB905F5627016
:102C500040F824603846BDE8F08100002DE9F04FCF
:102C600087B006460D460024DFF81091444885429F
:102C700000D9241F2CB906AA05213046FFF7C6FE4D
:102C800004462CB905AA06213046FFF7BFFE0446CC
:102C900034B904AB03AA02A9304600F011FE044681
:102CA000002C63D196F87CB300274FF0010ABBF1EA
:102CB000030F14D0BBF1040F03D0BBF1080F36D1C2
:102CC0001FE09DF81800012803D09DF8140001288A
:102CD00002D141F2883701E04FF47A772AE04FEAD7
:102CE00049099DF81800012803D09DF81400012817
:102CF00002D146F2E87701E045F260474FF0020A60
:102D000018E04FEA49094FF0F50801AA48F23601E8
:102D1000304600F021FE0198002803DDF5210198DE
:102D200000FB018808F6DC574FF0020A02E06FF062
:102D3000070400BF00BFBD4202D86FF0030401E0EA
:102D4000E81B049094B90498484502D96FF0030435
:102D500009E00498B0FBFAF00490304602A90EC9CD
:102D600002F061FB04460CB90498306114B94FF4C9
:102D700060708551204607B0BDE8F08F7064080090
:102D8000809698002DE9F04107460C460025032661
:102D90004FF47A73324621463846FCF72DFD05463E
:102DA000BDB940F27E30C655401CC655042C03D038
:102DB000032C01D0082C06D14AF228013846FFF72F
:102DC0004DFF054605E048F235213846FFF746FF3E
:102DD00005462DB94FF47A713846FFF7ECFE0546EB
:102DE0002846BDE8F0812DE9F0410446002594F81D
:102DF0007873042F14D007DC7FB1012F0ED0022F7F
:102E00000DD0032F12D106E0052F0AD0622F09D072
:102E1000632F0BD107E000250BE000BF00BF00BF10
:102E200000BF00BF00BF6FF00D0502E06FF00205AC
:102E300000BF00BFA6782DB906223146204601F01A
:102E4000EBFB054615B9042084F878032846BDE855
:102E5000F08170B504460025032084F8780320260D
:102E6000A670032140F27F300155401E0155401EDF
:102E7000015508212046FFF785FF0546284670BD0D
:102E800070B504460025204602F01AFB054615B928
:102E9000032084F87803284670BD70B504460025E9
:102EA0004FF4FA71204601F0B7FE0546284670BD82
:102EB0000246002070470246002070472DE9FF4F70
:102EC00081B00E4617469846DDE90EB90024A246A9
:102ED00000200090002519E02CB96A463946019877
:102EE000FFF7CEFD04469DF8000000EA0B004045C8
:102EF00000D1012544B93DB9B9F1000F04D04946CC
:102F00000198FFF7D5FF04460AF1010A1CB9B24542
:102F100001D2002DE0D015B90CB96FF0060420469F
:102F200005B0BDE8F08F2DE9F04104460E46174686
:102F30001D464FF00008ABB294F898033A4631466C
:102F400002F07FFB4FFA80F84046BDE8F081F0B513
:102F500004460D4600260027204600F0D2FA064619
:102F60002946304600F0BAF807463846F0BDF0B5BD
:102F700004460D46002600272946204600F05BF84F
:102F80000646304600F0E1FA07463846F0BD2DE926
:102F9000F04106460D4600BF00BF00BF304600F0BE
:102FA0000FF80746284600F0B3FA804607EBC70043
:102FB0000402A40904FB08F4A4092046BDE8F0813A
:102FC000014600204FF0804292FBF1F070472DE95E
:102FD000F04305460C4600218846002600278C4613
:102FE00028014FF47A7990FBF9F6002C01DA60425F
:102FF00007B2002A02DA50420FFA80FC4FEA471962
:1030000009EB4C114FF47A7091FBF0F131445943C4
:1030100001F110004FEAE07900EBD9694FEA69113C
:10302000B1F5803F02DB4FF6FF7801E01FFA81F82F
:103030004046BDE8F08302460020130303EB510332
:10304000B3FBF1F070472DE9FC5F82460F469046D6
:103050001E46DDE90CB40020019000908146002559
:103060001EB96FF00E00019035E0A1793046FFF7F0
:103070008EFF009050460099FFF7DDFF8146B9F1C1
:10308000FF0F01D94FF0FF098BF8079038460099E0
:10309000FFF76DFF0546280A2070657040460099CD
:1030A000FFF765FF0546280A20716571617A304691
:1030B000FFF76DFF009038460099FFF758FF05466F
:1030C000280AA070E57040460099FFF750FF0546BA
:1030D000280AE07125720198BDE8FC9FF0B503460F
:1030E0000C46002000BFA3FB04152A464FF4006CD9
:1030F00011EB0C0142F100020D0B45EA02510846AA
:10310000F0BDF0B5014600200A4602F12C0302F59D
:10311000E77400250026002794F801C00CF01F0575
:10312000E67894F800C00CF0200C4FEA2C1792F8C7
:10313000CCC10CF0200CBCF1200F15D193F804C0C9
:10314000BCF1060F04D1122D0ED06FF010000BE071
:1031500093F805C0B44501D06FF0110093F806C094
:10316000BC4501D06FF01200F0BD70B505460E46AB
:1031700000242CB903223146284601F04DFA0446BA
:10318000204670BD10B50346002001245470002471
:1031900094708B244C744FF448441C8202249C721B
:1031A00010BD10F8102F0A7042784A7082788A7029
:1031B000C278CA7002790A7142794A7182798A7139
:1031C000C279CA71027A0A72427A4A72827A8A7221
:1031D000C27ACA72027B0A73427B4A73827B8A7309
:1031E000C27BCA73027C0A74427C4A74827C8A74F1
:1031F000C27CCA74027D0A75427D4A75827D8A75D9
:10320000C27DCA75027E0A76427E4A76827E8A76C0
:10321000C27ECA76027F0A77427F4A77827F8A77A8
:10322000C27F1038CA7770472DE9F041074614462F
:1032300000250022002691F803C083F802C0181D63
:1032400000BFB5E005704FF0000CC0F804C091F865
:1032500003C0BCF1000F0BD191F801C00CF01F0CA2
:10326000BCF1090F04D14FF0130C80F83EC005E00B
:1032700091F801C00CF01F0C80F83EC015B1012D73
:1032800051D151E091F802C0BCF1070F04D1B1F85F
:1032900012C0A0F810C00DE091F802C0BCF1080FF8
:1032A00004D1B1F814C0A0F810C003E0B1F804C014
:1032B000A0F810C0B1F810C0A0F82CC0B1F816C02A
:1032C000A0F82EC0B1F808C0A0F830C0B1F80AC00C
:1032D0004FEA4C16B6F5803F01D34FF6FF760687CE
:1032E000B1F80CC0A0F83AC0CA897A4302F58062EE
:1032F00094464FEAE27802EB58584FEAE8220FFA78
:1033000082FCA0F83CC0D4F804C0C0F824C0D4F8B3
:1033100008C0C0F828C0D4F80CC0C0F814C0D4F855
:1033200000C0C0F820C03DE0B1F818C0A0F810C03F
:10333000B1F81AC0A0F82CC04FF6FF7CA0F82EC040
:10334000B1F81CC0A0F830C0B1F81EC04FEA4C164E
:10335000B6F5803F01D34FF6FF760687B1F820C05F
:10336000A0F83AC04A8C7A4302F5806294464FEA4C
:10337000E27802EB58584FEAE8220FFA82FCA0F8F4
:103380003CC0D4F814C0C0F824C0D4F818C0C0F8A9
:1033900028C0D4F81CC0C0F814C0D4F810C0C0F8BD
:1033A00020C000BF00BF403005F1010C0CF0FF054C
:1033B000022DFFF647AF4FF0000C83F803C091F8E1
:1033C00001C00CF01F0CBCF1030F10D006DCBCF1E7
:1033D000010F0AD0BCF1020F16D107E0BCF10D0FAE
:1033E00006D0BCF1110F0FD103E000BF00BF00BF3A
:1033F00000BF91F801C00CF01F0C83F803C04FF020
:10340000000883F8428000BF00BFBDE8F081FEB530
:1034100005460F4600262C466221284601F036FA62
:1034200000202070012060700020A0700120E0705A
:1034300020714FF47A70A0604000E06043F2C82031
:103440002061642060614FF420602083002084F8B4
:10345000210040F2DB70A4F89C00284601F0AFFA8E
:10346000002F04DD1EB9284601F053FE064604F580
:10347000887001F031FA064604F5907001F03DFACB
:10348000064604F5967104F1420001F0A6FA0646DC
:1034900004F5A27001F00DFA064604F1A40001F053
:1034A0003CFA06462021284601F0FAFF064666B996
:1034B000D4E903126069CDE900120290228B617891
:1034C0002846A36801F0ADFE0646284601F0E2FA60
:1034D0003046FEBD7F280BDDC0F1FF0303F007037C
:1034E00008330B70A0F18003C3F3C703137007E028
:1034F00000F007030B70C0F17F03C3F3C703137021
:10350000704701460020CAB20B0A9A40501C70470F
:10351000014600204A1C5206100E7047031113701A
:1035200000F00F030B70704710B5072807DD8023EC
:1035300003EBC103C0F10F042344137004E0C1F195
:103540000F0300EBC303137010BD10B5014600203C
:103550000022002361B14A1E02E052085C1CA3B2A3
:1035600022F0FF04002CF8D1144663F31F24A0B20C
:1035700010BD00EB01131370704770B586B006469E
:103580000D46002434B917236A460D213046FFF753
:1035900097FA04462CB92A466946172000F062FBC8
:1035A0000446204606B070BD2DE9F047074689461F
:1035B000904600253C4607F53D7A564625B94946D2
:1035C000384600F057F8054645B9B4F89C00334634
:1035D00004F5227204F5E771FFF726FE40F2E520BC
:1035E000005D012821D165B940F2E620005D40B9B7
:1035F000384601F091FA0546012140F2E6200155D6
:1036000009E045B940F2E620005D012803D102211E
:1036100040F2E620015540F2E620005DFF2804D08C
:103620001DB9384601F0A9FA054694F82C0030700F
:103630003020005D7070842231464046DCF722FF66
:103640001DB93846FFF75DFD05462846BDE8F08701
:1036500010B50246002013464FF4D474E45A0C808F
:1036600010BD10B50246002013464FF4D374E45A3F
:103670000C8010BD2DE9F04FC3B004460F46002565
:10368000A04608F5E77A08F5227B08F52B70029032
:103690008826A94600200190012F06D0022F09D1CB
:1036A000C6F5877080B2019007E0C6F1D50080B200
:1036B000019002E02C20019000BF00BF35B903AAA1
:1036C00031462046019BFFF7FBF90546022F0CDB34
:1036D0005DB9C6F1D6001FFA80F903A800EB090115
:1036E0003820029A00F010FB0546012F0CDB5DB973
:1036F000C6F1B4001FFA80F903A800EB09015A468D
:10370000212000F06FFA05464DB94FF0000903A8DB
:1037100000EB090152462C2000F0B2FC0546284679
:1037200043B0BDE8F08F2DE9FC4105460C464FF053
:1037300000082E46002001900090002796F82A02EB
:1037400001AA6946FFF7C6FE9DF8040020709DF8A7
:103750000000607096F82B723811E07007F00F00CF
:10376000A0704046BDE8FC8170B58EB006460D469F
:1037700000243CB9312301AA40F20F113046FFF773
:103780009FF904462CB92A4601A9312000F0A6FB76
:10379000044620460EB070BD2DE9F04106460F46A6
:1037A000DDE9064500203146072F2ED007DC072F24
:1037B00051D2DFE807F05013141516172900242FF3
:1037C00036D006DC082F21D0112F0CD0122F42D179
:1037D0001DE0252F2DD0262F3DD12BE000BF00BFAF
:1037E00000BF00BF00BFB1F8CAC0A2F800C0D1F846
:1037F000D0C0C3F800C0D1F8D8C0C4F800C0D1F818
:10380000E4C0C5F800C029E000BF00BF00BFB1F8A8
:10381000CCC0A2F800C0D1F8D4C0C3F800C0D1F821
:10382000DCC0C4F800C0D1F8E8C0C5F800C015E09D
:1038300000BF00BFB1F8CCC0A2F800C0D1F8D4C01E
:10384000C3F800C0D1F8E0C0C4F800C0D1F8ECC0A3
:10385000C5F800C002E06FF0030000BF00BFBDE884
:10386000F08170B5034600201D46012407290FDCB6
:10387000002902DD01268E40F4B240F2C516765DC5
:1038800026401670002905DD16780E41167001E0FD
:103890006FF0030070BDFEB506460D46002434B936
:1038A0000B236A4601213046FFF70AF904462CB97A
:1038B0002A4669460B2000F0B2FB04462046FEBDB6
:1038C0002DE9F05F05460E46174698464FF0000A70
:1038D0002C46D346D1464FF4AF70005B08B96FF069
:1038E0000E0ABAF1000F34D14FF4D172115D4FF4CA
:1038F000AF72105BFFF74BFB834640F28B11085D04
:103900005946FFF7EBFB306094F89C9140F29D1014
:10391000005D00EB09201FFA80F959464846FFF781
:1039200016FB38604FF4D07010F80490401C005D16
:1039300000EB09201FFA80F959464846FFF707FBBC
:10394000C8F800003068A0603868E060D8F800006F
:1039500020615046BDE8F09F70B503460C4600203C
:103960001946A4F50045392D6FD2DFE805F01D2179
:1039700025292D3135393D4145494D5155595D6117
:10398000666A6F73777B7F83878B8F93989CA1A6E2
:10399000ABB0B5B9BEC3C8CDD2D7DCE1F1F5F9FD06
:1039A000ECEBEAE9E8E7E600B1F8A450156000E1C5
:1039B000A6256D5A1560FCE0A8256D5A1560F8E043
:1039C000B0256D5C1560F4E0B1256D5C1560F0E02C
:1039D000B2256D5A1560ECE0B1F89C501560E8E036
:1039E000B4256D5C1560E4E0B6256D5A1560E0E025
:1039F000B8256D5A1560DCE0BA256D5A1560D8E01F
:103A0000BC256D5A1560D4E0BE256D5A1560D0E016
:103A1000C0256D5A1560CCE0C2256D5C1560C8E00C
:103A2000C3256D5C1560C4E091F8C4501560C0E01A
:103A30004FF4A0756D5C1560BBE091F8C550156042
:103A4000B7E091F8C7501560B3E0ADE091F8C85009
:103A50001560AEE0B1F93E511560AAE0AA256D5C93
:103A60001560A6E0AB256D5C1560A2E0AC256D5C31
:103A700015609EE0AD256D5C15609AE0AE256D5C2D
:103A8000156096E0AF256D5C156092E091F8C65028
:103A900015608EE04FF4B0756D5C156089E091F8AB
:103AA0001051156085E040F211156D5C156080E0E5
:103AB0004FF48A756D5815607BE04FF48C756D5A24
:103AC000156076E04FF48D756D5A156071E04FF416
:103AD0008E756D5A15606CE0B1F84451156068E060
:103AE0004FF4A4756D58156063E04FF4A8756D58D8
:103AF00015605EE04FF4A6756D58156059E04FF4FF
:103B0000AA756D5C156054E040F255156D5C15604A
:103B10004FE04FF4AB756D5C15604AE040F2211543
:103B20006D5C156045E04FF491756D5C156040E08B
:103B30004FF494756D5A15603BE031E02CE027E0BE
:103B400022E01DE018E013E00EE009E004E0FFE7EA
:103B5000CA256D5A15602CE0CC256D5A156028E0F9
:103B6000D0256D58156024E0D4256D58156020E0EF
:103B7000D8256D5815601CE0DC256D58156018E0DF
:103B8000E4256D58156014E0E8256D58156010E0C7
:103B900091F8E45215600CE0E0256D58156008E0DE
:103BA000EC256D58156004E06FF000451560A80025
:103BB00000BF00BF70BD2DE9F04105460C4600274F
:103BC0002E4640F2C311885D2246611CFFF782FC3D
:103BD0004FF4E271885DE21CA11CFFF79FFC3846A0
:103BE000BDE8F0812DE9F04106460D461446002758
:103BF000212E03DA6FF00900BDE8F0812946042088
:103C000000F0DFFA2060291D042000F0DAFA60607D
:103C100005F10801042000F04FF9A06005F10C0146
:103C2000042000F0CEFAE06005F11001042000F05D
:103C3000C8FA206105F11401042000F0C2FA6061A5
:103C400005F11801042000F037F9A06105F11C010D
:103C5000042000F0B6FAE06195F8200084F8200016
:103C60003846C9E72DE9F04106460C4615460027BF
:103C7000172E03DA6FF00900BDE8F0812078287074
:103C800060786870A078A870E078E8702079287172
:103C9000607900F00F006871A079A871E07900F0F8
:103CA0003F00E871207A00F00300287204F1090156
:103CB000022000F077FA688104F10B01022000F085
:103CC000E8F8A88104F10D01022000F0E2F8E88193
:103CD00004F10F01022000F065FA288204F11101BD
:103CE000022000F0D6F8C0F30C00688204F1130142
:103CF000022000F0CEF8A88204F11501022000F0A5
:103D0000C8F8E8823846B7E72DE9F04106460D4687
:103D100014460027382E03DA6FF00900BDE8F08161
:103D20002946022000F03EFA2080A87800F07F00AB
:103D3000A070E87800F03F00E070287900F0030000
:103D40002071687900F001006071A87900F03F00EF
:103D5000A071E87900F03F00E07105F10801022050
:103D600000F020FAC0F309002081A87A00F00300D7
:103D7000A072E87A00F00300E072287B00F00F00E8
:103D80002073687B00F007006073A87B00F00100DF
:103D9000A073E87B00F00300E073287C2074687C4B
:103DA000607405F11201022000F0FCF9C0F30B0071
:103DB000608205F11601022000F0F4F9A08205F1FD
:103DC0001801022000F0EEF9E08215F81A0F00F059
:103DD000010004F8180F687800F007006070A878F8
:103DE000A070E878E070287900F07F002071687991
:103DF00000F07F006071A87900F00300A071E879FD
:103E000000F00F00E071287A2072687A6072A87A58
:103E1000A072E87A00F00100E072287B00F0030055
:103E20002073687B00F01F006073A87B00F01F0008
:103E3000A073E87B00F01F00E073287C00F0010015
:103E40002074687C00F001006074A87C00F003001E
:103E5000A074E87C1A3D00F03F00E07405F12E01EB
:103E6000042000F0AEF9C0F31100606105F13201E9
:103E7000042000F0A6F9A06195F8360000F00100DA
:103E8000207795F8370000F001006077183C38463D
:103E900044E710B5024600200B78802B00DB401E63
:103EA00004E011F8014B44EA002318B2131EA2F1FA
:103EB0000104A2B2F5DC10BD10B5024600200B785B
:103EC000802B00DB401E03E011F8014B44EA002088
:103ED000131EA2F10104A2B2F6DC10BD2DE9F041DF
:103EE00006460C4615460027312E03DA6FF009000E
:103EF000BDE8F0812078287060786870A078A8709C
:103F0000E11C022000F04EF9A88014F8050F00F023
:103F10007F0005F8060F607800F007006870A07851
:103F200000F00700A870E07800F03F00E87020790A
:103F300000F03F002871607900F001006871A079FD
:103F400000F07F00A871E07900F00100E871207AAC
:103F500000F03F002872607A00F03F006872A07A9B
:103F6000A872E07AE872207B2873607B6873A07B7C
:103F7000A873E07BE873207C2874607C6874A07C64
:103F8000A874E07CE874207D2875607D6875A07D4C
:103F9000A875E07DE875207E2876607E6876A07E34
:103FA000A876E07EE876207F2877607F6877A07F1C
:103FB000A877E07FE87794F8200085F8200094F84F
:103FC000210085F8210094F8220085F8220094F859
:103FD000230085F8230094F8240085F8240094F841
:103FE000250085F8250094F8260085F8260094F829
:103FF000270085F8270094F8280085F8280094F811
:10400000290085F8290094F82A0085F82A0094F8F8
:104010002B00641F85F82B00AD1F384668E72DE99B
:10402000F04106460C46154600270B2E03DA6FF0CA
:104030000900BDE8F081207800F07F0028706078EA
:1040400000F00F006870A07800F07F00A870E078A2
:1040500000F00300E870207900F07F002871611DF6
:10406000022000F09FF8E880E0792872207A6872D8
:10407000607A00F03F00A872A07AE8723846D8E76C
:104080002DE9F04106460C46154600272C2E03DA92
:104090006FF00900BDE8F081207800F03F00287043
:1040A00060786870A07800F00F00A870E078E87081
:1040B000211D022000F076F8A880A11D022000F04A
:1040C00071F8E88004F10801022000F06BF8288103
:1040D00004F10A01022000F065F8688104F10C0186
:1040E000022000F05FF8A88104F10E01022000F028
:1040F00059F8E88104F11001022000F053F82882F9
:1041000004F11201022000F04DF8688204F114015C
:10411000022000F047F8A88204F11601022000F006
:1041200041F8E88204F11801022000F03BF82883EE
:1041300004F11A01022000F035F8688304F11C0133
:10414000022000F02FF8A88304F11E01022000F0E5
:1041500029F8E88304F12001022000F023F82884E4
:1041600004F12201022000F01DF8688404F124010A
:10417000022000F017F8A88404F12601022000F0C4
:1041800011F8E88404F12801022000F00BF82885DA
:1041900094F82A0085F82A0094F82B0085F82B0063
:1041A000384677E710B50246002004E011F8014BCD
:1041B00044EA002398B2131EA2F10104A2B2F5DC76
:1041C00010BD10B50246002003E011F8014B44EA8F
:1041D0000020131EA2F10104A2B2F6DC10BD2DE9ED
:1041E000F04104460E4615460027172E03DA6FF0FD
:1041F0000900BDE8F0812078287060786870A078A8
:10420000A870E078E87020792871607900F00F00DC
:104210006871A079A871E07900F03F00E871207A18
:1042200000F003002872608905F10902022100F004
:10423000D3F9B4F90C0005F10B02022100F0B4F837
:10424000B4F90E0005F10D02022100F0ADF8208A4C
:1042500005F10F02022100F0BFF9618AC1F30C00E1
:1042600005F11102022100F09FF8B4F9140005F1E4
:104270001302022100F098F8B4F9160005F11502B6
:10428000022100F091F83846B3E72DE9F0410446E9
:104290000E4615460027122E03DA6FF00900BDE81E
:1042A000F081207800F00300287060886A1C0221E9
:1042B00000F092F9A088EA1C022100F08DF9A079A3
:1042C00000F001006871E07900F00700A871207A21
:1042D000E871607A2872A07A00F07F006872E07A54
:1042E00000F07F00A872207B00F00300E872607B82
:1042F00000F003002873A07B00F00F006873E07BE0
:10430000A873207CE873607C2874A07C00F0030014
:1043100068743846C3E72DE9F04104460E46154659
:104320000027162E03DA6FF00900BDE8F08120782F
:10433000287060786870A078A870E07800F07F003E
:10434000E870A188C1F30B002A1D022100F044F996
:10435000A07900F07F00A871E079E871207A2872D6
:10436000607A00F001006872A07A00F00700E8723D
:10437000A08905F10C02022100F02EF9E08905F177
:104380000E02022100F028F9208A05F11002022114
:1043900000F022F9A07CA874E07CE874207D2875E8
:1043A000607D68753846C0E770B50346002000247C
:1043B0001C4600BF05E00D1A6D1E54552412451C05
:1043C000A8B28842F7DB70BD2DE9F04104460E46E5
:1043D00015460027202E03DA6FF00900BDE8F081B2
:1043E00020882A46022100F0F7F8A07800F00100AA
:1043F000A870E07800F00F00E870207900F00F005E
:104400002871607900F01F006871A07900F07F00CA
:10441000A871E07900F07F00E871207A00F00100D7
:104420002872607A6872A07A00F00100A872E07ABF
:1044300000F00300E872207B00F01F002873607B0F
:1044400000F003006873A07B00F00300A873E07B1A
:1044500000F00700E873207C00F01F002874607CE7
:1044600000F001006874A07CA874E07CE874207DF2
:104470002875607D6875A07DA875E07DE875208B46
:1044800005F11802022100F0A7F8A07EA876E07ED0
:10449000E876207F00F00F002877607F6877A07FA4
:1044A00000F00F00A877E07FE877384696E72DE91F
:1044B000F04104460E46154600270B2E03DA6FF036
:1044C0000900BDE8F081207800F07F002870607856
:1044D00000F00F006870A07800F07F00A870E0780E
:1044E00000F00300E870207900F07F002871E08878
:1044F0006A1D022100F070F8207AE871607A287253
:10450000A07A00F03F006872E07AA8723846D8E7D7
:1045100010B503460024052902DA6FF0090010BD2A
:10452000187800F001001070587800F00100507009
:10453000987800F001009070D87800F00300D070F7
:10454000187910712046EAE72DE9F04104460E463D
:1045500015460027172E03DA6FF00900BDE8F08139
:10456000207800F00F00287060786870A07800F064
:104570000F00A870E078E870207900F00F00287133
:1045800060796871A07900F03F00A871E07900F0CF
:104590000F00E871207A2872607A00F03F0068729C
:1045A000608905F10A02022100F016F8A08905F1E0
:1045B0000C02022100F010F8A07BA873E07BE873E6
:1045C00005F112020421206900F016F8207D00F0A8
:1045D0000100A8753846C1E770B5034600200024E5
:1045E0001C4600BF05E00D1A6D1E54552412451CD3
:1045F000A8B28842F7DB70BD70B5034600200024E6
:104600001C4600BF05E00D1A6D1E5455240A451CBA
:10461000A8B28842F7DB70BD2DE9F74FCAB0054656
:10462000174600262C4604F5AC70099004F14200B0
:10463000089004F5B270079020300690183005906D
:1046400004F5DA7A04F5E47B04F12C0004900AA85E
:104650000390002002908046814601904B98A07004
:104660009BF8040000F00F004B9908438BF80400FE
:104670004FF4A170015B4FF4BE70015340F2E6208D
:10468000005DFF2803D1002140F2E620015540F2F1
:10469000E520005D012820D140F2E620005DE0B970
:1046A0004FF4C370015D40F2E720015520214FF423
:1046B000C370015540F2C510005D00F0600030B9D4
:1046C0005820005B800001B25420015302E0002119
:1046D00054200153052F00DA052740F2E520005D44
:1046E00001280BD140F2E620005D012806D140F2FE
:1046F000E720015D4FF4C37001550627072F17D23D
:10470000DFE807F01613100D0A0704004FF0010848
:1047100011E04FF00D080EE04FF024080BE04FF0D1
:10472000440808E04FF05A0805E04FF0710802E035
:104730004FF0830800BF00BFC8F1880080B201902D
:104740000AA803900020029009E00021039801705C
:104750000398401C03900298401C80B20290DDE94F
:1047600001108842F1DB062F0CDB5EB9C8F10100B5
:104770001FFA80F90AA800EB09020B210998FFF73C
:1047800096FE0646052F0CDB5EB9C8F10D001FFA38
:1047900080F90AA800EB090217210898FFF71FFD0E
:1047A0000646042F0CDB5EB9C8F124001FFA80F91D
:1047B0000AA800EB090220210798FFF705FE06462C
:1047C000032F0CDB5EB9C8F144001FFA80F90AA878
:1047D00000EB090216210698FFF79DFD0646022F01
:1047E0000CDB5EB9C8F15A001FFA80F90AA800EB89
:1047F000090217210598FFF7A7FE0646012F22DBC5
:104800000EBBC8F171001FFA80F99BF8040000F09C
:10481000200020280FD10498807840F001008AF809
:1048200000000498807840F001008AF80C00049899
:1048300080788AF812000AA800EB0902122150467B
:10484000FFF723FD06465EB9C8F183001FFA80F921
:104850000AA800EB090205215846FFF759FE064653
:1048600036B90AAA41462846019BFEF75CFB06467C
:104870001EB9284600F08FFE06461EB9284600F0F5
:1048800049FE064630464DB0BDE8F08F10B50246F1
:10489000134603F12C00017000244470022484703C
:1048A0000024C47001714471022484710024C47115
:1048B00010BD014600204FF420620A804FF47A7246
:1048C0004A6043F2C8228A60CA6008220A74282219
:1048D0004A7409228A7470470146002008220A702F
:1048E0000B224A704FF47A724A604FF420620A81B8
:1048F00052104A8192008A817047014600200022AE
:104900000A7012224A700F228A700222CA7048F678
:10491000A0424A600C220A8170470146002048F2FA
:1049200003020A80921E4A8048F241028A800E22C7
:104930008A710A22CA7106220A720E224A720A2259
:104940008A720622CA7202220A7321224A73002244
:10495000CA810A744FF4B4724A828A82CA82C0221F
:104960000A834A838A8308228A771022CA7701221F
:1049700081F82020022281F82120012281F82220C2
:10498000022281F82320002281F824204FF42062A3
:10499000CA840A8548F23002CA624FF47A720A6306
:1049A00052004A638A634FF218620A6443F2C822D3
:1049B0004A640122CA634FF4FA528A64704701467E
:1049C0000123282253540223292253540A232A2242
:1049D00053544FF4E6624A6270472DE9F0410546B0
:1049E0000C46002668892060A889A080E889E080BC
:1049F0006889A060A889A081E889E08100206082A0
:104A000040202075206830B9A08820B9E08810B90E
:104A10000020207401E00120207466B9207C012868
:104A200009D1237DB4F90620B4F904102068FEF7FB
:104A3000CEFAE08201E00020E0823046BDE8F0815D
:104A40002DE9F84304460D460026A1460027002024
:104A5000009080464FF4B87010F8090000F010077D
:104A600017B94FF0010801E04FF000086A46312104
:104A70002046FEF705F806469DF8000000F001000C
:104A8000404502D10120287001E000202870304606
:104A9000BDE8F88310B5014600200A46032382F8DA
:104AA000E432002440F2E5239C545B1C9C545B1CC4
:104AB0009C545B1C9C545B1C9C545B1C9C549B1C1A
:104AC0009C501B1D9C5210BD10B502460020114683
:104AD000FF2440F2E6235C5400241B1D5C549B1C05
:104AE0005C501B1D5C524FF43A735B5C2BB14FF46E
:104AF0003A735C5C40F263135C5440F2E9235B5C04
:104B00002BB140F2E9235C5C4FF4B0735C54002499
:104B100040F28D135C5410BD10B501460A460020CA
:104B200040F263139C5C4FF43A739C544FF4B0739F
:104B30009C5C40F2E9239C5440F263139B5C03F0BD
:104B40007F0440F263139C5492F8E442DB1E9B5CAA
:104B500064F39F03DCB24FF4B0739C54012440F221
:104B60008D139C5440F2AE239C5C40F2EA239C548B
:104B70009C5C40F287139C5410BD30B50346194627
:104B800000204FF4EF74655A4FF4EB74645A2A19FD
:104B9000B2F5803F01D34FF6FF7212044FF4E9746F
:104BA000645A14B96FF00E0025E04FF4E974645AAA
:104BB000B2FBF4F24FF43B746250B1F8644122044A
:104BC0004FF43B74645814B96FF00E0013E04FF4C7
:104BD0003B746458B2FBF4F2B2F5803F01D34FF658
:104BE000FF724FF43C746252655A4FF4CA746552B6
:104BF0000225A41F655400F10F0464B94FF4004569
:104C00004FF43C746552655A4FF4CA7465520225DC
:104C1000A41F6554002030BD7CB505460E46002417
:104C20004FF496612846FEF746F904464CB9012038
:104C300000900346E522314601902846FEF73EF9F2
:104C400004461CB903212846FFF720FE20467CBD00
:104C50002DE9FC5F07460C4690461D46DDE90DAB8D
:104C6000DDF8309000262B46424621463846CDE9F5
:104C7000009A00F0D5F906462EB95A462946204634
:104C8000FEF780FA06463046BDE8FC9F2DE9FC5F42
:104C900007460C4690461D46DDE90DABDDF8309029
:104CA00000262B46424621463846CDE9009A00F0C0
:104CB0008DF906462EB95A4629462046FEF762FA75
:104CC00006463046BDE8FC9F2DE9FC5F07460C46D2
:104CD00090461D46DDE90DABDDF8309000262B46F1
:104CE000424621463846CDE9009A00F0C3F906460F
:104CF0002EB95A4629462046FEF744FA0646304663
:104D0000BDE8FC9F2DE9FC4706460F4690469946B4
:104D1000DDE90A4A00254B46424639463046CDE990
:104D2000004A00F02EF805460DB9012060702846B3
:104D3000BDE8FC872DE9FC4781468A4614461D469E
:104D4000DDE90A674FF000082B46224651464846E7
:104D5000CDE9006700F015F88046B8F1000F0DD1DD
:104D60000020A8742071B12060710020E071D4206F
:104D7000207297F82200E871102030714046BDE89B
:104D8000FC87F0B50446DDE9056500204FF4206797
:104D900027800027A770E77027716771A771E771F7
:104DA00027726772A772E77211272773022767734A
:104DB0000027A7730227E773082727740027677463
:104DC0000835AF7DA774EF7DE7742F7E2775012727
:104DD00067750027A775E7752783FF27A7762F7AC2
:104DE000E7762F79277700276777A777E7770F7020
:104DF0004F7020278F700B27CF70EF888F8002278E
:104E00008F710D27CF716F790F7200274F720127B5
:104E10008F7200278F81CF814FF40C470F820027BC
:104E20008F743827CF74FF270F7501274F75002720
:104E300017701A275770002797702027D7700127FF
:104E40001771CC2757710B2797710127D771F52759
:104E5000177209275772AF8957816F8A9781082780
:104E600097737827D77300271761177501271F706D
:104E700000275F809F809F716F7EDF710B271F72FD
:104E800009275F7215F8017C9F72AF78DF720127E6
:104E90001F732F7F5F73EF7E083D9F73C727DF73FC
:104EA000FF271F74DB275F7402279F74002777702A
:104EB0000127B770F77021273771F0BD2DE9FC4746
:104EC0008046894614461D46DDE90AA600272B4682
:104ED000224649464046CDE900A6FFF752FF074665
:104EE0009FB90F20A0710D206072708A6081308B95
:104EF000A0810820A073B820E0730F2028720D2035
:104F00006872B079A872707AE8723846BDE8FC879A
:104F10002DE9FC4707460C4690461D46DDE90A9AF6
:104F200000262B46424621463846CDE9009AFFF737
:104F300028FF06461EB90220A0723B206874304646
:104F4000BDE8FC872DE9FC4707460C4690461D4608
:104F5000DDE90A9A00262B46424621463846CDE92D
:104F6000009AFFF70EFF06461EB90220A0725B20D2
:104F700068743046BDE8FC872DE9FC4780468946C9
:104F800014461D46DDE90AA600272B46224649465F
:104F90004046CDE900A6FFF7F4FE07469FB907207B
:104FA000A07105206072F08A6081B08BA08108201A
:104FB000A0733820E0730720287205206872307AC9
:104FC000A872F07AE8723846BDE8FC872DE9FC4704
:104FD00081468A4614461D46DDE90A674FF00008FF
:104FE0002B46224651464846CDE90067FFF7C9FEE9
:104FF0008046B8F1000F10D10020A8742071B120B4
:1050000060710020E071D42020724FF4C0602061F4
:1050100097F82200E871402030714046BDE8FC87D7
:105020002DE9FC4781468A4614461D46DDE90A679C
:105030004FF000082B46224651464846CDE900670E
:10504000FFF73CFF8046B8F1000F10D10020A87494
:105050002071972060710020E071B12020724FF420
:10506000C060206197F82200E8714020307140460E
:10507000BDE8FC872DE9FC4781468A4614461D465B
:10508000DDE90A674FF000082B46224651464846A4
:10509000CDE90067FFF770FF8046B8F1000F11D12E
:1050A0000020A87401202071842060710120E0712B
:1050B000B12020724FF4C060206197F82200E8719F
:1050C000402030714046BDE8FC872DE9F0410446A0
:1050D0000D4616460027012332462946204600F099
:1050E00004F807463846BDE8F0812DE9F041044652
:1050F0000D4616461F464FF000083B4632462946ED
:10510000204600F0B2FA08B14FF001084046BDE871
:10511000F08170B50646002534462DB904F5AC7112
:105120003046FEF7B8FB05462DB904F14201304682
:10513000FEF723FA054665B904F5FD713046FEF722
:1051400013FB05462DB904F1F00104F5FD70FEF7DF
:1051500028F835B904F52D72DE213046FDF7A0FCA4
:1051600005464FF4AF70005BB0F5805F04DA4BF694
:10517000CC414FF4AF7001532DB904F19E0130467C
:10518000FEF7D1FA054694F8A20070B9A320005D9D
:1051900058B994F89E000007000E84F8A2009F20E2
:1051A000005D0007010EA3200155284670BDF8B52B
:1051B00005460E461446002702236A463146284615
:1051C000FFF793FF07469DF801009DF8001000EBE4
:1051D000012020803846F8BD30B502460B4600203D
:1051E00011464FF42D74645A0CB96FF00E0038B9A3
:1051F0004B614FF42D74645A5C434FF4D6756C5078
:1052000030BD10B50246002013464FF4D474E1526D
:1052100010BD10B50246002013464FF4D374E1527E
:1052200010BD2DE9FF4F87B00446894692464FF0E6
:105230000008274607F5B270069020300590183018
:1052400004901830039007F5E47507F1A40607F5FC
:10525000397B87F801901498F86015983861169892
:10526000786103212046FFF711FBB9F1070F5AD0EF
:1052700008DCB9F1070F74D2DFE809F09E19232D7D
:1052800037414B00B9F1240F77D009DCB9F1080F91
:1052900053D0B9F1110F5AD0B9F1120F61D162E0B8
:1052A000B9F1250F74D0B9F1260FF7D17AE0CDE925
:1052B0000056DDE90332DDE90510FFF762FD8046A7
:1052C0007DE0CDE90056DDE90332DDE90510FFF7A9
:1052D00053FE804673E0CDE90056DDE90332DDE997
:1052E0000510FFF7EBFD804669E0CDE90056DDE9EA
:1052F0000332DDE90510FFF70BFE80465FE0CDE9E4
:105300000056DDE90332DDE90510FFF71BFE80469C
:1053100055E0CDE90056DDE90332DDE90510FFF780
:1053200055FE80464BE0CDE90056DDE90332DDE96C
:105330000510FFF79FFE804641E0CDE90056DDE90C
:105340000332DDE90510FFF76BFE804637E0CDE95B
:105350000056DDE90332DDE90510FFF7D3FC804696
:105360002DE029E009E0CDE90056DDE90332DDE971
:105370000510FFF7DFFC804621E08DE86008DDE9DD
:105380000332DDE90510FFF79FFC804617E0FFE7D9
:105390008DE86008DDE90332DDE90510FFF776FCF2
:1053A00080460CE08DE86008DDE90332DDE9051098
:1053B000FFF74EFC804602E06FF0030800BF00BF1D
:1053C000B8F1000F04D10698A0F800A0A7F818A023
:1053D000B8F1000F06D12046DDE914230A9900F048
:1053E00022F88046B8F1000F04D120461699FFF745
:1053F000F3FE804640460BB0BDE8F08F7CB5064614
:105400000D4600242CB96A4605212846FFF780F88E
:10541000044634B905236A4683213046FDF783FDEF
:10542000044620467CBD2DE9FC4705460E4617463E
:1054300098464FF000092C464FF4AF70005B08B956
:105440006FF00E09B9F1000F12D1A660E760C4F841
:10545000108004F5CE7004F5C271CDE900104FF450
:10546000AF70035B424639463046FDF7ECFD81469E
:105470004846BDE8FC872DE9F04105460C4600276B
:105480002E462178607806F2C312FEF74DF8E178D7
:10549000A07806F5E272FEF76CF83846BDE8F081B8
:1054A00030B50246002013464FF4B074E45C04F0BB
:1054B000030404EB8104E5B24FF4B074E55430BD4D
:1054C00070B50446002625464FF4E670405D00F0B6
:1054D0000F0040F080014FF4E670415505F5E4718E
:1054E0002046FFF78BFF06464FF4E670405D00F064
:1054F0000F014FF4E670415503212046FFF7C6F92E
:1055000040F2E520405D012802D12046FFF7DCFA99
:10551000304670BD10B502460020134603F12C0141
:105520004FF4E674E45C04F0F00444B903240C7016
:1055300000244C7002248C700024CC702AE04C783B
:10554000FF2C02D180244C7002E04C78641C4C701B
:105550008C7884F002048C700C78032C02D0042C1C
:105560000ED108E0CC7884F00104CC7001244C709A
:1055700004240C700DE0CC7884F00104CC7008E0B9
:1055800003240C7000244C7002248C700024CC7016
:1055900000BF00BF10BD10B502460020134603F146
:1055A0002C014FF4E674E45C04F0F00444B90324E5
:1055B0000C7100244C7102248C710024CC713FE0EA
:1055C0004C79FF2C02D180244C7102E04C79641C90
:1055D0004C718C7984F002048C710C79032C06D008
:1055E000062C14D0072C17D0082C1FD117E04FF42D
:1055F000E374E45C04F00204002C02DD06240C7168
:1056000001E008240C7100244C71CC7117E00024D7
:105610004C7108240C7112E008240C710FE0CC7955
:1056200084F00104CC7108240C7108E003240C718F
:1056300000244C7102248C710024CC7100BF00BF87
:1056400010BD2DE9F04104460D4616461F464FF0A9
:1056500000083B4632462946204600F03FF808B194
:105660004FF001084046BDE8F0812DE9F0410746C2
:105670000D4616461C4600F005F9384600F0CEF8F7
:1056800000F034F920B100F017F90120BDE8F081F5
:10569000281200F0C3F800F029F9E8B200F0BEF8D3
:1056A00000F024F900F0EEF847F0010000F0B6F841
:1056B00000F01CF90CE000F07FF83070012C02D1F2
:1056C00000F05AF801E000F037F8761C601E84B252
:1056D000002CF0D100F0F0F80020D7E72DE9F041E0
:1056E00007460C4615461E4600F0CCF8384600F03A
:1056F00095F800F0FBF820B100F0DEF80120BDE8DD
:10570000F081201200F08AF800F0F0F8E0B200F02A
:1057100085F800F0EBF805E015F8010B00F07EF8D5
:1057200000F0E4F8301EA6F101018EB2F4D100F0D1
:10573000C3F80020E3E7000010B5002202210D4865
:10574000E3F75FFDFDF7DEF9002201210948E3F7E9
:1057500058FD0120DEF7E4FF022211460548E3F779
:1057600050FD0120DEF7DCFF002202210148E3F7B3
:1057700048FD10BD0040024010B5002202210D4836
:10578000E3F73FFDFDF7BEF9012211460948E3F7B3
:1057900038FD0120DEF7C4FF022211460548E3F779
:1057A00030FD0120DEF7BCFF002202210148E3F7B3
:1057B00028FD10BD0040024070B5002401221146B2
:1057C0001548E3F71EFDFDF78FF900251BE0600685
:1057D000040E002202211048E3F713FD0120DEF73A
:1057E0009FFF022211460C48E3F70BFD0120DEF774
:1057F00097FF0948406808B144F001040120DEF732
:105800008FFF681CC5B2082DE1DB0022022102488F
:10581000E3F7F7FC204670BD0040024070B5044637
:10582000FDF770F9002202211548E3F7EAFC002594
:1058300023E0E00928B1012211461148E3F7E1FC19
:1058400004E0002201210E48E3F7DBFC6006040EB1
:105850000120DEF765FF022211460948E3F7D1FC7B
:105860000120DEF75DFF002202210548E3F7C9FCB5
:105870000120DEF755FF681CC5B2082DD9DB70BDCD
:105880000040024010B5FDF73DF9012211460948DC
:10589000E3F7B7FC022211460648E3F7B2FC002208
:1058A00001210448E3F7ADFC002202210148E3F79F
:1058B000A8FC10BD0040024010B5FDF723F90022FE
:1058C00002210948E3F79DFC002201210648E3F785
:1058D00098FC022211460448E3F793FC012211468A
:1058E0000148E3F78EFC10BD0040024010B50024D3
:1058F000012211461148E3F784FC0120DEF710FF76
:10590000022211460D48E3F77CFC0120DEF708FF78
:10591000FDF7EAF807E0601CC4B2FA2C03DDFFF7DC
:10592000CBFF012010BD054840680028F3D10022BC
:1059300002210248E3F765FC0020F3E70040024043
:1059400003468A4201DB0A4602E09A4200DC1A461C
:105950001046704792ED000AD0ED000A20EE200AB2
:10596000D2ED010A90ED011A00EE810AD2ED020A91
:1059700090ED021A00EE810A81ED000A92ED030A11
:10598000D0ED000A20EE200AD2ED040A90ED011AB3
:1059900000EE810AD2ED050A90ED021A00EE810AAE
:1059A00081ED010A92ED060AD0ED000A20EE200AF0
:1059B000D2ED070A90ED011A00EE810AD2ED080A35
:1059C00090ED021A00EE810A81ED020A7047000094
:1059D00010B5FAF70DFCFAF7E3F80B495420F7F786
:1059E00076FE094890ED000AF7EE000AB4EE600A70
:1059F000F1EE10FA01D1E1F71BFBEEF705FCE6F73B
:105A00000DFA06F0B1FF10BD4801002010B5F7F700
:105A10004DFB2D4890ED000A2C4880ED000A2A48E5
:105A200090ED010A2A4880ED000A274890ED020A0D
:105A3000284880ED000A244890ED030A264880EDAE
:105A4000000A092024E0214991ED000A234901EBD5
:105A5000800181ED000A1E4991ED000A1F4928319D
:105A600001EB800181ED000A1A4991ED000A1B4902
:105A7000503101EB800181ED000A174991ED000AD8
:105A80001649783101EB800181ED000A411E08B210
:105A90000028D8DC0D4890ED000A104880ED000A7F
:105AA0000B4890ED000A0D4880ED0A0A094890ED78
:105AB000000A0A4880ED140A074890ED000A0748DA
:105AC00080ED1E0A10BD0000D44B0020CC0A00203F
:105AD000D00A0020D40A0020D80A00202C48002038
:105AE00070B52DED028B0446B0EE408A0D46284677
:105AF000F7F7E4FD05EB840080ED008AA10005EBDB
:105B000084000422E1F752F9BDEC028B70BD70B540
:105B10002DED048B0446B0EE408AF0EE608AB0EEC4
:105B2000419A0D462846F7F7C9FD05EB840080ED44
:105B3000008A601C05EB8000C0ED008AA01C05EB0C
:105B4000800080ED009AA10005EB84000C22E1F7B3
:105B50002DF9BDEC048B70BD70B52DED028B0446A4
:105B6000B0EE408AF0EE608A0D462846F7F7A6FDB3
:105B700005EB840080ED008A601C05EB8000C0ED21
:105B8000008AA10005EB84000822E1F70FF9BDECC3
:105B9000028B70BD10B52E4890EDE00AB0EE001AF1
:105BA000C0EE010A90EDDE0AB5EEC00AF1EE10FA81
:105BB00002DD90EDDE0A04E0254890EDDE0AB1EE4C
:105BC000400AF4EEC00AF1EE10FA24D2214890ED1A
:105BD0001A0AB5EEC00AF1EE10FA02DD90ED1A0ACB
:105BE00004E01C4890ED1A0AB1EE400AF3EE0E0AEA
:105BF000B4EEE00AF1EE10FA0DD817480088401C08
:105C00001549088008460088B0F5FA7F0ADB4FF492
:105C1000FA70088006E01049088800EBD07149103E
:105C20000D4A11800C480088B0F5C87F0FDB0B4887
:105C3000F1F758FF0948A838F1F754FF054890EDEF
:105C4000190A034880EDA90A00200349088010BD05
:105C50009854002074280020400E0020E0570020B7
:105C600010B50246114B1B68114C2340114CA34246
:105C700009D1114B9A4202D101F11E0301E001F159
:105C80001E03184611E0094B1B68094C23400B4CBE
:105C9000A34209D1084B9A4202D101F11E0301E04F
:105CA00001F13E03184600E0002010BD00E00F4067
:105CB0000000FF70000005100080034000000A1083
:105CC00010B50A20DAF764FB0320094908600A20AE
:105CD000DAF75EFB00200749C1F8C0020A20DAF7B4
:105CE00057FB0020024908600A20DAF751FB10BD7B
:105CF000FCD00F4000E00A4070B50446E1090120E5
:105D00008840C5430A20DAF743FB032008490860AE
:105D10000A20DAF73DFB0748C0F8C0520A20DAF73C
:105D200037FB0020024908600A20DAF731FB70BD1A
:105D3000FCD00F4000E00A4000BF0348806900F03B
:105D400001000028F9D1704700F00A4030B5024642
:105D50000C4B18240C4800680C4D28400C4DA842F0
:105D600001D10C4B00BF002108E053F831009042F4
:105D700003D103EBC100406830BD491CA142F4D3FC
:105D80000020F9E7A0E9020000E00F400000FF70EA
:105D900000000A1060EA0200F0B503460C460F4D01
:105DA0000C260F4800680F4F38400F4FB84201D102
:105DB0000E4D082600210DE055F83100984208D11B
:105DC00005EBC1004268B4F57F4F00D1521C10466C
:105DD000F0BD491CB142EFD30020F9E788EE020084
:105DE00000E00F400000FF7000000A10E8EE020023
:105DF00030B502460C4B08240C4800680C4D284076
:105E00000C4DA84201D10C4B00BF002108E053F813
:105E10003100904203D103EBC100406830BD491C02
:105E2000A142F4D30020F9E728EF020000E00F4080
:105E30000000FF7000000A1068EF020003B4019830
:105E40004100009850EAC12018BF04204A0D18BF35
:105E500040F0010040F2FF72B2EB515F08BF40F02A
:105E60000200012808BF052002B070474100080267
:105E700018BF04200A0E18BF40F001004FF07F4207
:105E800032EA010108BF40F00200012808BF0520E6
:105E90007047014621F00040C0F1FF40C00F70473D
:105EA000014621F00040C0F1FF40C00F704701469D
:105EB00021F00040C0F1FF40C00F7047014621F0C3
:105EC0000040C0F1FF40C00F7047014621F0004084
:105ED000C0F1FF40C00F7047014621F00040C0F103
:105EE000FF40C00F7047014621F00040C0F1FF4065
:105EF000C00F7047014621F00040C0F1FF40C00FC5
:105F00007047014621F00040C0F1FF40C00F7047CC
:105F100010B54FF00E402DED028BB0EE408A18EE1A
:105F2000104A00EB4400B0F1506F4AD84FF0FC40EB
:105F3000B0EB440F22D2B0EEC80AF7EE000A30EE02
:105F4000C00AF6EE000A60EE208A18EE900A06F00B
:105F500049FE01EE100A14F0004F1DBFDFED2D0ABF
:105F60009FED2D0AB1EE411ADFED2C0A08BF9FED1F
:105F70002C0AF8EE001A21EE218A05E0DFED290A4D
:105F800068EE088AB0EE600A9FED271ADFED271A47
:105F900030EE080A48EE811A9FED251A08EEA11A84
:105FA000DFED241A48EE811A9FED231A08EEA11A9C
:105FB00068EE281ABDEC028B01EE810A30EE200A51
:105FC00010BD4FF0E440B0EB440F0CD918EE100AAE
:105FD000FFF74CFF042808BF01F074FBB0EE480A3D
:105FE000BDEC028B10BD4FF07F40B0EB440F07D2E9
:105FF000B0EE480ABDEC028BBDE8104001F054BB86
:106000000120DAF7CAFABDEC028BBDE8104001F0BE
:1060100051BB00000000C9BF22AAFDB90000C93F62
:1060200022AAFD390000000024FE1C3DC78AD83C8E
:106030001E67383D1B93993DAFAA2A3E0000000021
:1060400070B59B482DED020B2DED068B079D25F0BD
:106050000044A04218DC9748844202DC0AD106982A
:1060600040B19DED060BBDEC068B02B0BDE8704063
:1060700001F0EEBA002DCCBF9FED8F0B9FED900B82
:10608000BDEC068B02B070BD8F48A04215DD8F4875
:10609000A042D8BF4FF0FF3458DD9DED060B51EC08
:1060A000100BFFF7CBFE042808BF01F0EDFA9DEDC1
:1060B000060BBDEC068B02B070BD9DED060B51ECDE
:1060C000100B01F04DFDCDE9060181489FED828B5B
:1060D000A0423CDD8248A0421FDD00249FED82AB40
:1060E0009DED060B53EC1A2B51EC100B07F0E0FD65
:1060F0009DED060B41EC190B53EC1A2B51EC100BD8
:1061000008F0A6F853EC182B08F0AEFA53EC192B54
:1061100007F082FECDE9060149E09DED060B012462
:1061200053EC182B51EC100B07F0C2FD9DED060B44
:1061300041EC190B53EC182B51EC100B08F094FAAE
:1061400053EC192B07F068FECDE906012FE06848F3
:10615000A0421FDD02249FED689B9DED060B53ECD2
:10616000192B51EC100B08F073F853EC182B07F0B7
:106170009FFD9DED060B41EC180B53EC192B51ECD8
:10618000100B08F071FA53EC182B07F045FECDE91F
:1061900006010CE09DED060B032453EC102B9FED44
:1061A000580B51EC100B07F037FECDE906019DEDC1
:1061B000060B53EC102B51EC100B08F049F841EC96
:1061C000180B53EC182B08F043F841EC190B4E4810
:1061D0000621B0EE490AF0EE690A784401F024F98C
:1061E00053EC182B51EC100B08F032F841EC180B63
:1061F0004648B0EE490AF0EE690A0521784401F0FC
:1062000013F953EC192B51EC100B08F021F841EC69
:10621000100B51EC180B53EC102B002C0EDA07F07E
:1062200047FD9DED061B53EC112B08F011F89DED79
:10623000061B53EC112B08F03FF935E007F038FD51
:106240009DED061B53EC112B08F002F841EC100BEE
:106250002F48784400EBC40090ED001B51EC100B6C
:1062600053EC112B08F000FA9DED061B53EC112B9B
:1062700008F0FAF941EC100B2648784400EBC40012
:1062800090ED001B51EC100B53EC112B08F014F99E
:1062900041EC100B002DA2BFBDEC068B02B070BD0F
:1062A00051EC100B07F0C6FC41EC100B01E70000AD
:1062B000000010440000F07F182D4454FB21F93FEA
:1062C000182D4454FB21F9BF0000DC3F0000203EA4
:1062D0000000F33F00000000000000000000F03F5D
:1062E0000000E63F00000000000000000000004049
:1062F0000080034000000000000000000000F83FA4
:10630000000000000000F0BF3ABE0000F0BD000039
:106310007ABD000032BD000070B54FF068422DED2F
:10632000048BF0EE408A18EE900AB0EE608A18EE08
:10633000101A02EB4003B3F1654F3CBF02EB410280
:10634000B2F1654F7DD200BFC0F3C753C1F3C7524E
:106350009A1A1B2A09DD10F0004F14BF9FED830A23
:106360009FED830ABDEC048B70BD12F11A0F36DA73
:1063700011F0004F09D010F0004F0CBF9FED7D0AC7
:106380009FED7D0ABDEC048B70BD88EE889A19EEF6
:10639000100AFFF76BFD042808BF01F093F918EE0F
:1063A000900AFFF763FD054618EE100AFFF75EFD41
:1063B000044619EE100AFFF759FD042D18BF052DEC
:1063C00008D1042C18BF052C04D1002804BF0220DA
:1063D000DAF7E3F8B0EE490ABDEC048B70BD420079
:1063E000B2EB410F3AD910F0004F19BFDFED630A4D
:1063F0009FED630ADFED630A9FED630AB0EE481A72
:106400000A46B1EE688A80F00041F0EE418A1046FB
:106410000A1A5200B2F1807F34D2484010F0004F87
:10642000DFED5A1A9FED5A2A1DBFBEEE001A70EE1C
:10643000E10A30EE420AB6EE001A08BF70EEA10A79
:1064400000E040E008BF30EE020AB0EE682A01EE3C
:10645000482A08EE818AC2EE081A15E011F0004FB2
:1064600004BF9FED4C0AF0EE400AD1D010F0004F6F
:1064700019BFDFED490A9FED490ADFED490A9FED9B
:10648000490AC5E7C8EE881A21EEA11A9FED462AEF
:10649000DFED462A41EE022A9FED452A01EE222A2F
:1064A000DFED442A41EE022A9FED432ABDEC048B26
:1064B00001EE222A21EE811A01EE020A30EE210AB3
:1064C00030EE200A70BD4FF07F42B2EB400F28BF84
:1064D000B2EB410F09D2F0EE480AB0EE680ABDEC0B
:1064E000048BBDE8704001F0E2B840EA01035B00B4
:1064F00008BF41F0FF410BD0B2EB400F08BFB2EB39
:10650000410F08D120F0804008EE900A21F0804130
:1065100008EE101A18E7B2EB400F12BF5FEA410312
:1065200040F0FF4001F000413FF40EAFB2EB410FED
:1065300012BF5FEA400200F0004041F0FF413FF42B
:1065400003AF4A0092EA40033FF5FEAE002AACBF1B
:106550009FED1A0A9FED1A0A68EE808A28EE008ADB
:1065600018EE900A18EE101AEEE60000DB0FC9BF15
:10657000DB0FC93FDB0F4940DB0F49C00000C9BF3B
:1065800022AAFDB90000C93F22AAFD390060ED3EF4
:10659000C30ACE3700000000000049C022AA7DBA1D
:1065A0000000494022AA7D3A2DAD65BD8FB8D53D8A
:1065B0000FB511BE61C84C3EA8AAAABE0000804F0C
:1065C0000000802F10B54FF00E412DED028BB0EE84
:1065D000408A18EE100A01EB4001B1F1145F5CD261
:1065E0004FF0FE41B1EB400F24BF9FED400AF0EEAB
:1065F000400A12D210F0004F19BFDFED3D0A9FEDA7
:106600003D0ADFED3D0A9FED3D0AFFEE001A81EEE7
:10661000881AB0EE418A18EE100A4FF0FC41B1EB37
:10662000400F1BD210F0004FDFED351A9FED352AD9
:106630001DBFBEEE001A70EEE10A30EE420AB6EE61
:10664000001A04BF70EEA10A30EE020A38EE412AA9
:10665000F7EE001A48EE011A82EE218ADFED2A1ABF
:106660009FED2A2A28EE081A01EE212ADFED281ACA
:1066700041EE021A9FED272A01EE212ADFED261AAC
:1066800041EE021A28EE011A01EE210A30EE080A44
:10669000BDEC028B30EE200A10BD4FF0E441B1EBAF
:1066A000400F0CD918EE100AFFF7E0FB042808BFD2
:1066B00001F008F8B0EE480ABDEC028B10BD4FF0B7
:1066C0007F41B1EB400F07D2B0EE480ABDEC028B20
:1066D000BDE8104000F0E8BF10F0004F14BF9FED80
:1066E0000F0A9FED0F0ABDEC028B10BD00000000E9
:1066F0000000C9BF22AAFDB90000C93F22AAFD3986
:106700000060ED3EC30ACE372DAD65BD8FB8D53DD7
:106710000FB511BE61C84C3EA8AAAABEDB0FC9BF07
:10672000DB0FC93F0000000010B52F499FED2C1B67
:106730002DED020B84B0059820F000408842D8BFB0
:106740009DED040B2DDD2949884209D1049840B9FB
:106750004FF00100D9F721FF00F086FF06B010BD11
:1067600005DB9DED040B00F073FF06B010BD68461D
:106770009DED040B00F084FB10F0030004BF9DEDC1
:10678000021B9DED000B0CD001280ED09DED021BCD
:106790009DED000B022817D0012000F0C1FE06B0CD
:1067A00010BD00F089FD06B010BD9DED021B9DEDF2
:1067B000000B012000F0B4FE51EC100B07F03AFA88
:1067C00006B041EC100B10BD00F076FD51EC100B43
:1067D00007F030FA06B041EC100B10BD00000000CD
:1067E0000000000000000000FB21E93F0000F07FF6
:1067F00010EE101A08B5444A6846B2EB410F28D98A
:106800004FF0E640B0EB410F94BF00204FF0FF3057
:1068100000900098002861DB60EE000A10F0010F84
:1068200045D010F0020FDFED391A9FED391A00EE56
:10683000E11ADFED381A40EE811A21EEA01AF0EECF
:10684000400A40EE010A08BFF1EE600AB0EE600AAD
:1068500008BD314B21F0004293423CD911F0004F6A
:10686000DFED2E0A20EE201ADFED2D0A19BF31EEE2
:10687000601A71EE200A31EE201A71EE600ABDEE48
:10688000E01A11EE100A9FED271A00F0030000EE47
:10689000C10A9FED251A009000EEC10A9FED231A50
:1068A00000EEC10A9FED221A00EEC10AB1E79FED8A
:1068B000211A9FED210A10F0020F00EE810A9FEDD0
:1068C0001F1A00EE801AB7EE000A00EE810A18BF08
:1068D000B1EE400A08BD00F0FDFE9AE710EE100A86
:1068E0004000B0F17F4F3CBFB7EE000A08BD07D1B2
:1068F0004FF00100D9F751FEBDE8084000F0DABEC4
:10690000BDE8084000F0D0BEB61F927E336D4C3912
:10691000DA82083CA0AA2ABE490E494683F9223FE2
:106920000000004B0000C93F00A0FD390020A23349
:106930001A61342CB93AB2BACA9F2A3DDDFFFFBEB4
:1069400010EE100AC0F3C7517F391729A8BF70474E
:10695000DFED140A002970EE200A0DDAF5EEC00A08
:10696000F1EE10FA1ADD0028A8BF002016DAB0F107
:10697000004F18BF0C4811E00C4ACA40104208BF33
:106980007047F5EEC00AF1EE10FA07DD002804DAD0
:106990004FF4000323FA01F10844904300EE100A7B
:1069A00070470000CAF24971000080BFFFFF7F00FE
:1069B00010B52DED028BB0EE608AF0EE408A18EE35
:1069C000101A18EE900A07F071FF00F07040B0F155
:1069D000004F0CD018EE100A20F00040C0F1FF402C
:1069E000C00F02BFB0EE480ABDEC028B10BDB0EE86
:1069F000680ABDEC028B10BD10B52F499FED2C1B12
:106A00002DED020B84B0059820F000408842DCBFD9
:106A100000209DED040B32DD2849884209D10498FD
:106A200040B94FF00100D9F7B8FD00F01DFE06B0E7
:106A300010BD05DB9DED040B00F00AFE06B010BD95
:106A400068469DED040B00F01BFA10F0030011D016
:106A5000012818D09DED021B9DED000B02281AD0D5
:106A600000F02AFC51EC100B07F0E4F806B041EC02
:106A7000100B10BD9DED021B9DED000B012000F0E1
:106A80004FFD06B010BD9DED021B9DED000B00F00B
:106A900013FC06B010BD012000F042FD51EC100BBC
:106AA00007F0C8F806B041EC100B10BD0000000064
:106AB0000000000000000000FB21E93F0000F07F23
:106AC00000B510EE101A2DED028B81B0524A6846C7
:106AD000B2EB410F2ED94FF0E640B0EB410F94BF1F
:106AE00000204FF0FF3000900098B0EE408A002860
:106AF0006ADB10F0010F4BD068EE080A9FED471AD1
:106B00009FED470A00EE810A9FED461A10F0020F32
:106B100000EE801AB7EE000A00EE810A02BF01B053
:106B2000BDEC028B00BD00BF01B0B1EE400ABDEC70
:106B3000028B00BD3C4B21F00042934241D911F041
:106B4000004FDFED3A0A20EE201ADFED390A19BFB7
:106B500031EE601A71EE200A31EE201A71EE600AF1
:106B6000BDEEE01A11EE100A9FED321A00F003009C
:106B700000EEC10A9FED301A009000EEC10A9FEDB1
:106B80002F1A00EEC10A9FED2E1A00EEC10AABE7E4
:106B900028EE080A9FED2B1ADFED2B0A10F0020FEA
:106BA00040EE410A9FED291A00EE201A61EE000A1C
:106BB000B0EE480A08EE200AB6D101B0BDEC028B57
:106BC00000BD00F087FD8FE718EE100A4000B0F11D
:106BD0007F4F0DD218EE100AFFF748F9042808BFBE
:106BE00000F070FDB0EE480A01B0BDEC028B00BDB4
:106BF00009D10120D9F7D1FC01B0BDEC028B5DF8C1
:106C000004EB00F057BD01B0B0EE480ABDEC028BBA
:106C10005DF804EB00F048BDB61F927EB93AB2BAF7
:106C2000CA9F2A3DDDFFFFBE490E494683F9223F38
:106C30000000004B0000C93F00A0FD390020A23336
:106C40001A61342C336D4C39DA82083CA0AA2ABE72
:106C500000B52DED048BB0EE409AF0EE609A83B053
:106C600051EC190B07F034FC41EC180B18EE100A2C
:106C700018EE901A8DED008B002818BF01200843F4
:106C800020F00040C0F17F6000F1E040C00F14D060
:106C900019EE101A19EE900A8DED009B002918BF0D
:106CA0000121084320F00040C0F17F6000F1E04086
:106CB000C00F04BF0120D9F770FCB0EE480A03B042
:106CC000F0EE680ABDEC048B00BD10B52DED028B13
:106CD000B1EEC08A18EE100A20F00040C0F1FF406B
:106CE000C00F0AD010EE100A20F00040C0F1FF40A3
:106CF000C00F04BF0120D9F750FCB0EE480ABDEC2C
:106D0000028B10BD00B510EE101A2DED028B81B074
:106D10004D4A6846B2EB410F3CD94FF0E640B0EB2C
:106D2000410F94BF00204FF0FF3000900098B0EE6C
:106D3000408A00285FDB28EE080ADFED440A9FED59
:106D4000441A00EE201ADFED430A40EE010A9FEDDF
:106D5000421A00EE201ADFED410A10F0010F40EE5A
:106D6000010A9FED3F1A00EE201A61EE000AB0EE14
:106D7000480A08EE200A02BF01B0BDEC028B00BD3C
:106D8000BFEE001A01B0C1EE000ABDEC028BB0EEFE
:106D9000600A00BD334B21F00042934228D911F024
:106DA000004FDFED310A20EE201ADFED300A19BF67
:106DB00031EE601A71EE200A31EE201A71EE600A8F
:106DC000BDEEE01A11EE100A9FED291A00F0030043
:106DD00000EEC10A9FED271A009000EEC10A9FED58
:106DE000261A00EEC10A9FED251A00EEC10A9DE7A2
:106DF00000F070FC9AE718EE100A4000B0F17F4FE7
:106E00000DD218EE100AFFF731F8042808BF00F081
:106E100059FCB0EE480A01B0BDEC028B00BD09D1AF
:106E20000120D9F7BAFB01B0BDEC028B5DF804EB91
:106E300000F040BC01B0B0EE480ABDEC028B5DF83A
:106E400004EB00F031BC0000B61F927EBBE9223C8F
:106E50000C6D063B8A76CE3CACB5593D35A1083E5B
:106E600029AAAA3E490E494683F9223F0000004B59
:106E70000000C93F00A0FD390020A2331A61342C64
:106E80002DE9F14F04462DED020B2DED088B8AB054
:106E90009FEDE70B80ED020B139EE74826F00045BF
:106EA00085420ADC9DED120B002084ED000B0AB038
:106EB000BDEC088B03B0BDE8F08FE0489FEDE0AB80
:106EC0009FEDE1BBA84247DDE14F9FEDE39B9FEDC6
:106ED000E48B9DED120B53EC1A2B51EC100B002E92
:106EE0001CDD07F0C1FB41EC100BBD4208D053EC98
:106EF0001B2B51EC100B07F0B7FBC4E900010BE0B2
:106F000053EC192B51EC100B07F0AEFB53EC182B84
:106F100007F0AAFBC4E900010120C8E706F0C8FE9B
:106F200041EC100BBD4208D053EC1B2B51EC100B65
:106F300006F0BEFEC4E900010BE053EC192B51EC46
:106F4000100B06F0B5FE53EC182B06F0B1FEC4E9A9
:106F500000014FF0FF30AAE7C348A84279DB9DED5E
:106F6000120B51EC100B00F0FBFD41EC180B9FEDE8
:106F7000C00B53EC102B07F06BF99FEDBF1B53ECCC
:106F8000112B06F095FE07F09FF8074607F0F9F879
:106F900041EC190B53EC1A2B07F05AF953EC182B50
:106FA00007F08AFA41EC180B53EC1B2B51EC190B30
:106FB00007F04EF9DFF8C8A241EC100B4FEA155864
:106FC0000125FA4453EC102B51EC180B07F04CFB45
:106FD000032DC4E900013DD0C1F30A5005EB451172
:106FE000A8EB00001139814234DA0AEB051BB0EE40
:106FF00048AA9BED000BF0EE68AA53EC102B51EC65
:10700000190B07F025F941EC1B0B51EC1A0B53EC53
:107010001B2B07F029FB41EC180B51EC1A0B53EC1E
:10702000182B07F021FB53EC1B2B07F01DFB9BEDEE
:10703000020B41EC1A0B53EC102B51EC190B07F01F
:1070400007F953EC1A2B07F00FFB41EC100B6D1CEA
:10705000B8E70EE0002EA8BF3846BFF628AF94ED83
:10706000000B51EC100B06F0E5FDC4E9000178427D
:107070001DE7C6F3130040F4801EC6F30A50A0F2C9
:10708000F530471100F01F05C5F12000DDF848B0CC
:1070900008900020069007900520EC467949002DC5
:1070A00007EB0002794408BF51F8221009D051F8CB
:1070B000223001EB8201AB404A68089922FA01F1C3
:1070C0001943A1FB0E26A1FB0B131A449A4234BFAD
:1070D0000123002303EB06080CEB8003D3E901A690
:1070E0000E448E4234BF0121002192448A4411B1E2
:1070F000924502D903E0924501D2012100E000212E
:10710000C3E901A641444CF82010011EA0F1010082
:10711000C4DC029800F10050850F0298DDE9036796
:107120008000DDF8148007F02CF841EC1A0B304693
:1071300007F03EF89FED541B53EC112B07F088F835
:1071400041EC1B0B384607F033F89FED511B53EC15
:10715000112B07F07DF841EC180B404607F028F89A
:107160009FED4D1B53EC112B07F072F841EC190BFE
:1071700051EC180B53EC192B06F09AFD53EC1B2B1A
:1071800006F096FD53EC1A2B06F092FDCDE90801AE
:10719000002008909DED080B53EC1A2B51EC100BBE
:1071A00007F062FA53EC1B2B07F05EFA53EC182B36
:1071B00007F05AFA53EC192B07F07EF99FED381BB4
:1071C00053EC112B07F044F89FED370B41EC180BF3
:1071D00053EC102B9DED080B51EC100B07F038F819
:1071E00053EC182B06F064FD9FED310B41EC180BAE
:1071F00053EC102B9DED080B51EC100B07F028F809
:1072000053EC182B06F054FD41EC100B139810F0C2
:10721000004F06D06D4251EC100B06F00BFD41EC17
:10722000100B284684ED000B41E600000000000032
:107230000000000000000000FB21E93F7CD9024073
:1072400000004054FB21F93F3163621A61B4D03D24
:10725000FB21F93F000000000000601A61B4D03D3E
:107260007370032E8A19A33BFB21394100000000F3
:1072700083C8C96D305FE43F000000000000E03FBC
:10728000B2B0000000B00000000000000000103E9E
:10729000000000000000103C000000000000103A58
:1072A000182D4454FB21F93D3326A611460B113C01
:1072B00000000054FB21F93D10B52DED040B2DED20
:1072C000088B82B0B0EE419AF0EE619A0B9820F0F4
:1072D00000449FED4BABB4F1795F11DA9DED0A0BE1
:1072E00051EC100B06F0F0FE002801BFB0EE4A0A88
:1072F000F0EE6A0A02B0BDEC088B04BF04B010BD0A
:107300009DED0A0B53EC102B51EC100B06F0A0FF77
:1073100041EC180B3C480621B0EE480AF0EE680A32
:10732000784400F081F853EC182B51EC100B06F068
:107330008FFF9DED0A0B41EC1B0B53EC192B51EC0D
:10734000100B06F085FF41EC190B53EC1B2B51EC95
:10735000180B06F07DFF53EC192B07F085F99FED14
:107360002C0B41EC190B53EC102B51EC180B06F0C5
:107370006FFF41EC100B2848844210DA53EC192BB4
:1073800051EC100B07F070F953EC1A2B07F094F83E
:1073900041EC100B02B0BDEC088B04B010BD1F48CF
:1073A000A042BCBF9FED1E1B8DED001B06DBA4F5AC
:1073B00000100190002000909DED001B51EC100B7F
:1073C00053EC112B07F050F99DED000B41EC180B1D
:1073D00053EC102B51EC1A0B07F046F941EC1A0B49
:1073E00053EC192B51EC180B07F03EF953EC1A2B08
:1073F00007F062F841EC100BCCE700000000000041
:10740000000000000000F03F24AD0000000000007C
:10741000000000000000E03F3333D33F0000E93FAD
:10742000000000000000D23F70B504462DED028B35
:107430004D1E00EBC500B0EE408AF0EE608A90ED84
:10744000000B35F0060017D053EC182B51EC100B45
:1074500006F0FEFE41EC100B6D1E04EBC50090ED36
:10746000001B51EC100B53EC112B06F021FC41ECEE
:10747000100B35F00600E7D1022D36D0042D1CD0BC
:10748000062D1CBFBDEC028B70BD53EC182B51ECCC
:10749000100B06F0DDFE94ED0A1B53EC112B06F0E9
:1074A00007FC53EC182B06F0D3FE94ED081B53ECAD
:1074B000112B06F0FDFB41EC100B53EC182B51EC9B
:1074C000100B06F0C5FE94ED061B53EC112B06F0D5
:1074D000EFFB53EC182B06F0BBFE94ED040B53ECC2
:1074E000102B06F0E5FB41EC100B53EC182B51EC84
:1074F000100B06F0ADFE94ED021B53EC112B06F0C1
:10750000D7FB53EC182B06F0A3FE94ED001B53ECB5
:10751000112B06F0CDFBBDEC028B41EC100B70BDC6
:1075200031B504462DED040B2DED0A8BB0EE41BABA
:10753000F0EE61BA0B989DED0A0B20F00040B0F11F
:10754000795F0DDA51EC100BFEF778FC042808BFC8
:1075500000F09AF89DED0A0BBDEC0A8B05B030BD2A
:1075600053EC102B51EC100B06F072FE41EC180B93
:107570009DED0A0B53EC182B51EC100B06F068FE36
:1075800041EC190B2C48B0EE480AF0EE680A0521D0
:107590007844FFF749FF9FED2ACBB0EE40AAF0EE0A
:1075A00060AA9CB353EC1C2B51EC190B06F050FE57
:1075B00041EC1C0B53EC1A2B51EC190B06F048FE56
:1075C0009FED210B41EC190B53EC102B51EC1B0BD5
:1075D00006F03EFE53EC192B07F046F853EC182B3F
:1075E00006F036FE53EC1B2B07F03EF853EC1C2B39
:1075F00007F03AF89DED0A1B53EC112B06F05CFFE7
:10760000BDEC0A8B05B041EC100B30BDFFE753EC2D
:107610001A2B51EC180B06F01BFE53EC1C2B06F03A
:1076200047FB53EC192B06F013FE9DED0A1B53ECA0
:10763000112B06F03DFBE3E7CCAB0000000000009F
:10764000495555555555C5BF000000000000E03FA5
:1076500010B553EC102B51EC100B06F029FB41EC4C
:10766000100B10BD000000009FED050B10B553EC92
:10767000102B51EC100B06F0CFFB41EC100B10BDA2
:1076800000000000000000009FED050B10B553EC5A
:10769000102B51EC100B06F0DBFD41EC100B10BD74
:1076A000000000000000001030EE000A704730EECD
:1076B000200A7047DFED020A80EEA00A7047000042
:1076C000000000009FED020A20EE000A7047000053
:1076D000000000102DE9F0014FF07F42B2EB410FA6
:1076E0009FBF4FF0FF310160BDE8F00170474FF0E0
:1076F000004242EA0123C1F3C752783A551112F011
:107700001F0C434CCCF120067C44C1F3C752A2F1BC
:1077100078024FEA621204EB820254F8254008BF57
:10772000D2E9015612D0556804FA0CF425FA06F78E
:107730003C43976805FA0CF527FA06F8D26807FA71
:107740000CFCF24045EA08054CEA0206A4FB034C97
:10775000A5FB0352A6FB03631D449D4234BF0126D3
:1077600000261319334416B1934202D903E0934221
:1077700001D2012200E00022624402F1200C9206B4
:10778000DC0C42EA443200EE102A5B03DFED210AF2
:10779000F8EEC01A00EE103A4FEA9C1C11F0004FB0
:1077A000B8EE400AC0F800C020EE201A00EE105AD1
:1077B000DFED190AB8EE400A20EE200A71EE810AC8
:1077C00070EE800A10EE902A02F500626FF30B0251
:1077D00000EE902A70EEE11A31EEC11ADFED101AB8
:1077E00030EE411A9FED0D0A20EE800A01EE210ACB
:1077F0009FED0C1A00EE810A04BFBDE8F00170474E
:10780000CCF180510160BDE8F001B1EE400A704753
:1078100034AA0000000000360000802C22AAFD29B6
:10782000DB0FC92F0000C92F00200B4991ED270A5B
:10783000B5EEC00AF1EE10FA02DD91ED270A04E080
:10784000054991ED270AB1EE400AB5EEC00AF1EE06
:1078500010FA00D001207047B026002010B52DEDA1
:10786000028BB0EE408AF0EE608AF0EE680AB0EE6D
:10787000480A01F08FF9BDEC028B10BD10B5002055
:10788000EEF70EFB0020084981F83000074890ED24
:10789000260A084680ED060ADFED050A9FED040A78
:1078A0000020E0F7BDFE10BDF4620020B0260020ED
:1078B0000000000010B52DED048BB0EE408AF0EE14
:1078C000608AB0EE419A18EE100AFEF7F7FA40B15E
:1078D00038EE890AF6EE000A20EE200ABDEC048B91
:1078E00010BDB4EEE88AF1EE10FA02D2B0EE680AEA
:1078F000F4E7B4EEC98AF1EE10FA02DDB0EE490AFF
:10790000ECE7B0EE480AE9E703468B4201DA0846A5
:107910007047934201DD1046FAE71846F8E7034640
:107920008B4201DA08467047934201DD1046FAE7C0
:107930001846F8E710B504464FF47A7104FB01F0DD
:1079400000F001F810BD70B5044602F05BFB05467F
:1079500000BF02F057FB401BA042FAD370BD10B528
:1079600004462046DCF7E8FE10BD10B5044620466C
:10797000FFF7E9FF10BD0000002023E0134931F9B3
:10798000101001EBC10202EB011100EE101AB8EE6B
:10799000C00A0F4901EB800181ED000A0B49183143
:1079A00031F9101001EBC10202EB011100EE101AC7
:1079B000B8EEC00A0649803101EB800181ED000A72
:1079C000411C88B20C28D9DB70470000201F03003F
:1079D0006073002070B52DED028B04460D46B0EEAD
:1079E000408AB0EE480A2946204605F0B9FFBDECB2
:1079F000028B70BD70B504460D46164632462946C8
:107A00002046E6F7C9F870BD7047000070B52DED4F
:107A1000028B0025002605F0B3F97F2018E0411EF7
:107A20003B4A02EB810191ED000A114601EB800116
:107A300081ED000A411E02F5007202EB810191ED19
:107A4000000A114601EB800181ED000A411E88B257
:107A50000028E4DC2F4890ED030A2D4880ED000A51
:107A60002C4890ED060A2A4880ED800A002447E061
:107A7000274800EB840090ED000ADFED270A80EE36
:107A8000201AB0EE418AB7EE001AFFEE000AB0EEFF
:107A9000480AFFF70FFFF3EE000AB3EE001A41EEBB
:107AA000400ABCEEE00A10EE100A85B21B4800EB5B
:107AB000840090ED000ADFED1A0A80EE201AB0EE85
:107AC000418AB7EE001AFFEE000AB0EE480AFFF74F
:107AD000F1FEDFED140AB3EE001A41EE000ABCEE2F
:107AE000E00A10EE100A86B2012229B220B205F097
:107AF00025FC012231B220B205F020FC601C84B2CA
:107B0000802CB5DB05F04CF9BDEC028B70BD00009C
:107B10005C330020084C00200000C8435C35002086
:107B200000007A4500003C4270B50026002411E0B8
:107B300021460020E6F7A6F8002507E03146761C2E
:107B4000064A505CE6F7E6F8681CC5B2802DF5DB06
:107B5000601CC4B2082CEBDB70BD00006104002087
:107B600082B0CDE9000121F0004001909DED000BB5
:107B700002B051EC100B7047F0EE400A20EEA00A64
:107B8000B0EE401ADFED071A9FED070A01EE210A59
:107B900060EE201A9FED050A31EE002A81EE820A7E
:107BA00070470000D72DE03ED9E7D73FDCE7D73F4D
:107BB00010B57E487E49097830F81100C8B9FFF742
:107BC0005DFE012079497A4A127821F812004FF4BB
:107BD000FA617848764A127840F822100021084667
:107BE0009FED751ADFED750A9FED730AE3F7BEF995
:107BF000DBE06E486E49097830F81100012831D178
:107C0000FFF73CFE6B486A49097850F8210050B1F3
:107C100068486749097850F82100401E6549644A60
:107C2000127841F8220063486149097850F8210030
:107C30000028DDD102205D495D4A127821F812004A
:107C40004FF4FA605B495A4A127841F82200002149
:107C500008469FED591ADFED580A9FED580AE3F7E1
:107C600085F9A2E051485249097830F811000228FC
:107C700031D1FFF703FE4F484D49097850F82100F4
:107C800050B14C484A49097850F82100401E4949F2
:107C9000474A127841F8220046484549097850F889
:107CA0002100002816D103204049414A127821F8CA
:107CB00012004FF4FA603F493D4A127841F8220021
:107CC000002108469FED3C1ADFED3D0A9FED3A0A80
:107CD000E3F74CF969E035483549097830F8110087
:107CE000032830D1FFF7CAFD32483149097850F8EE
:107CF000210050B12F482E49097850F82100401E2C
:107D00002C492B4A127841F822002A482849097840
:107D100050F82100F0BB04202449254A127821F8AC
:107D200012004FF4FA612348214A127840F82210D9
:107D3000002108469FED201ADFED1F0A9FED200A63
:107D4000E3F714F931E019481949097830F81100BE
:107D5000042828D1FFF792FD16481549097850F8F4
:107D6000210050B113481249097850F82100401EF3
:107D700010490F4A127841F822000E480C49097840
:107D800050F8210030B905210848094A127820F836
:107D9000121000E009E04FF4FA610648044A127834
:107DA00040F8221001E0FFF769FD10BD706D002062
:107DB000901000209C6E0020000000000000C842CF
:107DC0000000C8C200B52DED048B83B09FEDD80A2A
:107DD000B0EE408A9FEDD60AF0EE408A9FEDD40ABD
:107DE000B0EE409AD348D449097830F81100002801
:107DF00050D1FFF743FDD14890ED010AD04880ED06
:107E0000000ACE4890ED020ACD4880ED010ACD4827
:107E100090ED000ACA4880ED020A0121C548C64A11
:107E2000127820F812104FF4FA61C748C24A12784B
:107E300040F822109FEDBE0AB0EE408A9FEDC30AC3
:107E4000F0EE408A9FEDBA0AB0EE409ABC4890ED41
:107E5000000A30EE080A8DED000A90ED010A30EEBE
:107E6000280A8DED010A90ED020A30EE090A8DED27
:107E7000020ADDED021AB0EE611ADDED011AF0EE34
:107E8000610ADDED001AB0EE610A01210846E3F750
:107E90006DF849E1A748A849097830F81100012890
:107EA00056D1FFF7EBFCA848A349097850F8210008
:107EB00050B1A548A049097850F82100401EA249B8
:107EC0009D4A127841F822009F489B49097850F852
:107ED00021000028DDD102219648974A127820F827
:107EE00012104FF4FA609849934A127841F8220030
:107EF0009FED960AB0EE408A9FED940AF0EE408A1C
:107F00009FED8B0AB0EE409A8D4890ED000A30EE5E
:107F1000080A8DED000A90ED010A30EE280A8DED79
:107F2000010A90ED020A30EE090A8DED020ADDED3C
:107F3000021AB0EE611ADDED011AF0EE610ADDED14
:107F4000001AB0EE610A01210846E3F70FF8EBE0F2
:107F500078487949097830F81100022856D1FFF79E
:107F60008DFC79487449097850F8210050B1764861
:107F70007149097850F82100401E73496E4A127801
:107F800041F8220070486C49097850F82100002817
:107F9000DDD103206749684A127821F812004FF4B6
:107FA000FA616948644A127840F822109FED670A26
:107FB000B0EE408A9FED5E0AF0EE408A9FED5C0ACB
:107FC000B0EE409A5E4890ED000A30EE080A8DED62
:107FD000000A90ED010A30EE280A8DED010A90EDBD
:107FE000020A30EE090A8DED020ADDED021AB0EE4A
:107FF000611ADDED011AF0EE610ADDED001AB0EE56
:10800000610A01210846E2F7B1FF8DE049484A497B
:10801000097830F81100032856D1FFF72FFC4A48A1
:108020004549097850F8210050B14748424909783C
:1080300050F82100401E44493F4A127841F822007E
:1080400041483D49097850F8210000286CD10420AE
:108050003849394A127821F812004FF4FA603A4947
:10806000354A127841F822009FED310AB0EE408A7D
:108070009FED2F0AF0EE408A9FED2D0AB0EE409A58
:108080002F4890ED000A30EE080A8DED000A90EDC1
:10809000010A30EE280A8DED010A90ED020A30EE59
:1080A000090A8DED020ADDED021AB0EE611ADDED6E
:1080B000011AF0EE610ADDED001AB0EE610A01214D
:1080C0000846E2F753FF2FE01A481B49097830F8B9
:1080D0001100042826D1FFF7D1FB1B481649097867
:1080E00050F8210050B118481349097850F8210080
:1080F000401E1549104A127841F8220012480E49D4
:10810000097850F8210078B905200A490A4A1278FE
:1081100021F812004FF4FA600B49074A127841F82F
:10812000220001E0FFF7AAFB03B0BDEC048B00BD09
:1081300000000000706D0020921000208469002073
:108140002C700020084C00209C6E00200000C842CB
:108150000EB5FFF793FB68486849097830F81100BD
:10816000002858D19FED660A3C20DAF78BFE65485F
:1081700090ED010A644880ED000A624890ED020A21
:10818000614880ED010A614890ED000A5E4880ED8B
:10819000020A34215E48594A127840F822105A489F
:1081A00090ED000A5B48D0ED000A30EE200A8DED1C
:1081B000000A554890ED010A5748D0ED000A30EE0C
:1081C000200A8DED010A504890ED020A8DED020A59
:1081D000DDED021AB0EE611ADDED011AF0EE610A72
:1081E000DDED001AB0EE610A01210846E2F7BEFE9D
:1081F00001204149414A127821F81200474988700C
:108200004CF25030088028204861B6EE000A08463B
:1082100080ED060A6FE038483849097830F81100D7
:108220003D2862DA3A483549097850F8210050B1C2
:1082300037483249097850F82100401E34492F4A06
:10824000127841F8220032482C49097850F8210070
:10825000F0BB34212E48294A127840F822102A48CF
:1082600090ED000A24482549097830F81100294981
:1082700001EB8000D0ED000A30EE200A8DED000AFF
:10828000214890ED010A1C481C49097830F811007A
:10829000214901EB8000D0ED000A30EE200A8DED7F
:1082A000010A194890ED020A8DED020ADDED021A6D
:1082B000B0EE611ADDED011AF0EE610ADDED001A93
:1082C000B0EE610A01210846E2F750FE0A4800E0DC
:1082D00011E00A49097830F81100401C81B20648C3
:1082E000064A127820F8121005E001210248034ADC
:1082F000127820F812100EBD706D0020931000202F
:1083000000004842846900202C700020084C0020A6
:108310009C6E0020387000202C7100205C3F0020F3
:1083200000200EE00021084A22F81010074A42F807
:108330002010074A42F82010064A42F82010411C3B
:1083400088B23228EEDB7047706D00209C6E0020F2
:10835000D46D0020646F002070B52DED068BB0EE5B
:10836000408AF0EE608A04460D46B0EE419ADFED99
:10837000110A69EE200AB0EE600ADFF7B9FCF0EEF0
:10838000409ADFED0C0A69EE200AB0EE600ADFF7D2
:108390003BFFB0EE40AA28EE290A08EECA0A84ED97
:1083A000000A28EE0A0A08EEA90A85ED000ABDECCB
:1083B000068B70BD35FA8E3C70B52DED068BB0EE98
:1083C000408AF0EE608A04460D46B0EE419ADFED39
:1083D000130A69EE200AB0EE600ADFF789FCF0EEBE
:1083E000409ADFED0E0A69EE200AB0EE600ADFF770
:1083F0000BFFB0EE40AAB1EE480A20EE290A08EEC3
:10840000CA0A84ED000AB1EE480A20EE0A0A08EE14
:10841000A90A85ED000ABDEC068B70BD35FA8E3CCD
:108420002DE9F05F2DED068BF0EE408AB0EE608A0C
:108430009FED5C1ADFED5C0AB0EE680AFFF73AFACE
:10844000F0EE408A9FED591ADFED590AB0EE480A66
:10845000FFF730FAB0EE408AB1EE040AC8EE800AA7
:10846000B0EE60AAB0EE4A0AFEF76AFAF1EE040A2C
:1084700020EE200ABDEEC00A10EE100A07B2B1EEDF
:10848000040AC8EE000AB0EE60AAB0EE4A0AFEF78F
:1084900057FAF1EE040A20EE200ABDEEC00A10EEF3
:1084A000100A04B207F15A00052190FBF1F000F028
:1084B000FF0804F1B40090FBF1F000F0FF09494619
:1084C000404600F0A5F8BDEEC00A10EE100A05B255
:1084D00009F10100C1B2404600F09AF8BDEEC00AB1
:1084E00010EE100A0FFA80FA09F10102D1B208F178
:1084F0000102D0B200F08CF8BDEEC00A10EE100AF6
:108500000FFA80FB08F10101C8B2494600F080F87B
:10851000BDEEC00A10EE100A06B200EE104AB8EE28
:10852000C00A38EE400AB1EE041AC0EE010AAAEB06
:10853000050000EE100AB8EEC01A00EE105AB8EEB0
:10854000C00A00EE810AB0EE409A00EE104AB8EE82
:10855000C00A38EE400AB1EE041AC0EE010AABEBD5
:10856000060000EE100AB8EEC01A00EE106AB8EE6F
:10857000C00A00EE810AF0EE409A00EE107AB8EEE2
:10858000C00A38EEC00AB1EE041AC0EE010A39EE94
:10859000C91AB0EE490A00EE810ABDEC068BBDE8AF
:1085A000F09F00000000B4420000B4C20000344359
:1085B000000034C30FB410B52DED028B0599089857
:1085C000401A00EE100AB8EEC00AB0EE408A07A8C2
:1085D00007C801F091FB06990998401A00EE900A2D
:1085E000F8EEE00A20EE200AF0EE408AF0EE680A8B
:1085F000B0EE480A02F0CEFCDFED040A20EE200ABD
:10860000BDEC028B10BC5DF814FB00008262363CAE
:108610002DE9FF5F04460D460026062C01DD222CC5
:108620002FDB222C02DBA4F11B00C4B204EBC4013B
:1086300001EB8411474A1144481902F08DFC0646AB
:10864000E91705EB517104EB8402434B03EB420243
:1086500002EBE100019502F07FFC8346E91705EB90
:108660005171C910A5EBC1028021114101EA0B0132
:1086700009B1704206B200EE106AB8EEC00ABDE859
:10868000FF9F072C01DBE01FC4B245B9334908192D
:1086900002F062FC00EE100AB8EE400AEFE74FF07D
:1086A000000AD046C1462D49081902F055FC06467D
:1086B000002709E029492531C81902F04DFC48443A
:1086C0001FFA80F9781C87B2A742F3DB4F4632E0ED
:1086D00003A80090224838444FF0010B01905A46FD
:1086E000DDE90001D7F7CAFE9DF80C0000F00F0A83
:1086F0009DF80C00C0F3001010B1CAF1000000E0BA
:1087000050460FFA80FA002002900AE006EB0A00B9
:1087100006B208F1010000F0FF080298401CC0B248
:1087200002909DF80C100298B0EB511F01DCA84597
:10873000ECDD781C87B209492531081902F00CFCE0
:108740004844B84201DDA845C2DD00EE106AB8EE2B
:10875000C00A94E7700F03004A120300AE12030030
:10876000F812030010B52DED028B86B004469FED84
:10877000300AB0EE408A9FED2E0AF0EE408A2D4876
:1087800090ED010A8DED040A90ED020A8DED050AC7
:1087900090ED040A8DED020A90ED050A8DED030AB5
:1087A00090ED070A8DED000A90ED080A8DED010AA3
:1087B0009DED031AF0EE410A9DED021AB0EE410A5A
:1087C00002F0E8FBB0EE408A9DED011AF0EE410A9E
:1087D0009DED001AB0EE410A02F0DCFBF0EE408A9B
:1087E000B3EE040AB4EEC08AF1EE10FA1DD89FED84
:1087F000120AF4EEC08AF1EE10FA16D80F4890ED86
:10880000080ADFED0F0AB4EEE00AF1EE10FA0CDB15
:108810009DED040A84ED000A9DED050A84ED010A30
:10882000012006B0BDEC028B10BD0020F9E700006E
:1088300000000000084C00200000204274280020A6
:10884000EC51783F70B504460E46002500222146C3
:108850001848E2F75FFC31461648E2F725FC07218D
:108860001448E2F71CFC4FF4FA7500BF1148E2F718
:108870000DFC20B1281EA5F101010DB2F6D1012297
:1088800021460C48E2F746FC07210A48E2F707FCBC
:108890004FF4FA7500BF0748E2F7F8FB20B1281E35
:1088A000A5F101010DB2F6D10248E2F7FAFBC0B220
:1088B00070BD00000000024037B504460D4601239C
:1088C00002AA2946204600F001F83EBD2DE9F047F6
:1088D0008046894614461D4600260022414624480B
:1088E000E2F718FC49462248E2F7DEFB0321204864
:1088F000E2F7D5FB4FF4FA7600BF1D48E2F7C6FB5E
:1089000020B1301EA6F101010EB2F6D1002715E00C
:10891000E15D1748E2F7C8FB01211548E2F7BFFB0C
:108920004FF4FA7600BF1248E2F7B0FB20B1301ED8
:10893000A6F101010EB2F6D1781CC7B2681EB8428A
:10894000E6DC215C0A48E2F7AFFB05210848E2F7C4
:10895000A6FB4FF4FA7600BF0548E2F797FB20B17B
:10896000301EA6F101010EB2F6D1BDE8F08700007D
:108970000000024070B504460D4600222146124810
:10898000E2F7C8FB29461048E2F78EFB07210E48A4
:10899000E2F785FB00BF0C48E2F778FB0028FAD12C
:1089A000012221460848E2F7B5FB07210648E2F715
:1089B00076FB00BF0448E2F769FB0028FAD10248C1
:1089C000E2F76FFBC0B270BD001002402DE9F0412C
:1089D0000746884614461D46002239462548E2F7D8
:1089E00099FB41462348E2F75FFB07212148E2F764
:1089F00056FB00BF1F48E2F749FB0028FAD10122CD
:108A000039461C48E2F786FB0B211A48E2F747FB80
:108A100000BF1848E2F73AFB0028FAD11548E2F700
:108A200040FB207001260FE009211248E2F737FBD6
:108A300000BF1048E2F72AFB0028FAD10D48E2F700
:108A400030FBA055701CC6B2681EB042ECDC05219C
:108A50000848E2F724FB00BF0648E2F717FB0028AE
:108A6000FAD10448E2F71DFBC1B2681E2154BDE8EB
:108A7000F08100000010024037B504460D46012386
:108A800002AA2946204600F001F83EBD2DE9F0413A
:108A90000746884614461D46002239461A48E2F722
:108AA00039FB41461848E2F7FFFA03211648E2F77E
:108AB000F6FA00BF1448E2F7E9FA0028FAD10026D6
:108AC0000FE0A15D1048E2F7EFFA01210E48E2F74E
:108AD000E6FA00BF0C48E2F7D9FA0028FAD1701C78
:108AE000C6B2681EB042ECDC215C0748E2F7DCFA53
:108AF00005210548E2F7D3FA00BF0348E2F7C6FABA
:108B00000028FAD1BDE8F0810010024010B5F7F757
:108B1000A5F94FF4FA71B0FBF1F42046F7F75EFBCC
:108B20000548F7F747FBF7F73CFBF7F731FBF7F79B
:108B300050FB0249086010BD4DFE01007803002083
:108B4000F0EE400AF6EE001A60EEA11AB0EE611ADD
:108B5000B0EE600A10EE100A0749A1EB600000EECB
:108B6000100A21EE002AF7EE081A42EE401A61EED2
:108B7000801AB0EE610A7047DF59375F10B50446BE
:108B800002E00120FEF7F1FE201EA4F10104F8D15D
:108B900010BD000010B52DED028BF0EE408AB0EE56
:108BA000608A00247B48F8F7F9FA40F2DC507A49F1
:108BB0000880B5EEC08AF1EE10FA06D1774890ED44
:108BC000000A774880EDFD0A02E0754880EDFD8AD5
:108BD0007048303890ED270AB5EEC00AF1EE10FA71
:108BE00026D16E4890ED000A6D4880EDFE0A9FED9B
:108BF0006D0A00F57C70EEF7ABF8B5EEC08AF1EEC9
:108C000010FA03D16848C0ED008A05E0674890ED8E
:108C10000C0A654880ED000A634890ED000A63483D
:108C2000A83080ED010A002400206149087026E088
:108C30005848303890ED270AB5EEC00AF1EE10FA28
:108C40000ADD90ED270A5948A83080ED010A012479
:108C500001205749087012E04E48303890ED270A3D
:108C6000B5EEC00AF1EE10FA09D290ED270A4F488E
:108C7000A83080ED010A012402204D4908704748C0
:108C800090ED030A4948A83080ED020A9FED450A9D
:108C9000EEF75EF84648007880B94448A830D0ED39
:108CA0000C0AB0EE600A9FED431ADFED430AFEF7AF
:108CB00001FE3E48A83080ED0C0A28E03C480078D0
:108CC000012810D13948A830D0ED0C0AB0EE600A66
:108CD0009FED3A1ADFED3A0AFEF7ECFD3348A83073
:108CE00080ED0C0A13E03248007802280FD12F489B
:108CF000A830D0ED0C0AB0EE600A9FED321ADFED1D
:108D0000320AFEF7D7FD2948A83080ED0C0A274823
:108D1000A83090ED0C0A00F5527080ED010A2B4846
:108D200090ED000A2A4880ED020A9FED1E0AEEF738
:108D30000FF8274890ED010ADFED260A80EE201A91
:108D400090ED0C0AD0ED071A1348008800EE900A47
:108D5000F8EE600A71EEA00ADFED1F1A70EEE10A6C
:108D600000EE810A1A4880ED0C0AD0ED0C0A0A4880
:108D7000008800EE100AB8EE400A30EE800ABDEE20
:108D8000C00A10EE100A154908802046BDEC028B7F
:108D900010BD0000E0260020360E0020084C002008
:108DA000985400200AD7A33B0C0D002088580020BF
:108DB000BC0C002000004843000048C30000C8432A
:108DC0000000C8C300007A4300007AC39852002014
:108DD000785C00200000754400408344380E002079
:108DE00008B5FE484068FE490860FC488068486055
:108DF000FC484068FC490860FA488068486000F018
:108E000099FDFA48007800287AD1F94800780028BE
:108E100077D1F848007801284ED1F748008801281A
:108E20004AD1F648D0ED000AF548008800EE100A55
:108E3000B8EE400AF4EEC00AF1EE10FA20D2E9488A
:108E40004068F0490860E748806848606420EE495F
:108E5000088008460088C0F1640000EE100AB8EEF1
:108E6000C00AEA4880ED000A0020E94908809FED29
:108E7000E90AE94880ED000A0020E849087014E09A
:108E8000D6484068DF490860D448806848609FED54
:108E9000E10ADE4880ED000AD84890ED000ADE487D
:108EA00080ED000A0120DD4908700020D2490880C9
:108EB0000120DB4908703BE1CE480078012879D1D8
:108EC000D74800780128FAD1CC48D0ED000ACC4828
:108ED000008800EE100AB8EE400AF4EEC00AF1EE87
:108EE00010FA0FDBCD48007860B90120CB4908703B
:108EF0004FF4C870CB4908800020CB4908802DE092
:108F00005BE127E1C548007840BBC1480088401CB0
:108F1000BF4908800846008808280FDBBA48008847
:108F2000012805DBB8480088401EB749088002E0E8
:108F30000020B54908800020B5490880B248008863
:108F4000C0F1640000EE100AB8EEC00AAF4880ED30
:108F5000000A9FEDB00AB04880ED000AAF480078E3
:108F60000128A8D1AF480088012805DBAD4800885A
:108F7000401EAC49088002E00020AA490880A948A8
:108F80000088C0B9954840689E4908609348806849
:108F900048609FEDA00A9D4880ED000A974890ED3B
:108FA000000A9D4880ED000A9C480078401C9B49BF
:108FB0000870BDE019E09C4800880028F9D1012024
:108FC00099490880874840688E49086085488068CC
:108FD00048609FED900A8D4880ED000A874890ED2B
:108FE000000A8D4880ED000AA2E08248007802283D
:108FF0001BD18B480078022817D0784840688149F7
:1090000008607648806848609FED820A7F4880ED5E
:10901000000A7A4890ED000A7F4880ED000A02209D
:109020007E4908707E49087082E072480078022804
:1090300013D17B48007802280FD1684840687149F5
:1090400008606648806848609FED720A6F4880ED4E
:10905000000A0220714908706AE066480078032817
:1090600027D16F480078032823D05C4840686549C1
:1090700008605A48806848606FF031006B4908808A
:109080000846B0F900006FF03101081A00EE100A2E
:10909000B8EEC00A5D4880ED000A00205C490880F7
:1090A0009FED5C0A5C4880ED000A02205B49087075
:1090B0003EE05048007803283AD159480078032808
:1090C00036D1464840684F49086044488068486047
:1090D0004F480088401C4E490880084600880828F0
:1090E00011DB5248B0F90000002806DA4F4800882A
:1090F000401C00B24D49088002E000204B49088026
:109100000020434908804948B0F900006FF0310160
:10911000081A00EE100AB8EEC00A3C4880ED000ABA
:109120009FED3C0A3C4880ED000A02203B49087054
:109130003F48007800902C480CC8324803C800F023
:109140008FF93548D0ED000A304890ED000AFFF75E
:1091500021FD83E036480078009023480CC8294858
:1091600003C800F07DF93348007802280FD1324857
:10917000007801280BD19FED270A244880ED000AD2
:109180001E4890ED000A244880ED000A0CE02948B2
:109190000078022808D128480078022804D19FEDE1
:1091A0001D0A1A4880ED000A1B48D0ED000A174836
:1091B00090ED000AFFF7EEFC50E09FED160A1F4805
:1091C00080ED040A9FED130A80ED050AF7F7DEFB38
:1091D0009FED1B0A0D4880ED000A33E0EC530020A0
:1091E000940C0020F85300208C0C0020A70C0020C9
:1091F000BA0C0020B60C0020B40C0020084C002053
:1092000062010020840C0020B00C00209C0C002087
:10921000CC0C002000000000A00C0020B80C0020A6
:10922000B70C0020AC0C0020AE0C0020B20C0020CB
:10923000B90C0020AA0C0020A90C0020F462002028
:10924000000048C31FED0D0A054880ED000AD0ED6F
:10925000000A044890ED000AFFF79CFC08BD0000DE
:10926000A00C00209C0C002010B53448007898BB5E
:10927000334890ED240A334880ED040A304890EDDD
:10928000250A304880ED050A2F48D0ED000A2F4806
:10929000008800EE100AB8EE400AF4EEC00AF1EEC3
:1092A00010FA05D8BBEE0E0A294880ED000A19E035
:1092B0002548D0ED000A2748008800EE100AB8EED5
:1092C000400AF4EEC00AF1EE10FA06D89FED220A29
:1092D0001F4880ED000A05E012E09FED200A1C48BF
:1092E00080ED000A9FED1E0A1E4880ED000A184816
:1092F000D0ED000A9FED1A0A0220DFF791F91CE079
:109300009FED170A0F4880ED040A9FED150A80EDC6
:10931000050AF7F73BFB9FED140A0D4880ED000AA4
:109320009FED0F0A0F4880ED000A0948D0ED000AB2
:109330009FED0B0A0220DFF773F910BDA70C002088
:10934000B0260020F4620020084C002072010020AA
:109350009C0C002062010020000048C20000C8C22E
:1093600000000000A00C0020000048C30FB583B02F
:10937000334903980968081A002804DD3049039826
:109380000968081A03E02E4903980968401A2D4914
:1093900088421DDBDDED030AF8EEE00A9FED2A1A94
:1093A00060EE810A9FED291A60EE810AB0EE600A34
:1093B000FDF71EFA264880ED000AB7EE001ADFED31
:1093C000250A90ED000AFEF775FA214880ED000AA3
:1093D0001B490398086005990398401A00EE100A8B
:1093E000B8EEC00ADFED1C0A20EE200A8DED020A5D
:1093F00006990498401A00EE100AB8EEC00ADFED94
:10940000160A20EE200A1248D0ED000A20EE200AAB
:109410008DED010A9DED020ADFED100A20EE200A13
:109420008DED020A9DED010ADFED0C0A20EE200A07
:109430008DED010A9DED010ADDED020A07B000BDC8
:10944000C00C0020A086010095BFD63335FA8E3CB3
:10945000C40C00200AD7233C8262363C0000C8427C
:109460003FB52DED028B83B00C9C00259FEDF70AD4
:10947000B0EE408A002001900290F5480CC8DDE96A
:109480000501FFF773FF8DED010ACDED020AF148EA
:109490000078002874D1E0F7A7FA002871D0EE48D0
:1094A000807801286DD1ED4890ED000AB5EEC00A34
:1094B000F1EE10FA7ED1EA4890ED000AB5EEC00A4E
:1094C000F1EE10FAF6D1E7480088401CE549088023
:1094D0000846008808286EDDE34890ED020AE3485C
:1094E00080ED010AE04890ED010AE14880ED010AB3
:1094F0009DED020ADC48D0ED020A30EE600ADD483C
:1095000080ED010A9DED010AD748D0ED010A30EE49
:10951000600AD84880ED000A90ED000AB1EE400ADA
:10952000D548D0ED0B0A20EE200AD248D0ED010A32
:10953000D14890ED0E1A00EE810AD04880ED000A65
:10954000CC4890ED000ACC48D0ED0E0A20EE200A5F
:10955000C848D0ED010AC84890ED0B1A00EE810A08
:10956000C64880ED010A24B99FEDC50AB0EE408AD5
:1095700013E0012C06D19FEDC30AB0EE408A0CE047
:1095800052E15CE1022C04D19FEDBF0AB0EE408AAB
:1095900003E09FEDBE0AB0EE408AB448D0ED090A60
:1095A000B64890ED001A60EE810AB0EE600AB0EEA7
:1095B000481A01E09DE029E0F1EE480AFEF77AF949
:1095C000B34880ED000AA948D0ED090AAB4890EDF8
:1095D000011A60EE810AB0EE600AB0EE481AF1EEB0
:1095E000480AFEF767F9AA4880ED010A90ED000AE3
:1095F0009E48A83080ED010AA54890ED010A9B48DD
:10960000A83880ED010A002096490880A14800880A
:10961000401CA049088008460088042867DB92485F
:1096200090ED040AB1EE400A9348D0ED0B0A20EE0B
:10963000200A8D48D0ED050A8F4890ED0E1A00EEF5
:10964000810A954880ED000A874890ED040A8A480F
:10965000D0ED0E0A20EE200A8348D0ED050A864898
:1096600090ED0B1A00EE810A8B4880ED010A90ED17
:10967000000A7E48A83080ED020A874890ED010A72
:109680007A48A83880ED020A9FED840A00F5A87098
:10969000EDF76AFC9FED810A7448A838EDF764FC89
:1096A0007248A83090ED0C0AB1EE400A7C4880ED7B
:1096B000010A6E48A83890ED0C0A794880ED000A3E
:1096C00078487749D1ED010A91ED000ADDF7A2FA59
:1096D000744890ED000A744880ED040A714890EDDA
:1096E000010A714880ED050A00206A4908800025BA
:1096F000A5E068480088401C664908800846008844
:1097000004287DDB6948D0ED000AF1EE600AB0EE76
:10971000600A6748008800EE900AF8EE600A23208D
:1097200001F00CFA5148A83080ED010A5F48D0EDF5
:10973000010AB0EE600A5E48008800EE900AF8EE7A
:10974000600A232001F0FAF94848A83880ED010AA0
:10975000454890ED040AB1EE400A4748D0ED0B0AA7
:1097600020EE200A4048D0ED050A434890ED0E1A3D
:1097700000EE810A484880ED000A3B4890ED040A5B
:109780003D48D0ED0E0A20EE200A3748D0ED050AFC
:10979000394890ED0B1A00EE810A3F4880ED010A2E
:1097A00090ED000A3148A83080ED020A3A4890ED69
:1097B000010A2E48A83880ED020A9FED380A00F50C
:1097C000A870EDF7D1FB9FED350A2848A838EDF7D2
:1097D000CBFB2648A83090ED0C0AB1EE400A304889
:1097E00080ED010A2148A83890ED0C0A2C4880ED44
:1097F000000A2C482A49D1ED010A91ED000A00E047
:1098000010E0DDF707FA274890ED000A264880EDC2
:10981000040A244890ED010A234880ED050A00203F
:109820001C49088001250AE09FED080A1E4880EDCA
:10983000040A9FED060A80ED050AF7F7A7F8284607
:1098400003B0BDEC028B04B030BD0000000000008E
:10985000940C0020A70C0020F80A00200C03002024
:1098600008030020C80C0020084C0020285B0020C2
:10987000D8590020A862002074280020500D002034
:109880000000C8420000A0420000704200004842B0
:10989000580D0020CA0C0020480D00200AD7A33C18
:1098A000640D00206C0D0020F462002014030020E1
:1098B0006E01002000200D4908700D4908800D49F7
:1098C00008800D4908800D4908700D4908700D4940
:1098D000087001200C49088000200C490870022003
:1098E0000B4908700120084908807047A90C002026
:1098F000AC0C0020AE0C0020B00C0020B60C0020F8
:10990000B70C0020B80C0020B40C0020B90C0020CB
:10991000AA0C002010B5E0F767F830B10448807851
:10992000012802D1FFF75CFA01E0FFF79DFC10BDB2
:10993000F80A002000B52DED028B83B03449D1E93F
:109940000101CDE9000132480368324807C8FEF73B
:1099500031FEDFED310A20EE200AB0EE408A2F48BA
:1099600000782F4908709FED2F0AB4EEC08AF1EEFF
:1099700010FA06DB01202949087000202A490870E6
:1099800013E09FED2A0AB4EEC08AF1EE10FA06DB6E
:1099900002202249087001202349087005E00320B5
:1099A0001E49087002202049087001F0D9FA2049A8
:1099B0000870FDF739FF1F4908701F4800781F49DC
:1099C00008701B48007801280DD100201449087048
:1099D0001B490870144908700220174908700120BB
:1099E0001849088002E001201349087011480078E6
:1099F000012809D100200A490870114908700A4954
:109A0000087001200F49088003B0BDEC028B00BD37
:109A1000F8530020EC5300200000C842B60C002090
:109A2000B70C002000001644B90C002000001643BB
:109A3000BA0C0020BB0C0020AA0C0020A90C0020AE
:109A4000B80C0020B40C002010B52DED028B2D4871
:109A500000782D4908702D48008840F27E418842E8
:109A600029DC2B4890ED000ADFED2A0AB4EEE00A6B
:109A7000F1EE10FA1FD8284890ED030AB5EEC00A9F
:109A8000F1EE10FA02DD90ED030A04E0224890EDB9
:109A9000030AB1EE400ADFED210AB4EEE00AF1EE6E
:109AA00010FA08D81E48008828B91E480088401CB3
:109AB0001C49088006E01B49088800EBD07149105A
:109AC000184A11801748008840F2DC51884202DBB6
:109AD0000846144908801348008804F069FB41ECEB
:109AE000180B9FED110B53EC102B04F0AFFC03D8B7
:109AF00001200449087002E0002002490870BDEC12
:109B0000028B10BDA70C0020A60C00203A0E0020EE
:109B1000E80A002000004842084C002000002042D3
:109B200030030020A40C0020000000000000694069
:109B300010B55148008800B910BD5048407D58B953
:109B40004F480078012807D100F004FA01204B4962
:109B5000487506204B4908704B480088401C4A490C
:109B60000880084600880A287DD19FED480A4348AE
:109B700080ED000A9FED460A80ED010A9FED450A3F
:109B800080ED030A9FED430A80ED040A002069E09E
:109B9000414931F82010642906DB3F4931F8201093
:109BA00042F6D662914200DD5AE03B4931F820107E
:109BB00000EE101AB8EE400A3049D1ED000AB4EEBA
:109BC000E00AF1EE10FA1DD2334931F8201000EE10
:109BD000101AB8EE400A294981ED000A00EE100A79
:109BE000B8EE400ADFED2A0A20EE200ADFED2B0A4C
:109BF00080EE201A81ED011A274901EB8001897856
:109C00001E4A1172244931F8201000EE101AB8EEE5
:109C1000400A1A49D1ED030AB4EEE00AF1EE10FA57
:109C20001DDD1D4931F8201000EE101AB8EE400A73
:109C3000124981ED030A00EE100AB8EE400ADFED8A
:109C4000140A20EE200ADFED150A80EE201A81EDBD
:109C5000041A114901EB80018978084A117500BF87
:109C6000411C88B200E005E0B0F5E17F90DB002008
:109C70000549088000BF5FE774010020580A0020F2
:109C80005C010020320A0020800A002000803B4650
:109C90000000B44300000000EE4000200000E1435B
:109CA0000FB41CB505990898401A00EE100AB8EEDA
:109CB000C00ADFED100A20EE200A8DED000A07A889
:109CC00007C800F019F806990998401A00EE900AA2
:109CD000F8EEE00A9FED071A60EE810A20EE200AF6
:109CE0008DED010A9DED000ADDED010A1CBC5DF859
:109CF00014FB00008262363C07B51D4901980968D3
:109D0000081A002804DD1A4901980968081A03E0B6
:109D1000174901980968401A1649884203DA16481B
:109D200090ED000A0EBDDDED010AF8EEE00A9FEDB0
:109D3000131A60EE810A9FED121A60EE810AB0EEEE
:109D4000600AFCF755FD0C4880ED000AB7EE001ADA
:109D5000DFED0C0A90ED000AFDF7ACFD064880ED42
:109D6000000A034901980860034890ED000AD9E70A
:109D7000600C0020A0860100640C002095BFD63343
:109D800035FA8E3C0AD7233C2DE9F041664800881D
:109D9000401C654908800846008803287DDB63482D
:109DA00040883A2803DA3A206149088002E000201E
:109DB0005F49088000265E49088806E05B49891DE6
:109DC000095C3144CEB2411C88B259490988393105
:109DD0008842F3DB5548801D554909883931405C7C
:109DE000B04208D15148801D514A128881183A2248
:109DF0005048D6F7FEFA4F4880794E49497940EAF3
:109E0000012000EE100AB8EE400ADFED4B0A80EEAA
:109E1000201A4A4880ED001A464890F83800454913
:109E200091F8371040EA012000EE100AB8EE400A1F
:109E3000DFED410A80EE201A414880ED001A90EDD6
:109E4000000A3E48D0ED000A30EE600AF2EE0E0A3B
:109E500080EE201A3B4880ED001A384890ED000A49
:109E6000DFED390AB4EEE00AF1EE10FA07DD90ED0D
:109E7000000ADFED350A30EE600A80ED000A2F4857
:109E8000D0ED000A9FED301A80EE810ADFED2F0A37
:109E900020EE200ABCEEC00A00E042E010EE100AFC
:109EA00087B2002437E004EB44012248C01D084477
:109EB000417804EB44021F48C01D805C41EA002841
:109EC000381985B2B5F5E17F0DDA214820F82580F3
:109ED00004EB44011748C01D084480781C4901EB7D
:109EE0008501887015E0A5F5E17108B240F2C11254
:109EF0000021FDF709FD85B2154820F8258004EB07
:109F000044010C48C01D08448078114901EB8501CB
:109F10008870601C84B2102CC5DB002002490880C8
:109F200000BFBDE8F08100007E0A0020182B002051
:109F30007C0A0020B44000200000C842700A0020C3
:109F4000740A0020780A00200000B4430000E143B6
:109F5000EE40002070B50546A52000F01DF85A20FF
:109F600000F01AF8552000F017F8002404E0002053
:109F700000F012F8601C84B2B52CF8DB012000F070
:109F80000BF8284600F008F8FA2000F005F8FB204E
:109F900000F002F870BD000010B5044621460248EA
:109FA000F7F793FE10BD000000E00040E0F71AFB59
:109FB0004FF4FA70F4F744FA1BE0DFF7ABFD0D48FD
:109FC0000078E3F72BFB0120EEF74EFCD6F732FDCD
:109FD000094890ED021AD0ED010A90ED000A0748F9
:109FE000E5F706F80648F3F779F8E0F73FFBF4F7F2
:109FF0003DFEE2E7800200202048002018280020D3
:10A00000A425002010B5F6F7EEF80B4908600B48C0
:10A0100000680968401A4FF4FA6148430749096823
:10A02000B0FBF1F00649096801EB4102C2EBC11136
:10A0300000EB011010BD00007C030020780300201D
:10A040007403002010B5FFF7DDFF4FF47A71B0FB09
:10A05000F1F010BD70B52DED028BB0EE408AF0EE40
:10A06000608A04460D4600F0ADF905EB4500205C22
:10A0700098B93A4890ED010A30EE080A384880ED68
:10A08000000A364890ED020A30EE280A344880ED86
:10A09000010A012005EB4501605405EB4500205CF9
:10A0A000012812D105EB45002044407801280CD14D
:10A0B00005EB450020448078012806D10020EBF70D
:10A0C000EFFE0120BDEC028B70BD254890ED011A1A
:10A0D0002248D0ED021A31EE611AF0EE410A204812
:10A0E00090ED001A1D48D0ED011A31EE611AB0EE64
:10A0F000410A00F04FFFF2EE040AB4EEE00AF1EE7E
:10A1000010FA1BD8012005EB45012144487005EBEE
:10A11000450121448870C82104F11E0020F8151063
:10A120009FED100A0E4880ED000A9FED0E0A80EDAB
:10A13000010A0120EBF7B4FE0120C3E7012005EB83
:10A14000450121444870ECF76DF90748D0ED010A4C
:10A1500090ED000AECF70CFB0020B3E760660020EE
:10A16000980D002000000000B00D002030B52DED4E
:10A17000048B85B0B0EE408AF0EE608AB0EE419A72
:10A1800004460D4601A8F6F767FD0020EBF788FEB0
:10A1900005EB4500205C012812D105EB4500204469
:10A1A000407801280CD105EB450020448078012837
:10A1B00006D100F007F9012005B0BDEC048B30BDDD
:10A1C00005EB4500205C70BBB5EEC08AF1EE10FADD
:10A1D0000BD17348C0ED008A9FED720A724880ED82
:10A1E000000A0120714908700FE09FED6E0A6C486B
:10A1F00080ED000A6E4890ED000A30EE080A6A48C9
:10A2000080ED000A0220694908709DED020A30EED7
:10A21000090A684880ED000A012005EB45016054F9
:10A220000020654908806148007801284AD15E48CD
:10A23000D0ED000A5A4890ED000AFDF70FFB9DEDA6
:10A24000020A5C48D0ED000AB4EEE00AF1EE10FA22
:10A2500032DD0020554908709FED520A504880EDCC
:10A26000000A9FED500A504880ED000A9FED4D0A0C
:10A27000504880ED000A012005EB4501214448705B
:10A2800005EB450121448870C82104F11E0020F827
:10A2900015109FED440A494880ED000A9FED410AE0
:10A2A00080ED010A0120EBF7FBFD9FED3E0A4448DB
:10A2B00080EDFD0A01207FE7012005EB45012144E7
:10A2C00048706AE039480078022866D13648D0EDF7
:10A2D000000A334890ED000AFDF7C0FA344890EDCB
:10A2E000000A3148D0ED000A30EEC00AB5EEC00ACF
:10A2F000F1EE10FA08DD2E4890ED000A2A48D0ED64
:10A30000000A30EEC00A09E0294890ED000A26480C
:10A31000D0ED000A30EEC00AB1EE400AF1EE040AB8
:10A32000B4EEE00AF1EE10FA32D800201F490870AE
:10A330009FED1C0A1A4880ED000A9FED1A0A1A4880
:10A3400080ED000A9FED170A1A4880ED000A0120EF
:10A3500005EB45012144487005EB45012144887017
:10A36000C82104F11E0020F815109FED0E0A1348B5
:10A3700080ED000A9FED0B0A80ED010A0120EBF74A
:10A380008FFD9FED080A0E4880EDFD0A012013E7BE
:10A39000012005EB45012144487000200CE7000036
:10A3A000A40E002000000000A80E0020AC0E00202B
:10A3B000084C0020B00E002030030020980D002033
:10A3C0009854002010B500247E48DFF773FE7D48C6
:10A3D00090ED020ADFED7C0A20EE200ADFED7B0A19
:10A3E000B4EEE00AF1EE10FA00DB01247848F6F74B
:10A3F000D5FE40F2DC50774908807548303890ED42
:10A40000270AB5EEC00AF1EE10FA25D1724890ED98
:10A41000FD0AB5EEC00AF1EE10FA01D0012C05D10B
:10A420006E4890ED000A6C4880EDFD0A6B4890ED97
:10A43000000A694880EDFE0A9FED690A00F57C700C
:10A44000ECF786FC674890ED0C0AA83080ED010A15
:10A450000020654908702EE05D48303890ED270AED
:10A46000B5EEC00AF1EE10FA0EDD90ED270A5D4858
:10A47000A83080ED010A9FED5D0A574880EDFD0A86
:10A4800001205949087016E05148303890ED270AEC
:10A49000B5EEC00AF1EE10FA0DD290ED270A514840
:10A4A000A83080ED010A9FED510A4B4880EDFD0A6E
:10A4B00002204D490870494890ED030A4948A830E8
:10A4C00080ED020A9FED460AECF742FC4648007810
:10A4D00080B94448A830D0ED0C0AB0EE600A9FED78
:10A4E000441ADFED440AFDF7E5F93E48A83080ED57
:10A4F0000C0A28E03C480078012810D13948A830DF
:10A50000D0ED0C0AB0EE600A9FED3B1ADFED3B0A7E
:10A51000FDF7D0F93348A83080ED0C0A13E032483B
:10A52000007802280FD12F48A830D0ED0C0AB0EEE9
:10A53000600A9FED331ADFED330AFDF7BBF92948B6
:10A54000A83080ED0C0A2748A83090ED0C0A00F5E1
:10A55000527080ED010A2C4890ED000A2B4880EDE6
:10A56000020A9FED1F0AECF7F3FB284890ED010A61
:10A57000DFED270A80EE201AD0ED0C0AD0ED071A85
:10A580001448008800EE100AB8EE400A31EE800A46
:10A59000DFED201A30EE610A40EE010A1B48C0EDE3
:10A5A0000C0AD0ED0C0A0B48008800EE100AB8EE39
:10A5B000400A30EE800ABDEEC00A10EE100A1649BD
:10A5C000088010BD8C6200206F12833ACCCC4C3DC9
:10A5D000E0260020360E002098540020084C002071
:10A5E0000AD7A33B88580020260D00200000000059
:10A5F00000004843000048C30000C8430000C8C32F
:10A6000000007A4300007AC398520020785C002052
:10A610000000754400408344380E002010B5DFF779
:10A62000E3F978B9FE4890ED250AFE4880ED050A69
:10A63000FB4890ED240AFB4880ED040A0120FA490A
:10A64000087010BDF948DFF735FDF84890ED020AB3
:10A65000DFEDF70A20EE200ADFEDF60AB4EEE00A9D
:10A66000F1EE10FA02DB0120EF490870EE480078A5
:10A6700001281CD10020EC490870EF4890ED020A37
:10A68000EE4880ED010AEC4890ED010AEC4880EDBF
:10A69000010A9FEDEC0A00F5FC7080ED010A9FEDC8
:10A6A000E90AA0F5A87080ED010ADCF73FFDE64855
:10A6B00090ED000AB5EEC00AF1EE10FA7DD1E34844
:10A6C00090ED000AB5EEC00AF1EE10FAF6D1E048BE
:10A6D0000088401CDE4908800846008808286DDD97
:10A6E000D64890ED010AB5EEC00AF1EE10FA26D177
:10A6F000D34890ED010AB5EEC00AF1EE10FA1ED172
:10A70000D448FEF72FF801280CD1D24890ED010A69
:10A71000CA4880ED010ACF4890ED000AC84880ED94
:10A72000010AA3E09FEDC70AC448A83080ED010AE2
:10A730009FEDC40AA0F5A87080ED010A96E0BE481E
:10A7400090ED020ABD4880ED020ABB4890ED010A77
:10A75000BB4880ED020AB94890ED010AD0ED020A2B
:10A7600030EE600ABC4880ED010AB54890ED010A60
:10A77000D0ED020A30EE600AB74880ED000A90ED95
:10A78000000AB1EE400AB548D0ED0B0A20EE200ACF
:10A79000B148D0ED010AB14890ED0E1A00EE810AE1
:10A7A000AF4880ED000AAC4890ED000AAB48D0ED10
:10A7B0000E0A20EE200AA84801E0CCE059E0D0EDD6
:10A7C000010AA64890ED0B1A00EE810AA44880ED1C
:10A7D000010A9A48D0ED051AB0EE611AD0ED051ABB
:10A7E000F1EE611AF0EE610A9D48D0ED001AB0EE6C
:10A7F000610AFDF75FF89A4880ED000A9048D0EDB5
:10A80000051AB0EE611AD0ED051AF1EE611AF0EEFC
:10A81000610A9348D0ED011AB0EE610AFDF74AF8DB
:10A820008F4880ED010A854890ED090A8C48D0EDEB
:10A83000000A20EE200A8B4880ED000A804890ED47
:10A84000090A8748D0ED010A20EE200A854880EDEC
:10A85000010A90ED000A7948A83080ED010A81488C
:10A8600090ED010A7548A83880ED010A002078496A
:10A8700008807D480088401C7B4908800846008885
:10A88000042867DB6C4890ED040AB1EE400A734877
:10A89000D0ED0B0A20EE200A6748D0ED050A6F487C
:10A8A00090ED0E1A00EE810A704880ED000A6248B1
:10A8B00090ED040A6948D0ED0E0A20EE200A5E48A9
:10A8C000D0ED050A654890ED0B1A00EE810A674845
:10A8D00080ED010A90ED000A5848A83080ED020A88
:10A8E000624890ED010A5548A83880ED020A9FEDB4
:10A8F000600A00F5A870ECF737FB9FED5D0A4F4842
:10A90000A838ECF731FB4D48A83090ED0C0AB1EEB9
:10A91000400A584880ED010A4848A83890ED0C0AD2
:10A92000544880ED000A54485249D1ED010A91ED96
:10A93000000ADCF76FF9504890ED000A394880EDC5
:10A94000040A4D4890ED010A364880ED050A0020C2
:10A9500045490880E1E04948007801280CD1304899
:10A9600090ED240A2F4880ED040A2D4890ED250A29
:10A970002C4880ED050AC4E03B480088401C3A4959
:10A98000088008460088042849DB2548D0ED250AC0
:10A99000F1EE600AB0EE600A3948008800EE900AD5
:10A9A000F8EE600A232000F0C9F82448A83080EDB2
:10A9B000010A1B48D0ED240AB0EE600A3048008836
:10A9C00000EE900AF8EE600A232000F0B7F81B486A
:10A9D000A83880ED010A184890ED040AB1EE400A4B
:10A9E0001E48D0ED0B0A20EE200A1348D0ED050AD0
:10A9F0001A4890ED0E1A00EE810A1C4880ED000AFC
:10AA00000D4890ED040A1548D0ED0E0A20EE200AFC
:10AA10000948D0ED050A114890ED0B1A32E070E0BC
:10AA2000B0260020F4620020780D0020B4620020DF
:10AA30006F12833ACCCCCC3D084C0020285B002020
:10AA4000D8590020000000000C030020080300205B
:10AA5000740D002070620020A8620020742800207D
:10AA6000500D0020580D0020760D0020480D0020CC
:10AA70000AD7A33C640D00206C0D0020600D00205F
:10AA80006E01002000EE810A254880ED010A90ED5C
:10AA9000000A244880ED020A214890ED010A22486C
:10AAA00080ED020A1FED0E0A1E48ECF75DFA1FED5D
:10AAB000100A1D48ECF758FA1A4890ED0C0AB1EE4E
:10AAC000400A1A4880ED010A174890ED0C0A174811
:10AAD00080ED000A16481549D1ED010A91ED000AF2
:10AAE000DCF798F8124890ED010A124880ED050A4B
:10AAF0000F4890ED000A0F4880ED040A00200E492F
:10AB000008801FED300A0748A83880ED010A1FEDC4
:10AB1000330AA0F5A87080ED010A00BF91E500009E
:10AB2000480D0020D05B0020805A0020640D0020DA
:10AB30006C0D0020F4620020760D002010B52DED84
:10AB4000048BB0EE409A0446F0EE608A9FED170A3F
:10AB5000F0EE409A00EE104AB8EE400AC9EE000A44
:10AB6000B0EE608AB7EE001AFFEE000AB0EE480AB7
:10AB7000FCF7A0FEB0EE408AB5EEC08AF1EE10FA06
:10AB800006DB28EE880A20EE080AF0EE409A07E07D
:10AB9000B1EE680A20EE080A20EE080AF0EE409AAC
:10ABA000B0EE690ABDEC048B10BD0000000000008F
:10ABB00010B51E48C07C18BB1C48808A0A2828DAB9
:10ABC0001B48D0EDFF1AB0EE611A1A48D0ED011AF9
:10ABD000F0EE610AD0ED001AB0EE610A00F0F4F96F
:10ABE000124880ED060A90ED060AD0ED070AB4EE91
:10ABF000E00AF1EE10FA04D8808A401C0B498882E2
:10AC000012E00A49888A00EBD0714910074A918204
:10AC10000AE001200549C874002088820120064905
:10AC2000887303200549087010BD0000200900202A
:10AC300098540020A00D00208E370020320A0020FA
:10AC400010B56A48D0ED010AB0EE600A684969485B
:10AC5000E3F7A9F8684880ED000A6448D0ED020ADD
:10AC6000B0EE600A624963481830E3F79CF8624826
:10AC700080ED010A5D4890ED010A6048D0ED000AC0
:10AC800020EE200ADFED5E0A80EE201A5D4880ED9E
:10AC9000001A564890ED020A5848D0ED000A20EEFE
:10ACA000200ADFED570A80EE201A564880ED011A7F
:10ACB0004E4890ED050AB8EE400ADFED530A20EE4B
:10ACC000200ABDEEC00A10EE100A4E49088147481E
:10ACD00090F8200088720846807AF52802D1012079
:10ACE000087302E0002047490873434890ED000ACA
:10ACF000DFED460A80EE201A454880ED001A3E48F6
:10AD000090ED010ADFED410A80EE201A404880ED07
:10AD1000011A4048D0ED1C0AB0EE600A3E493F4897
:10AD2000E3F741F8DFED3E0A80EE201A3D4880ED62
:10AD3000001A3848D0ED1B0AB0EE600A3649374891
:10AD40001830E3F730F8DFED360A80EE201A354888
:10AD500080ED011A132016E0411E334A02EBC101B7
:10AD600091ED000A114601EBC00181ED000A411E80
:10AD700002EBC10191ED010A114601EBC00181ED29
:10AD8000010A411E88B20028E6DC264890ED000A40
:10AD9000254880ED000A234890ED010A224880ED05
:10ADA000010A1848017B204890ED001AF0EE410A94
:10ADB000174890ED001AB0EE410A7820EBF746FCF8
:10ADC0001A4880ED000A0F48017B174890ED011AE0
:10ADD000F0EE410A0E4890ED011AB0EE410A7920DA
:10ADE000EBF734FC114880ED010A10BDE864002047
:10ADF000AC650020DC650020D40E0020D00E0020C1
:10AE000000401C46D86400206F12833A000048437B
:10AE1000DC0E002074280020C46500200C66002091
:10AE200033336542EC0E00200C650020E40E002058
:10AE30000EB54048007800B90EBD3F48006865284F
:10AE400000D1F9E73C480068642839D23B4890EDCE
:10AE5000170AB5EEC00AF1EE10FA02DD90ED170AFE
:10AE600004E0364890ED170AB1EE400ADFED340AEF
:10AE7000B4EEE00AF1EE10FA16DC304890ED180A54
:10AE8000B5EEC00AF1EE10FA02DD90ED180A04E00A
:10AE90002A4890ED180AB1EE400ADFED290AB4EE17
:10AEA000E00AF1EE10FA05DD23480068401C224953
:10AEB00008603DE02048006840081F49086037E00E
:10AEC0001D480068401C1C49086000201D4908807E
:10AED000012002211C4A0023B6EE000ACDE9002120
:10AEE00002904FF47A7240F6B8311848D7F789F9D2
:10AEF00001200421144A0023B6EE000ACDE9002106
:10AF000002904FF47A7240F6B8311148D7F779F9C8
:10AF1000012008210C4A0023B6EE000ACDE90021E9
:10AF200002904FF47A7240F6B8310A48D7F769F9BF
:10AF300000BF81E75C010020480E0020742800203B
:10AF4000000020422403002000500240741800201A
:10AF5000881800209C1800200146087870470000DF
:10AF600000200A4991ED000AB5EEC00AF1EE10FA90
:10AF700007D1074991ED000AB5EEC00AF1EE10FACB
:10AF800001D0012100E00021084670470C03002099
:10AF90000803002010B52DED048BF0EE408AB0EED2
:10AFA000608AB0EE680A01F018FEB0EE401AB0EE0A
:10AFB000480A01F012FE31EE000AB0EE409AFBF7AB
:10AFC00084FEBDEC048B10BD10B52DED048BB0EEEE
:10AFD000409AB0EE608AF0EE418AB0EE490A01F084
:10AFE000FCFDB0EE401AB0EE480A01F0F6FD31EE7D
:10AFF000001AB0EE680A01F0F0FD31EE000AF0EE42
:10B00000409AFBF762FEBDEC048B10BD10B52DED30
:10B01000048B86B00446F0EE408AB0EE609AF0EE03
:10B02000419AF6EE000A68EEA00A9FED5B1A60EE08
:10B03000810AB0EE600A02A903A8DDF72BF9F6EE4B
:10B04000000A69EE200A9FED541A60EE810AB0EE04
:10B05000600A04A905A8DDF71DF9F6EE000A69EEFD
:10B06000A00A9FED4D1A60EE810AB0EE600A6946B3
:10B0700001A8DDF70FF99DED040ADDED020A20EECF
:10B08000200ADDED000A20EE200ADDED050A9DED27
:10B09000031A60EE810A9DED011A00EE810A84ED2B
:10B0A000000A9DED050ADDED020A20EE200ADDED25
:10B0B000000A20EE200ADDED040A9DED031A60EE81
:10B0C000810A9DED011A00EEC10A84ED010A9DED91
:10B0D000040ADDED030A20EE200ADDED000A20EE71
:10B0E000200ADDED050A9DED021A60EE810A9DED54
:10B0F000011A00EE810A84ED020A9DED040ADDEDDD
:10B10000020A20EE200ADDED010A20EE200ADDED24
:10B11000050A9DED031A60EE810A9DED001A00EE0E
:10B12000C10A84ED030AD4ED000A60EEA00A94ED92
:10B13000011AD4ED011A41EE210A94ED021AD4ED60
:10B14000021A41EE210A94ED031AD4ED031A41EEDE
:10B15000210AB0EE600AFDF7F3FCB0EE408A94EDF0
:10B16000000A20EE080A84ED000A94ED010A20EEA0
:10B17000080A84ED010A94ED020A20EE080A84ED23
:10B18000020A94ED030A20EE080A84ED030A06B0D1
:10B19000BDEC048B10BD000035FA8E3C70B5044642
:10B1A0000D46D4ED011A94ED012AB6EE001A01EE17
:10B1B000C21AD4ED021A94ED022A01EEC21AF0EE80
:10B1C000410A94ED001AD4ED011A21EE211AD4EDB2
:10B1D000021A94ED032A01EE821AB0EE410ADCF75E
:10B1E000ADFCDFED230A20EE200A85ED010AD4ED47
:10B1F000010A94ED031A60EE810A94ED001AD4ED71
:10B20000021A41EE610AB8EE001A60EE810AB0EE51
:10B21000600ADCF7F3FBDFED160A20EE200A85ED6D
:10B22000000AD4ED021A94ED022AB6EE001A01EEDD
:10B23000C21AD4ED031A94ED032A01EEC21AF0EEFD
:10B24000410A94ED011AD4ED021A21EE211AD4ED2F
:10B25000001A94ED032A01EE821AB0EE410ADCF7DF
:10B260006DFCDFED030A20EE200A85ED020A70BDB9
:10B27000E12E6542FEB504460D4616461F46F848C7
:10B28000F849096830F81100002854D1FCF7F6FAA3
:10B2900002F008FBF44890ED010AF44880ED000A42
:10B2A000F14890ED020AF14880ED010AF04890ED76
:10B2B000000AEE4880ED020AEE480088052190FB66
:10B2C000F1F0ED49E74A126841F82200E74890EDB5
:10B2D000000AEA48D0ED000A30EE200A8DED000A9F
:10B2E000E24890ED010AE548D0ED280A30EE200A48
:10B2F0008DED010ADD4890ED020A8DED020ADDEDCB
:10B30000021AB0EE611ADDED011AF0EE610ADDED10
:10B31000001AB0EE610A01210846DFF727FED04887
:10B32000D049096830F81100401CCD49CD4A126857
:10B3300021F8120026E2CA48CA49096830F81110FB
:10B34000601E814274DAFCF799FACB48C549096856
:10B3500050F8210050B1C848C249096850F821008E
:10B36000401EC549BF4A126841F82200C248BD4983
:10B37000096850F821000028DCD1B948B9490968AA
:10B3800030F81100BB4931F81000052190FBF1F1B4
:10B39000B948B44A126840F82210B44890ED000A47
:10B3A000AF48B049096830F81100B44901EB80009A
:10B3B000D0ED000A30EE200A8DED000AAB4890ED8A
:10B3C000010AA748A749096830F81110AB48A03016
:10B3D00000EB8100D0ED000A30EE200A8DED010A6D
:10B3E000A24890ED020A8DED020ADDED021AB0EEE0
:10B3F000611ADDED011AF0EE610ADDED001AB0EE22
:10B40000610A01210846DFF7B1FD954895490968B1
:10B4100030F81100401C9249924A126821F812003B
:10B42000002097498F4A126841F8220082E7FFE71F
:10B430008B488C49096830F81110601E81424CD14C
:10B44000FCF71CFAF6F79EF900208E4981F83000CF
:10B450008D4890ED260A084680ED060ADFED8B0A3E
:10B460009FED8A0A0020DDF7DBF883487D490968F3
:10B4700050F8210050B180487A49096850F82100FD
:10B48000401E7D49774A126841F822007A48754982
:10B49000096850F821000028C8D1764800880521A5
:10B4A00090FBF1F074496F4A126841F822006C4831
:10B4B0006C49096830F81100401C81B26848694A3B
:10B4C000126820F812100120EAF7EAFC00216C480B
:10B4D000644A126840F822102CE761486149096803
:10B4E00030F81100A04247D1FCF7C8F962485D4925
:10B4F000096850F8210050B15F485A49096850F86E
:10B500002100401E5C49574A126841F822005A48FF
:10B510005449096850F82100002887D15048514902
:10B52000096830F81100534931F81000052190FBEB
:10B53000F1F151484B4A126840F822105448006813
:10B54000404200EE100AB8EEC00AB0EE401A0021E8
:10B550000846DFED4E0A9FED4D0ADFF707FD404834
:10B560004049096830F81100401C81B23C483D4A0E
:10B57000126820F8121005E139483A49096830F894
:10B580001110601C81426AD1FCF778F93A483549BC
:10B59000096850F8210050B137483249096850F81D
:10B5A0002100401E34492F4A126841F822003248D7
:10B5B0002C49096850F8210000288DD12D480088B9
:10B5C000052190FBF1F12C48264A126840F8221020
:10B5D000264890ED000A22482249096830F81100F7
:10B5E000264901EB8000D0ED000A30EE200A8DEDF7
:10B5F000000A1E4890ED010A19481A49096830F8F6
:10B6000011101E48A03000EB8100D0ED000A30EE92
:10B61000200A8DED010A154890ED020A8DED020A0F
:10B62000DDED021AB0EE611ADDED011AF0EE610AED
:10B63000DDED001AB0EE610A01210846DFF796FC45
:10B6400007480849096830F81100401C81B20448D5
:10B65000044A126820F81210F5F726FF92E019E06C
:10B66000706D002098100020846900202C7000204C
:10B67000084C0020B60F00209C6E00202072002095
:10B68000D46D0020F4620020B026002000000000ED
:10B690001C100020FD48FE49096830F81110681E92
:10B6A000814271DAF948FA49096830F81110601CD2
:10B6B000814269DDFCF7E2F8F648F549096850F87F
:10B6C000210050B1F348F249096850F82100401EAA
:10B6D000F049EF4A126841F82200EE48EC49096847
:10B6E00050F821000028B9D1EB480088052190FBD3
:10B6F000F1F0E849E64A126841F82200E74890ED87
:10B70000000AE248E249096830F81100E44901EB17
:10B710008000D0ED000A30EE200A8DED000ADF48EF
:10B7200090ED010AD948DA49096830F81110DC486F
:10B73000A03000EB8100D0ED000A30EE200A8DED44
:10B74000010AD64890ED020A8DED020ADDED021ADB
:10B75000B0EE611ADDED011AF0EE610ADDED001ABE
:10B76000B0EE610A01210846DFF700FCC748C8496E
:10B77000096830F81100401C81B2C448C44A1268FC
:10B7800020F8121083E3FFE7C048C149096830F888
:10B790001110681E81424CD1FCF770F8F5F7F2FFEA
:10B7A0000020C04981F83000BF4890ED260A0846C5
:10B7B00080ED060A5FED4B0A1FED4C0A0020DCF716
:10B7C0002FFFB448B249096850F8210050B1B14880
:10B7D000AF49096850F82100401EAE49AC4A1268D2
:10B7E00041F82200AB48AA49096850F82100002816
:10B7F000C8D1A9480088052190FBF1F1A548A44AC9
:10B80000126840F82210A148A149096830F81100D7
:10B81000401C81B29D489E4A126820F812100120F7
:10B82000EAF73EFB0021A148994A126840F822102D
:10B830002DE396489649096830F81100A84246D190
:10B84000FCF71CF893489249096850F8210050B160
:10B8500090488F49096850F82100401E8D498C4A54
:10B86000126841F822008B488949096850F8210084
:10B87000002887D185488649096830F81100864933
:10B8800031F81000052190FBF1F18248804A1268DE
:10B8900040F8221086480068404200EE100AB8EED8
:10B8A000C00AB0EE401A002108465FED880A1FED7D
:10B8B000890ADFF75BFB75487549096830F81100A4
:10B8C000401C7249724A126821F81200DFE26F4888
:10B8D0006F49096830F81110681C814269D1FBF783
:10B8E000CDFF6C486A49096850F8210050B1694899
:10B8F0006749096850F82100401E6649644A126889
:10B9000041F8220063486249096850F82100002884
:10B910008ED161480088052190FBF1F15D485C4AB9
:10B92000126840F822105D4890ED000A57485849C7
:10B93000096830F811005A4901EB8000D0ED000A87
:10B9400030EE200A8DED000A544890ED010A4F4870
:10B950004F49096830F811105148A03000EB8100C0
:10B96000D0ED000A30EE200A8DED010A4B4890ED33
:10B97000020A8DED020ADDED021AB0EE611ADDED6C
:10B98000011AF0EE610ADDED001AB0EE610A012144
:10B990000846DFF7EBFA3D483D49096830F81100E9
:10B9A000401C3A493A4A126821F81200F5F77CFD2A
:10B9B0006DE236483649096830F81110701E814230
:10B9C00078DA32483249096830F81110681C81422F
:10B9D0007DDDFBF753FF2F482D49096850F8210002
:10B9E00050B12C482A49096850F82100401E2949C5
:10B9F000274A126841F8220026482549096850F86C
:10BA000021000028D4D124480088052190FBF1F0C2
:10BA100020491F4A126841F82200204890ED000A90
:10BA20001A481B49096830F811001D4901EB8000D4
:10BA3000D0ED000A30EE200A8DED000A174890ED97
:10BA4000010A12481249096830F811101448A03050
:10BA500000EB8100D0ED000A30EE200A8DED010AE6
:10BA60000E4890ED020A8DED020ADDED021AB0EEED
:10BA7000611ADDED011AF0EE610ADDED001AB0EE9B
:10BA8000610A01210846DFF771FA14E0706D0020A9
:10BA9000981000209C6E0020B60F00202C70002013
:10BAA00020720020F4620020B0260020D46D002017
:10BAB0001C1000200BE0F648F649096830F8110028
:10BAC000401CF349F34A126821F81200DFE1F04804
:10BAD000F049096830F81110701E81424CD1FBF713
:10BAE000CDFEF5F74FFE0020EB4981F83000EB4822
:10BAF00090ED260A084680ED060ADFEDE90A9FED83
:10BB0000E80A0020DCF78CFDE648E249096850F8B5
:10BB1000210050B1E348DF49096850F82100401E78
:10BB2000E049DC4A126841F82200DE48D949096838
:10BB300050F821000028C9D1DB480088052190FB7E
:10BB4000F1F0D849D34A126841F82200D048D149CF
:10BB5000096830F81100401C81B2CD48CD4A126806
:10BB600020F812100120EAF79BF90020CF49C94ABA
:10BB7000126841F822008AE1C548C649096830F8D0
:10BB80001100B04246D1FBF779FEC648C1490968A9
:10BB900050F8210050B1C348BE49096850F821004F
:10BBA000401EC049BB4A126841F82200BD48B9494D
:10BBB000096850F82100002888D1B548B5490968BE
:10BBC00030F81100B84931F81000052190FBF1F070
:10BBD000B449B04A126841F82200B54800684042B2
:10BBE00000EE100AB8EEC00AB0EE401A0021084676
:10BBF000DFEDAB0A9FEDAA0ADFF7B8F9A448A54923
:10BC0000096830F81100401CA149A24A126821F8C5
:10BC100012003CE19E489F49096830F81110701CE1
:10BC200081426AD1FBF72AFE9E489A49096850F87A
:10BC3000210050B19B489749096850F82100401EE7
:10BC40009849944A126841F8220096489149096837
:10BC500050F8210000288ED193480088052190FBE0
:10BC6000F1F090498B4A126841F82200914890ED1A
:10BC7000000A87488749096830F811008E4901EBAE
:10BC80008000D0ED000A30EE200A8DED000A8948D0
:10BC900090ED010A7E487F49096830F81110864806
:10BCA000A03000EB8100D0ED000A30EE200A8DEDCF
:10BCB000010A804890ED020A8DED020ADDED021ABC
:10BCC000B0EE611ADDED011AF0EE610ADDED001A49
:10BCD000B0EE610A01210846DFF748F96C486D496A
:10BCE000096830F81100401C81B26948694A12683D
:10BCF00020F81210F5F7D8FBC9E0654865490968D6
:10BD000030F81100B8426DDAFBF7B8FD65486149BB
:10BD1000096850F8210050B162485E49096850F83E
:10BD20002100401E5F495B4A126841F822005D48CD
:10BD30005849096850F82100002852D15448554903
:10BD4000096830F81100584931F81000052190FBBE
:10BD5000F1F054494F4A126841F82200554890EDDD
:10BD6000000A4B484B49096830F81100524901EB71
:10BD70008000D0ED000A30EE200A8DED000A4D481B
:10BD800090ED010A42484349096830F811104A48C9
:10BD9000A03000EB8100D0ED000A30EE200A8DEDDE
:10BDA000010A444890ED020A8DED020ADDED021A07
:10BDB000B0EE611ADDED011AF0EE610ADDED001A58
:10BDC000B0EE610A01210846DFF7D0F8304831496A
:10BDD000096830F81100401C2D492E4A126821F8DC
:10BDE000120054E02A482B49096830F81100B84283
:10BDF0002ED1FBF743FD2B482649096850F8210056
:10BE000050B128482349096850F82100401E2549AF
:10BE1000204A126841F8220022481E49096850F859
:10BE2000210088BB20480088052190FBF1F11D48C6
:10BE3000184A126840F8221015481649096830F867
:10BE40001100401C1249134A126821F812001EE02A
:10BE50000F481049096830F81110781C814214D13C
:10BE600000200D4981F830000C4890ED260A084664
:10BE700080ED060A0020EAF713F8FBEE0E0A9FEDAC
:10BE8000080A0220DCF7CCFB01E0FBF7F7FCFEBD63
:10BE9000706D002098100020F4620020B026002071
:10BEA000000000009C6E0020B60F0020D46D002022
:10BEB0001C1000202C7000202072002010B50020E3
:10BEC000194981F83000194890ED260AB5EEC00AEC
:10BED000F1EE10FA12D1164890F82800012806D188
:10BEE000134890ED0D0A084680ED060A11E00F4850
:10BEF00090ED260A0C4880ED060A0AE00B4890ED0A
:10BF0000260A094880ED060A0020094981F8280020
:10BF100088630020E9F7C4FFDFED060A9FED050AFC
:10BF20000020DCF77DFB10BDF4620020B02600206D
:10BF3000200900200000000010B52DED028BF0EE6E
:10BF4000408AB0EE680AFAF7C0FEB0EE408A18EEFA
:10BF5000100AF9F7B3FF20B19FED030ABDEC028B85
:10BF600010BDB0EE480AF9E70000000010B5044625
:10BF700021460248F5F7A9FE10BD000000E0004090
:10BF800010B5044600F054FA78B9FE4890ED250A41
:10BF9000FD4880ED050AFB4890ED240AFA4880ED43
:10BFA000040A0120F949087010BDF948DEF782F84B
:10BFB000F74890ED020ADFEDF70A20EE200ADFEDE8
:10BFC000F60AB4EEE00AF1EE10FA02DB0120EF49C6
:10BFD0000870EE48007801281BD10020EB4908705A
:10BFE00094ED020AED4880ED010A94ED010AA0F5F6
:10BFF000A87080ED010A9FEDEA0A00F5FC7080ED63
:10C00000010A9FEDE70AA0F5A87080ED010ADBF7B1
:10C010008DF8E44890ED000AB5EEC00AF1EE10FA92
:10C020007DD1E14890ED000AB5EEC00AF1EE10FABC
:10C03000F6D1DE480088401CDC49088008460088AC
:10C0400008286DDDD54890ED010AB5EEC00AF1EE85
:10C0500010FA14D1A0F5A87090ED010AB5EEC00A4F
:10C06000F1EE10FA0BD194ED020ACC4880ED010AF2
:10C0700094ED010AA0F5A87080ED010A95E094ED19
:10C08000020AC64880ED020A94ED010AA0F5A870E4
:10C0900080ED020AC14890ED010AD0ED020A30EEAF
:10C0A000600AC34880ED010AC24890ED010AD0ED54
:10C0B000020A30EE600ABE4880ED000A90ED000AE8
:10C0C000B1EE400ABC48D0ED0B0A20EE200AB84879
:10C0D000D0ED010AB84890ED0E1A00EE810AB7487B
:10C0E00080ED000AB24890ED000AB348D0ED0E0A88
:10C0F00020EE200AAE48D0ED010AAF4890ED0B1AB1
:10C1000000EE810AAD4880ED010AA448D0ED051A81
:10C11000B0EE611AD0ED051AF1EE611A01E0B3E05C
:10C1200046E0F0EE610AA548D0ED001AB0EE610AD3
:10C13000FBF7C0FBA14880ED000A9E48D0ED051A30
:10C14000B0EE611AD0ED051AF1EE611AF0EE610A57
:10C150009A48D0ED011AB0EE610AFBF7ABFB9748A5
:10C1600080ED010A8D4890ED090A9448D0ED000A4F
:10C1700020EE200A924880ED000A8E4890ED090AD0
:10C180008E48D0ED010A20EE200A8D4880ED010A8C
:10C1900090ED000A8148A83080ED010A884890EDB2
:10C1A000010A7E48A83880ED010A00207F490880F6
:10C1B00084480088401C8349088008460088042879
:10C1C00061DB94ED040AB1EE400A7B48D0ED0B0A26
:10C1D00020EE200AD4ED050A90ED0E1A00EE810A39
:10C1E000794880ED000A94ED040A7348D0ED0E0AF8
:10C1F00020EE200AD4ED050A90ED0B1A00EE810A1C
:10C20000714880ED010A90ED000A6448A83080ED85
:10C21000020A6D4890ED010A6048A83880ED020AD4
:10C220009FED6A0A00F5A870EAF79EFE9FED670A87
:10C230005A48A838EAF798FE5848A83090ED0C0AFA
:10C24000B1EE400A624880ED010A5448A83890EDEA
:10C250000C0A5F4880ED000A5E485D49D1ED010A95
:10C2600091ED000ADAF7D6FC5A4890ED000A4648EC
:10C2700080ED040A574890ED010A434880ED050A15
:10C28000002050490880C9E03E48D0ED250AF1EE73
:10C29000600AB0EE600A5048008800EE900AF8EE9E
:10C2A000600A2320FEF74AFC3C48A83080ED010AD2
:10C2B0003448D0ED240AB0EE600A4748008800EE0A
:10C2C000900AF8EE600A2320FEF738FC3348A838BD
:10C2D00080ED010A3B480088401C3A490880084626
:10C2E000008804284DDB94ED040AB1EE400A324880
:10C2F000D0ED0B0A20EE200AD4ED050A90ED0E1ABF
:10C3000000EE810A304880ED000A94ED040A2A48C4
:10C31000D0ED0E0A20EE200AD4ED050A90ED0B1A9E
:10C3200000EE810A284880ED010A90ED000A1B48C2
:10C33000A83080ED020A244890ED010A1748A83879
:10C3400080ED020A9FED210A00F5A870EAF70CFEC5
:10C350009FED1E0A1148A838EAF706FE0F48A830DC
:10C3600090ED0C0AB1EE400A194880ED010A0B4825
:10C37000A83890ED0C0A164880ED000A15481449BB
:10C380002CE040E0B0260020F46200207E0D00206A
:10C39000C46200206F12833ACCCCCC3D285B0020D5
:10C3A000000000000C030020080300207A0D00208C
:10C3B000A8620020D859002074280020500D0020C9
:10C3C000580D00207C0D0020480D00200AD7A33C0A
:10C3D000640D00206C0D00206E010020D1ED010ADB
:10C3E00091ED000ADAF716FC0D4890ED010A0D48B0
:10C3F00080ED050A0A4890ED000A0A4880ED040A1B
:10C400000020094908801FED1A0A084880ED010A3A
:10C410001FED1D0AA0F5A87080ED010A00BFC3E55D
:10C420006C0D0020F46200207C0D0020285B0020B1
:10C43000044890F84700012801D0012070470020EF
:10C44000FCE70000C83800203FB52DED040B87B095
:10C450000E241825264800788DF8040024484078DA
:10C460008DF80500234800788DF81A00214840789F
:10C470008DF81B00022201A907A8DCF74BFB06225E
:10C4800001A908A8DCF746FB0A2201A909A8DCF7E4
:10C4900041FB9DF82D202046641C01A90A549DF8FB
:10C4A0002C202046641C0A549DF831202046641C30
:10C4B0000A549DF830202046641C0A549DF835200B
:10C4C0002046641C0A549DF834202046641C0A54FB
:10C4D0009DF839202046641C0A549DF838202046D7
:10C4E000641C0A54294601A8F3F7E0FB0FB030BDE5
:10C4F000AE0A0020B00A002010B50446208810B112
:10C50000012807D100E006E00020208003A001F010
:10C5100071F800E000BF00BF10BD0000736F756EC2
:10C520006431323420BBF5CEEFD2D1CBCDB4EFC7DE
:10C53000EBC8A1BBF500000070B51021762000F01B
:10C540002FFB04461121762000F02AFB054620012E
:10C5500040EA15106F49096808806E480068008835
:10C5600000F4006030B16B480068B0F9000040F49E
:10C57000704003E067480068B0F9000000B2654908
:10C58000096808801121762000F00AFB0446122178
:10C59000762000F005FB054604F00F0045EA002078
:10C5A0005C49096848805B480068408800F4006086
:10C5B00030B158480068B0F9020040F4704003E020
:10C5C00054480068B0F9020000B252490968488036
:10C5D0001321762000F0E4FA04461421762000F0BE
:10C5E000DFFA06461521762000F0DAFA0546200328
:10C5F00040EA061040EA2510464909684860454867
:10C600000068406800F4002028B142480068406893
:10C610004149084302E03F48006840683D490968D5
:10C6200048601521762000F0BBFA044616217620DA
:10C6300000F0B6FA06461721762000F0B1FA05465A
:10C64000200440EA062028433249096888603148BE
:10C650000068806800F4002028B12E4800688068D7
:10C660002D49084302E02B48006880682949096881
:10C6700088601821762000F093FA0446192176206C
:10C6800000F08EFA054645EA042000B22149096807
:10C6900088811A21762000F083FA04461B21762037
:10C6A00000F07EFA054645EA042000B219490968FF
:10C6B000C8811C21762000F073FA04461D217620E3
:10C6C00000F06EFA054645EA042000B211490968F7
:10C6D00008821E21762000F063FA04461F2176208E
:10C6E00000F05EFA054645EA042000B209490968EF
:10C6F00048822021762000F053FA0446212176203A
:10C7000000F04EFA054645EA042000B201490968E6
:10C71000888270BD640300200000F0FF3548006887
:10C72000D0ED082AB8EEE23A32480068D0ED0A2A85
:10C73000F8EEE22AC3EE223AB0EE631A2D48006802
:10C74000D0ED072AB8EEE23A2A480068D0ED092A6F
:10C75000F8EEE22AC3EE223AF0EE630A25480068BA
:10C76000B0F9100002EE900AF8EEE22A21480068C3
:10C77000B0F9140003EE100AB8EEC33A40EE832A73
:10C780001C48006890ED023AB8EEC33A00EEA23AB7
:10C79000F0EE431A17480068B0F90E0002EE900A56
:10C7A000F8EEE22A13480068B0F9120003EE100A0E
:10C7B000B8EEC33A40EE832A21EE203A62EE832A95
:10C7C000B0EE622A0B480068D0ED012AF8EEE22AAA
:10C7D00040EEA12A07480068B0F90C0003EE100AE9
:10C7E000B8EEC33A41EE032A72EE822AB0EE620A34
:10C7F000704700006403002008B50021762000F097
:10C80000CFF98DF800000121762000F0C9F98DF8EC
:10C8100001000221762000F0C3F98DF802009DF896
:10C82000000000049DF8011040EA01209DF802106C
:10C8300008430B490968C86109480068C06900F4E9
:10C84000000028B106480068C06940F07F4002E05F
:10C8500003480068C06902490968C86108BD000052
:10C860006403002008B5002000900321762000F02A
:10C8700097F98DF800000421762000F091F98DF8E9
:10C8800001000521762000F08BF98DF802009DF85B
:10C89000000000049DF8011040EA01209DF80210FC
:10C8A00008430B490968086209480068006A00F4F7
:10C8B000000028B106480068006A40F07F4002E0AE
:10C8C00003480068006A02490968086208BD000060
:10C8D0006403002010B52DED0A8B2048006890ED10
:10C8E000080AF8EEC00A1D48006890ED0A0AB8EE82
:10C8F000C00A80EE801AF0EE418A18480068B0F94C
:10C90000020000EE100AB8EEC00A20EE280A10EE6F
:10C91000101A084601F092FF41EC1A0B0F49096802
:10C92000B1F9000001F02DFC41EC1C0B9FED0C0B4C
:10C9300053EC102B01F08CFC41EC1B0B53EC1A2B2D
:10C9400001F0B6F941EC190B01F080F908EE100A7C
:10C95000B0EE480ABDEC0A8B10BD00006403002055
:10C96000000000000000E03F10B539483949086078
:10C9700000200968C8613749096808620D217620DE
:10C9800000F00EF9334909680876FFF7D5FD314804
:10C990000068B0F9000000EE100AB8EEC00A2E4898
:10C9A00080ED000A2B480068B0F9020000EE100A82
:10C9B000B8EEC00A284880ED010A2648006890EDCC
:10C9C000010AB8EEC00A244880ED020A2148006836
:10C9D00090ED020AB8EEC00A1F4880ED030A1D4818
:10C9E0000068B0F90C0000EE100AB8EEC00A1A4850
:10C9F00080ED040A17480068B0F90C0000EE100A38
:10CA0000B8EEC00A144880ED050A12480068B0F973
:10CA1000100000EE100AB8EEC00A0F4880ED060ABA
:10CA20000C480068B0F9120000EE100AB8EEC00A17
:10CA3000094880ED070A07480068B0F9140000EEC5
:10CA4000100AB8EEC00A044880ED080A10BD0000C4
:10CA5000D427002064030020B02700202DE9F041F6
:10CA600006460F4615460024A046102F19D008DCB4
:10CA7000012F23D0022F0BD0042F0CD0082F1CD154
:10CA80000CE0202F10D0402F11D0802F15D111E0B5
:10CA900044F0100413E044F0200410E044F03004AB
:10CAA0000DE044F040040AE044F0500407E044F094
:10CAB000600404E044F0700401E000BF00BF00BF68
:10CAC000102D1FD008DC012D31D0022D0BD0042DEC
:10CAD0000ED0082D2AD110E0202D18D0402D1BD0CB
:10CAE000802D23D11DE044F001044FF4C01821E053
:10CAF00044F002044FF460181CE044F003044FF4C7
:10CB0000F00817E04FF4783844F0040412E04FF4D2
:10CB1000FC2844F005040DE04FF47E2844F00604A0
:10CB200008E04FF4FF1844F0070403E000BF4FF49F
:10CB3000002800BF00BFAEB918480068C0F82480C4
:10CB400022460621762000F03EF8082D0ADD092154
:10CB5000762000F025F8044644F0040209217620EE
:10CB600000F031F8012E16D10C480068C0F828807A
:10CB700044F080020721762000F025F8082D0ADD18
:10CB80000921762000F00CF8044644F0080209213F
:10CB9000762000F018F8BDE8F08100006403002062
:10CBA00070B504460D4629462046F3F75BF8064665
:10CBB000304670BD10B50446201DC2B20821762053
:10CBC00000F001F810BD70B504460D461646324619
:10CBD00029462046F3F756F870BDF0EE400A20EEE5
:10CBE000A00A704710B500EE100A2DED028BB1EED1
:10CBF000C08A18EE100A20F00040C0F1FF40C00FBC
:10CC00000AD010EE100A20F00040C0F1FF40C00F23
:10CC100004BF0120D3F7C1FC18EE100ABDEC028B53
:10CC200010BD000010B50446484804704848B0F9EB
:10CC30000000484908804848B0F90000474908808A
:10CC4000002047490880474908800120464908706C
:10CC50004FF6FF7045490880454908800120454945
:10CC600008700020444908708020394908803949FB
:10CC700008804020384908803849088000203F4912
:10CC80000870AE2000F086F8D52000F083F88020F0
:10CC900000F080F8A82000F07DF83F2000F07AF83E
:10CCA000D32000F077F8002000F074F8402000F066
:10CCB00071F88D2000F06EF8012C03D1102000F0E7
:10CCC00069F802E0142000F065F8202000F062F816
:10CCD000002000F05FF8A12000F05CF8C82000F010
:10CCE00059F8DA2000F056F8122000F053F88120AD
:10CCF00000F050F8012C03D19F2000F04BF802E027
:10CD0000CF2000F047F8D92000F044F8012C03D1DF
:10CD1000222000F03FF802E0F12000F03BF8DB2099
:10CD200000F038F8402000F035F8A42000F032F888
:10CD3000A62000F02FF8A02000F02CF8C02000F072
:10CD400029F8AF2000F026F810BD00004A040020AA
:10CD5000500400204C040020520400204E04002007
:10CD60005404002056040020580400205C040020D5
:10CD70005A0400205E0400205F04002059040020B3
:10CD800010B54FF480610248D3F7B6FB10BD000028
:10CD90006104002010B504462046E0F787FF10BD6F
:10CDA00010B52120FFF7F6FF0020FFF7F3FF7F20EB
:10CDB000FFF7F0FF2220FFF7EDFF0020FFF7EAFF6B
:10CDC0000720FFF7E7FFFAF7AFFE10BD2DE9FF4F91
:10CDD00005460E469046C8F101000FFA80F94FF063
:10CDE000010A4FEA480040420FFA80FB0027444600
:10CDF00006EB080001B22846039A00F09FFAA6EB62
:10CE0000080001B22846039A00F098FA05EB0801E1
:10CE100008B23146039A00F091FAA5EB080108B276
:10CE20003146039A00F08AFA4EE0B9F1000F09DBAF
:10CE3000601E04B20BF102000FFA80FB09EB0B003D
:10CE40000FFA80F9781C07B20AF102000FFA80FA93
:10CE500009EB0A000FFA80F9321911B2EA1910B27F
:10CE6000039A00F06BFA321911B2EA1B10B2039A5E
:10CE700000F064FA321B11B2EA1910B2039A00F002
:10CE80005DFA321B11B2EA1B10B2039A00F056FA97
:10CE9000F21911B22A1910B2039A00F04FFAF219DE
:10CEA00011B22A1B10B2039A00F048FAF21B11B219
:10CEB0002A1910B2039A00F041FAF21B11B22A1B90
:10CEC00010B2039A00F03AFAA742AEDBBDE8FF8F3A
:10CED0002DE9F04104460D4616461F464FF0000866
:10CEE0002248007830B1012805D002280ED003284E
:10CEF00028D119E026E04FF0010820462C460546CF
:10CF00001B480088001B401E04B21BE01848008824
:10CF1000001B401E04B217480088401B401E05B28B
:10CF2000701E201A04B20DE04FF0010820462C4676
:10CF3000054610480088401B401E05B2701E281A86
:10CF400005B200BF00BFB8F1000F06D03B46324625
:10CF50002946204600F0C2F805E03B463246294605
:10CF6000204600F009F8BDE8F081000059040020D7
:10CF70005004002052040020F0B504461D4600294C
:10CF800004DB294EB6F90060B14200DBF0BD002C95
:10CF900002DA161932B20024A618244FB7F900702D
:10CFA000BE4203DD214E3688361B32B2002A00DC39
:10CFB000ECE71F480E46CF1701EB5777FF1000EB49
:10CFC000C710204401F007070126BE40F3B27DB12F
:10CFD000012D02D0022D23D117E003E006781E4375
:10CFE00000F8016B161EA2F101073AB2F6D117E064
:10CFF000DE43F3B203E006781E4000F8016B161E14
:10D00000A2F101073AB2F6D10AE003E006785E40E9
:10D0100000F8016B161EA2F101073AB2F6D100BF6B
:10D0200000BF00BFB2E700005204002050040020FF
:10D03000610400202DE9F04104460D4616461F46C6
:10D040004FF000082248007830B1012805D00228AE
:10D0500011D0032828D11CE026E04FF0010820461B
:10D060002C4605461B480088001B401E04B2701E5B
:10D07000201A04B218E017480088001B401E04B2B2
:10D0800015480088401B401E05B2701E281A05B2C4
:10D090000AE04FF0010820462C4605460E4800885D
:10D0A000401B401E05B200BF00BFB8F1000F06D004
:10D0B0003B46324629462046FFF75EFF05E03B46E9
:10D0C00032462946204600F009F8BDE8F08100000C
:10D0D0005904002050040020520400202DE9F043A0
:10D0E00007460C461546002F05DBDFF86CC1BCF97E
:10D0F00000C0674501DBBDE8F083002C04DA05EBD6
:10D10000040C0FFA8CF5002404EB050CDFF84C81BD
:10D11000B8F90080C44507DDDFF840C1BCF800C0A5
:10D12000ACEB040C0FFA8CF5002D00DCE3E7E6B263
:10D13000E9B24B48B4464FEAE67806EB58784FEA36
:10D14000E80800EBC810384406F0070282B3C2F1C9
:10D15000080808F0FF02DFF80C8118F802C09142BD
:10D1600007DAA2EB01094FF0FF0848FA09F808EACC
:10D170000C0C5BB1012B02D0022B15D10DE090F805
:10D18000008048EA0C0880F800800DE090F80080EC
:10D1900028EA0C0880F8008006E090F8008088EA11
:10D1A0000C0880F8008000BF00BF914201DAA2E7BE
:10D1B00005E0A1EB020808F0FF01803000BF08295C
:10D1C00023DB022B0ED100BF90F800C06FEA0C0CDD
:10D1D00080F800C08030A1F1080C0CF0FF01082994
:10D1E000F2DA12E0012B02D14FF0FF0801E04FF01C
:10D1F0000008C44600BF80F800C08030A1F10808D4
:10D2000008F0FF010829F6DA00BF11B301F00702A8
:10D21000DFF8548018F802C05BB1012B02D0022B5A
:10D2200015D10DE090F8008048EA0C0880F80080E5
:10D230000DE090F8008028EA0C0880F8008006E0F5
:10D2400090F8008088EA0C0880F8008000BF00BFDA
:10D2500000BF00BF4FE70000500400205204002030
:10D260006104002061080020690800202DE9F84FC2
:10D2700004460D4616461F46791B002901DB0A4667
:10D2800000E04A42301B002801DB034600E0434235
:10D290009A4201DD012200E000229346BBF1000F1B
:10D2A00006D020462C46054630463E46074600BF7F
:10D2B000B44206DD20463446064628463D4607462B
:10D2C00000BF301B0FFA80F8781B002801DB0146F5
:10D2D00000E0414209B20091404608EBD07149108C
:10D2E0000FFA81F9BD4202DA4FF0010A01E04FF076
:10D2F000FF3A1EE0BBF1000F05D0214628460A9AEE
:10D3000000F01CF804E0294620460A9A00F016F8BE
:10D310000098A9EB00000FFA80F9B9F1000F06DAC6
:10D3200005EB0A0005B209EB08000FFA80F9601C52
:10D3300004B2B442DEDDBDE8F88F000070B50346EC
:10D34000002B09DB00F050F9984205DD002903DBD2
:10D3500000F044F9884200DC70BD3B4800780128A9
:10D3600004D002280BD003281DD113E018460B4629
:10D37000014636480088C01A401E03B213E0334805
:10D380000088C01A401E03B231480088401A401E6F
:10D3900001B208E018460B4601462D480088401AA5
:10D3A000401E01B200BF00BFE2B1012A02D0022A32
:10D3B00047D12EE0CC1701EB5474E41003EBC414F6
:10D3C000244D2C5D01F007060125B5402C43E5B244
:10D3D0000846CC1701EB5474E41003EBC4141D4E43
:10D3E00035552EE0CC1701EB5474E41003EBC41454
:10D3F000184D2C5D01F007060125B540AC430846E9
:10D40000CD1701EB5575ED1003EBC515114E745595
:10D4100017E0CC1701EB5474E41003EBC4140D4D6A
:10D420002C5D01F007060125B5406C40E5B20846C9
:10D43000CC1701EB5474E41003EBC414054E3555BE
:10D4400000BF00BF00BF87E7590400205004002040
:10D4500052040020610400202DE9F04105460E46EB
:10D4600017461C46DDF8188043463A4631462846A2
:10D47000FFF72EFD3019401E01B243463A462846BA
:10D48000FFF726FD4346224631462846FFF7D2FDE8
:10D49000E919491E08B2434622463146FFF7CAFD44
:10D4A000BDE8F0812DE9F84705460E461746984637
:10D4B000DDE9099A0B9C43463A46314628460094DA
:10D4C000FFF7D4FE53464A46414638460094FFF7DC
:10D4D000CDFE33462A46514648460094FFF7C6FE25
:10D4E000BDE8F887FCB507460D4614461E466000A9
:10D4F000401C02B2281B01B233463846FFF79AFDA2
:10D500000020032322462946CDE90006384600F0D4
:10D5100001F8FCBD2DE9FC4F06460F4690469A46A1
:10D52000DDF82C90C8F101000FFA80FB012001907A
:10D530004FEA4800404200B200900024454648E0CF
:10D54000BBF1000F09DB681E05B20098801C00B219
:10D550000090009858440FFA80FB601C04B20198B8
:10D56000801C00B20190019858440FFA80FB0AF029
:10D570000100A8B16B005B1C4B441AB27B1B19B2B3
:10D58000331918B20C9BFFF755FD63005B1C4B442D
:10D590001AB23B1B19B2731918B20C9BFFF74AFD64
:10D5A0000AF00200A8B16B005B1C4B441AB27B1B53
:10D5B00019B2331B18B20C9BFFF73CFD63005B1CD8
:10D5C0004B441AB23B1B19B2731B18B20C9BFFF7EA
:10D5D00031FDAC42B4DBBDE8FC8F00000148B0F97E
:10D5E000000070474E0400200148B0F90000704769
:10D5F0004C04002030B58DB005462846D2F7DAFE3F
:10D600000446FD208DF8000000208DF80100A01CCC
:10D61000C0B28DF8020001208DF803008DF80400DF
:10D62000224629460DF10500D2F7E3FE611D68464A
:10D63000F2F73CFB0DB030BD10B54A484A490968C5
:10D6400030F81100F0BB00F02DF9484890ED010AC8
:10D65000474880ED000A454890ED020A444880EDB5
:10D66000010A444890ED000A414880ED020A424810
:10D670000088052190FBF1F140483B4A126840F8D0
:10D68000221038483849096830F81100401C81B22E
:10D690003448354A126820F812103648D0ED001A86
:10D6A000B0EE611A3148D0ED021AF0EE610AD0ED09
:10D6B000011AB0EE610A00231A4619461846FEF711
:10D6C000C3FE4EE0FFE727482749096830F81100FC
:10D6D000052846DC29482449096850F8210050B142
:10D6E00026482149096850F82100401E23491E4A56
:10D6F000126841F8220021481B49096850F82100AE
:10D7000078BB18481849096830F811001A4931F8EF
:10D710001000052190FBF1F01849134A126841F8F6
:10D72000220010481049096830F81100401C81B2ED
:10D730000C480D4A126820F812100E48D0ED001A5D
:10D74000B0EE611A0948D0ED021AF0EE610AD0ED90
:10D75000011AB0EE610A00231A4619461846FEF770
:10D7600073FE10BD706D00209410002084690020AD
:10D770002C700020084C0020B60F00209C6E00206A
:10D7800010B52348008800B110BD22480088401C15
:10D790002049088008460088142837DB00200880CC
:10D7A0001D4890ED050A80ED060A90ED040A80ED13
:10D7B000050A1A4AD1799079F4F77EFB164880ED74
:10D7C000040A90ED070A80ED090A90ED040AD0EDF5
:10D7D000050A30EE600ADFED120A80EE201A80EDB5
:10D7E000071A90ED070AD0ED090A30EE600ADFED66
:10D7F0000C0A80EE201A80ED081A012007490880E3
:10D800000020488055210748F4F75FFA00BFBBE7C6
:10D8100070010020380A002088400020502E00208F
:10D82000CDCCCC3D0020014010B519480088401CEB
:10D830001749088008460088012808D1FFF712F828
:10D84000FFF748F8134880ED000A002010BD10488B
:10D85000008800EE100AB8EE400AF2EE040AB4EEB8
:10D86000600AF1EE10FA10D1FEF7C6FFFEF756FF80
:10D87000094880ED000A0020054908800120074979
:10D880000870074981F86900E0E70020DEE7000042
:10D8900072030020680300206C0300207003002046
:10D8A00000280020002023E0134931F9101000EE79
:10D8B000101AB8EEC00AF3EE090A20EE200A0F494A
:10D8C00001EB800181ED000A0B49503131F9101054
:10D8D00000EE101AB8EEC00AF3EE090A20EE200A94
:10D8E0000649A03101EB800181ED000A411C88B29C
:10D8F0002828D9DB70470000301D0300207200206B
:10D90000002023E0134931F9101000EE101AB8EE90
:10D91000C00ADFED110A20EE200A104901EB800158
:10D9200081ED000A0B49403131F9101000EE101A58
:10D93000B8EEC00ADFED080A20EE200A0749803160
:10D9400001EB800181ED000A411C88B22028D9DB5F
:10D9500070470000201E0300000048426073002052
:10D960002DE9F0412DED028B84B006460F46B0EE56
:10D97000408A0024E846B5EEC08AF1EE10FA0ED2D5
:10D980002D208DF800009DF8002039463046E0F744
:10D99000DFF8B01DC6B2B1EE480AB0EE408ABDEE67
:10D9A000C80A10EE105A00EE105AB8EEC00A78EE0F
:10D9B000408A994885420CDB95FBF0F03030C0B2CC
:10D9C0000DF80400944895FBF0F100FB1155601C24
:10D9D000C4B2924885420DDB95FBF0F03030C0B206
:10D9E0000DF804008D4895FBF0F100FB1155601C0B
:10D9F000C4B208E08948854205DA24B130200DF828
:10DA00000400601CC4B2864885420DDB95FBF0F033
:10DA10003030C0B20DF80400814895FBF0F100FBF6
:10DA20001155601CC4B208E07D48854205DA24B176
:10DA300030200DF80400601CC4B27A4885420DDB2A
:10DA400095FBF0F03030C0B20DF80400754895FB3E
:10DA5000F0F100FB1155601CC4B208E0714885422A
:10DA600005DA24B130200DF80400601CC4B26E4801
:10DA700085420DDB95FBF0F03030C0B20DF80400AC
:10DA8000694895FBF0F100FB1155601CC4B208E039
:10DA90006548854205DA24B130200DF80400601C89
:10DAA000C4B242F2107085420EDB95FBF0F03030CC
:10DAB000C0B20DF8040042F2107095FBF0F100FBCB
:10DAC0001155601CC4B209E042F21070854205DABB
:10DAD00024B130200DF80400601CC4B2B5F57A7F83
:10DAE00010DB4FF47A7095FBF0F03030C0B20DF8D7
:10DAF00004004FF47A7095FBF0F100FB1155601CA7
:10DB0000C4B208E0B5F57A7F05DA24B130200DF80B
:10DB10000400601CC4B2642D0EDB642095FBF0F0A1
:10DB20003030C0B20DF80400642095FBF0F100FB2A
:10DB30001155601CC4B207E0642D05DA24B1302011
:10DB40000DF80400601CC4B20A2D0EDB0A2095FB00
:10DB5000F0F03030C0B20DF804000A2095FBF0F16F
:10DB600000FB1155601CC4B207E00A2D05DA24B190
:10DB700030200DF80400601CC4B205F13000C0B2C2
:10DB80000DF804009FED290AF4EEC08AF1EE10FAB8
:10DB900033DB601CC4B22E200DF80400601CC4B23C
:10DBA0009FED230A28EE800ABDEEC00A10EE105A3F
:10DBB000642095FBF0F03030C0B20DF80400642012
:10DBC00095FBF0F100FB1155601CC4B2002D0BDD7C
:10DBD0000A2095FBF0F03030C0B20DF804000A20A6
:10DBE00095FBF0F100FB1155002D06DB601CC4B263
:10DBF00005F13000C0B20DF80400601CC4B2002072
:10DC00000DF80400424639463046DFF7C5FF04B040
:10DC1000BDEC028BBDE8F08100CA9A3B00E1F5053E
:10DC20008096980040420F00A086010017B7D138B7
:10DC300000007A4481F00041704780F00040704756
:10DC400021F00041704720F00040704721F0004271
:10DC5000A2F16052B2F5801F01F0004328BFD2F15B
:10DC60007F6C0BD95FEA001C43EAC20242EB5070A2
:10DC700018BF704728BF20F001007047B2F5801F21
:10DC8000BCBF184670474FEA410C1CF5001F02D27A
:10DC9000084600F07FBE70B500F084FB00000089EC
:10DCA000FFF7F6BF4FF00040A0F58000704700007E
:10DCB00010B591EA030F48BF83F0004300F1DC8404
:10DCC000841A71EB030C05D2121943EB0C03001BF1
:10DCD00061EB0C01DFF824E14FEA1154A4EB135C73
:10DCE0001EEA430F18BF9EEA445F73D023EA0E0377
:10DCF000DCF1200E21EA045143F4801332D322FADE
:10DD00000CFE10EB0E0023FA0CFE41EB0E01CCF1E1
:10DD1000200E03FA0EFE10EB0E0051F10001B1F5DA
:10DD2000801FCCF1200E32D201EB045112FA0EF218
:10DD3000BDE8104058BF7047401C38BF5FEA420240
:10DD400018BF7047002814BF20F0010041F1000106
:10DD50004FEA410313F5001F38BF7047A1F1C041DE
:10DD600000F06EBB012A43EB0302ACF1200CDCF1A6
:10DD70001F0E32BF4FF0000E23FA0CF310EB03001E
:10DD800041EB0451B4EB115FD0D0A1EB045101F58C
:10DD9000801149085FEA300001EB04510ED350F1C5
:10DDA000000038BF12FA0EFE08D1BDE81040C9E7E6
:10DDB000401C38BF5FEA4202CAD1C3E7BDE8104049
:10DDC0004FEA410313F5001F38BF7047A1F1C0416E
:10DDD00000F036BB9EEA445F08D011EA5E0FBDE852
:10DDE000104004BF01F0004100207047BDE8104022
:10DDF00070B500F0D7FA00BF64FBBE3E0000E0FF44
:10DE0000491058BFC1F140415B1058BFC3F14043B6
:10DE10008B42EFF3008070472DE9C04130B4DFF84A
:10DE2000A0C23CEA111418BF3CEA131400F0EC80C5
:10DE300081EA03051CEA111444EAD57418BF1CEAF0
:10DE4000131500F0C780A4EB05044FF0004545EA28
:10DE5000C12145EAC32341EA505143EA525304F138
:10DE60007F74994204F500344FEAC0204FEAC22281
:10DE700008BF904200F09C804FEA13650FF24016F5
:10DE8000765D4FEA134506FB05F7C7F1807706FB81
:10DE900007F74FEAD737A7FB03687642C8F5803803
:10DEA000A7FB06CE38BFA8F1010807FB08E64FF034
:10DEB000000EA6FB028CE6FB03CEDCF1000CCEF1DB
:10DEC000004E38BFAEF1010EA6FB0C584FF0000714
:10DED0004FF00005E6FB0E87A1FB08C6A0FB07CEAE
:10DEE00016EB0E0645F10005E1FB076515F1E04E66
:10DEF0007EBFA4F580345FEA46066D4116F18007C7
:10DF000045F100054FEA17274FEA066647EA05671D
:10DF1000A6F1DE46B6F1805F4FEA15251FD93846D7
:10DF200024F0010C05EBC471BCF1FE6F01EB0C1188
:10DF300002D8F0BCBDE8008124425CBF01F5801E20
:10DF40009EEAC47F02D4F0BCBDE80081244238D4EC
:10DF5000F0BCA1F1C041BDE8004100F071BA4FEA48
:10DF6000D22242EA43524FEAD323A7FB02864FEA6A
:10DF7000D02040EA415007FB03661EEA0E0F4FEA2D
:10DF8000D12105FB026658BFA6EB0056B6EB005642
:10DF90004FEA520E4EEAC37E18EB0E0E56EB530EAE
:10DFA000BDD518EB02085E417F1C55F10005B6E7B0
:10DFB0004FF480154FF000074FF000064FF00008B7
:10DFC000ADE7F0BC4FF0000001F1C04101F00041AD
:10DFD000BDE8008111EA0C1F0CEA131500D00CE01B
:10DFE00013EA0C1F00F025804FF00000F0BC81EA1E
:10DFF000030101F00041BDE80081F0BCBDE8004133
:10E0000081EA030100F01CBAF0BCBDE8004170B524
:10E0100000F0C8F9097EFC3E00F007B881EA030170
:10E020004FF0000001F00041704781EA030100F069
:10E0300007BAF0BCBDE800414FF00000214970472D
:10E04000FFFDFBF9F7F5F4F2F0EEEDEBE9E8E6E4BD
:10E05000E3E1E0DEDDDBDAD8D7D5D4D3D1D0CFCD44
:10E06000CCCBCAC8C7C6C5C4C2C1C0BFBEBDBCBB7D
:10E07000BAB9B8B7B6B5B4B3B2B1B0AFAEADACAB78
:10E08000AAA9A8A8A7A6A5A4A3A3A2A1A09F9F9E52
:10E090009D9C9C9B9A999998979796959594939304
:10E0A000929191908F8F8E8E8D8C8C8B8B8A89899B
:10E0B000888887878685858484838382828181801E
:10E0C0000000FF070000F87F4FEA41034FEA535377
:10E0D000A3F58063D3F11E03C8BFD3F1210C0CDD7F
:10E0E0004FF0004242EAC12242EA505232FA03FCA7
:10E0F0008CEAE17CACEBE1707047102BC4BF0020D0
:10E10000704703F5787CBCF1FF3F04D06FF000420C
:10E1100082EA2100704770B500F044F949922480EA
:10E1200000207047F2E700004FEA1153A3F5806327
:10E13000D3F11E03A8BFD3F1200C08DB4FF000423F
:10E1400042EAC12252EA505232FA03F070470942C1
:10E150000BD4102BC4BF0020704703F5787CBCF1B2
:10E16000FF3F05D04FF0FF3070474FF00000704781
:10E1700070B500F017F900BF499224800020704765
:10E18000F0E710F0004248BF4042B0FA80F310FAC6
:10E1900003F10AD0C3F11D0303F580634FEA415038
:10E1A00002EB035202EBD12170474FF000007047A1
:10E1B000B0FA80F310FA03F10AD0C3F11D0303F59E
:10E1C00080634FEA41504FEA035202EBD12170477E
:10E1D0004FF000007047000051EA030C17D41CF503
:10E1E000801F58BFBCF5801F00F10680994218BF00
:10E1F000704708BF9042704707D711F5801F58BF7E
:10E2000013F5801F19D499427047894270471CF555
:10E21000801F08D5BCF5801FF7D58B4218BF70470B
:10E2200008BF824270474FF4001C1CEB410F38BFFF
:10E230001CEB430F01D28B42704770B500F0B2F86F
:10E24000922449004FF000514FF08053FFF7D8BDA2
:10E25000DFF848C170B51CEA111E1EBF1CEA131579
:10E260009EEA0C0F95EA0C0F00F06F8081EA030420
:10E2700023EA4C134EEAD47E21EA4C1141F480117A
:10E2800043F48013AE44A1FB024CA0FB0365AEF146
:10E290007F7E361955EB0C05A1FB034C4CF10003B6
:10E2A000A0FB021C16EB0C06654153F1000309426A
:10E2B00018BF46F0010613F4007F0BD14FEA03317B
:10E2C0004FEA0530340341EA155140EA16506FF029
:10E2D00003020AE04FEAC3214FEAC520F40241EAF3
:10E2E000555140EA56506FF0020202EB2E4201EB0C
:10E2F000025585EACE710AD05FEA440C18BF24F0BB
:10E30000004450F1000041F1000120EAD47040F2D5
:10E31000FE7C624500D270BDA84214BF4FF080441D
:10E320004FF04044002E08BF0024BEF1806FA8BF0C
:10E33000A1F1C041BDE8704080F282804FF0000042
:10E3400001F1C04101F0004170479EEA0C0F0CEA58
:10E35000131518BF95EA0C0F06D04FF0000081EAA4
:10E36000030E0EF0004170BD00F01CF88900013E64
:10E3700000F007B800F009B84FEA430C5FEA5C5CB4
:10E3800008D081EA030100F05BB84FEA410C5FEA74
:10E390005C5CF6D14FF00000014970470000FF07B8
:10E3A0000000F87F0EF1020E2EF0030E5EF8046BF3
:10E3B000364205D4012A43EB030515F5001F12D898
:10E3C000012841EB010C1CF5001F0CD80ED14FEABF
:10E3D000D17C15F5001F0CEB4C0C0CF1020C08BFA6
:10E3E0004CEBD37C04E04FF0080C01E04FEAD37C07
:10E3F0000CEB4C0526FA05F606F00706B6F1040C00
:10E4000006D20EEB860CBDE870404CF0010C604764
:10E41000DFE80CF0090B02024FF000414FF0000062
:10E42000A1F5002170BD19461046012851EB0104E9
:10E4300018BFD4F5001484BF002001F0004170BD66
:10E440000808A0F500114FEA3101704753EA010CAA
:10E4500017D41CF5801F58BFBCF5801F00F1068043
:10E460008B4218BF704708BF8242704707D713F529
:10E47000801F58BF11F5801F19D48B4270479B42F3
:10E4800070471CF5801F08D5BCF5801FF7D5994251
:10E4900018BF704708BF904270474FF4001C1CEB38
:10E4A000430F38BF1CEB410F01D2994270470FB4A4
:10E4B0000CBC03BCFFF7C1BE91EA030F10B581F09D
:10E4C00000413FF5FDAB83F0004300F0D5B80000FC
:10E4D0002DE9F04101F5801CBCF5001FC0F2A980B8
:10E4E0004FEA115C21EA0C510CF1FD0C41F4801152
:10E4F0005FEA5C0C0CF5C07C01D34000494130A4BC
:10E50000890241EA905187028E0E0A0CA45D04FB39
:10E5100004F602FB06F6C6F14046A4FB0662F60DC1
:10E5200046EA422606FB06F4A4FB01235242C3F14D
:10E53000404338BF5B1EA6FB02420024E6FB0324D7
:10E54000D20B42EA4446A6FB0623A1FB02E2A3FB50
:10E5500007E4E3FB61426442C2F1404E38BFAEF1D2
:10E56000010EA6FB04234FF00002E6FB0E32A2FBD5
:10E5700003463400E2FB6264A1FB06E6A4FB07E865
:10E58000E4FB61687642C8F1405838BFA8F1010841
:10E59000A2FB06E4A3FB08E5E2FB6854A1FB05E649
:10E5A000A7FB04E8E1FB648618F1200556F100069C
:10E5B000A809A8F11B08B10908F03F08B8F10A0F33
:10E5C00040EA86601CD901EB0C51BDE8F08100BF28
:10E5D000FCF5EEE8E2DDD8D3CFCBC7C3C0BDB9B6FA
:10E5E000B4B1AEACA9A7A5A3A19F9D9B9A989695FF
:10E5F0009392908F8D8C8B89888786858483828186
:10E60000A0FB006800FB01F208EB4208B8EB87288A
:10E6100007D5341858EB0104D5D5401C51F1000141
:10E62000D1E7341A78EB0104CDD4401E71F100011A
:10E63000C9E75FEA4C0C5FEA9C5C0DD105D34FF053
:10E64000000001F00041BDE8F081BDE8F04170B587
:10E65000FFF7A8FE6DDBFFBEBDE8F0414FF0000004
:10E66000004970470000F87F10B591EA030F48BFDA
:10E6700083F000433FF524AB841A71EB030C07D2FF
:10E6800012198CF0004C43EB0C03001B61EB0C01E6
:10E69000DFF8A4E14FEA1154A4EB135C1EEA430F28
:10E6A00018BF9EEA445F00F0B08023EA6E03524236
:10E6B00021EA0451C3EB6E0338BF5B1EDCF1200E70
:10E6C00025D322FA0CFE10EB0E0043FA0CFE41EBB0
:10E6D0000E01CCF1200E03FA0EFE10EB0E0051F1EC
:10E6E0000001CCF1200E29D412FA0EF201EB0451F4
:10E6F000BDE8104058BF7047401C1CBFB2F1004F2E
:10E70000704700280CBF491C20F00100704712EB35
:10E71000020E43EB030218BF4FF0010E4EEA420215
:10E72000ACF1200CDCF11E0E54D943FA0CFE10EBB8
:10E730000E0051F1FF31CCF11E0ED5D50EF1010EB8
:10E7400012FA0EFE404141EB010101EB445C5FEA2D
:10E750005C5C10D910EBDE7001EB045138BFBEF1E8
:10E76000004FBDE8104018BF704700280CBF491C7F
:10E7700020F00100704730D24FEAD42C11F500117F
:10E7800024F400641BD0B1FA81F20B3AA41AA41E3F
:10E79000D2F12003914030FA03F31943904001EB8A
:10E7A000CC71002C01EB0451BDE81040A8BF7047AC
:10E7B00001F1C0414FF0000001F000417047B0FA94
:10E7C00080F310FA03F100D110BDE41A173C48059C
:10E7D000C90AE4E701EB045110BD491001EB0451F3
:10E7E000BDE810404FEA300002E04FF000017047F2
:10E7F0004A0008BF0042F8D0B2F5001F28BF70479A
:10E8000001F000414FF0000070479EEA445F07D0DE
:10E8100011EA5E0FBDE8104004BF002100207047E0
:10E82000BDE8104070B5FFF7BDFD00BF40DFF63E0C
:10E8300083F00041104670470000E0FF43004FEABC
:10E84000D30C4FEA3C0C43401FBF40070CF1605112
:10E8500013F0FE4F70471CF0006F03D100200CF046
:10E86000004170470CF0004343EA507010B540EA95
:10E87000CC0000F044F800BF000000924FEA000115
:10E88000FFF7DEBD4FF000414FF00000A1F5002181
:10E890007047000000EE100A00EE901AB4EE600A15
:10E8A000F1EE10FA78BF704700F00DB810B5FFF721
:10E8B000F1FFEFF3008020F0104038BF40F000403F
:10E8C00080F3008810BDBDE8104010B500F017F8C7
:10E8D0000000000900F007B84FF0404010F1004F71
:10E8E000EFF300807047401058BFC0F1404049101E
:10E8F00058BFC1F140418142EFF3008070470EF1F3
:10E90000020E2EF0030E5EF8044B244204D44FEAAC
:10E910004102B2F17F4F11D84FEA4003B3F17F4F6C
:10E920000CD80ED14FEAD07CB2F17F4F0CEB4C0CDF
:10E930000CF1020C08BF4CEBD17C04E04FF0080C4A
:10E9400001E04FEAD17C0CEB4C0324FA03F404F011
:10E950000704B4F1040C06D20EEB840CBDE81040A1
:10E960004CF0010C6047DFE80CF0070802024FF0A2
:10E970000040A0F5800010BD0846420018BFD2F14B
:10E98000807288BF00F0004010BD4FF04070E1EE93
:10E99000100A7047FF2141EAD050C00570470000BF
:10E9A0000040004010000000008005401000000002
:10E9B00000500040110000000090054011000000D0
:10E9C000006000401200000000A00540120000009E
:10E9D000007000401300000000B00540130000006C
:10E9E000004002401400000000C005401400000078
:10E9F000005002402E00000000D005402E00000014
:10EA0000006002402F00000000E005402F000000E1
:10EA1000007002403000000000F0054030000000AF
:10EA200000D0034046000000000006404600000001
:10EA3000001006404700000000200640480000008B
:10EA4000003006407F0000000040064080000000CB
:10EA50000050064084000000006006408C0000006A
:10EA60000040004010000000008005401000000041
:10EA7000005000401100000000900540110000000F
:10EA8000006000401200000000A0054012000000DD
:10EA9000007000401300000000B0054013000000AB
:10EAA000004002401400000000C0054014000000B7
:10EAB000005002402E00000000D005402E00000053
:10EAC000006002402F00000000E005402F00000021
:10EAD000007002403000000000F0054030000000EF
:10EAE00000D0034043000000000006404300000047
:10EAF00000100640440000000020064045000000D1
:10EB00000030064058000000004006405900000058
:10EB1000005006405C0000000060064064000000F9
:10EB2000004000400080054000500040009005403B
:10EB30000060004000A005400070004000B00540AB
:10EB40000040024000C005400050024000D0054097
:10EB50000060024000E005400070024000F0054007
:10EB600000D00340000006400010064000100640A0
:10EB700000200640002006400030064000300640DD
:10EB8000004006400040064000500640005006404D
:10EB900000600640006006400070064000700640BD
:10EBA000008006400080064000900640009006402D
:10EBB000000700000006000000050000000400003F
:10EBC000000300000002000000010000000000003F
:10EBD0000000000018ED00E01CED00E020ED00E07A
:10EBE00000E400E004E400E008E400E00CE400E0FD
:10EBF00010E400E014E400E018E400E01CE400E0AD
:10EC000020E400E024E400E028E400E02CE400E05C
:10EC100030E400E034E400E038E400E03CE400E00C
:10EC200040E400E044E400E048E400E04CE400E0BC
:10EC300050E400E054E400E058E400E05CE400E06C
:10EC400060E400E064E400E068E400E06CE400E01C
:10EC500070E400E074E400E078E400E07CE400E0CC
:10EC600080E400E084E400E088E400E000E100E00B
:10EC700004E100E008E100E00CE100E010E100E068
:10EC800080E100E084E100E088E100E08CE100E068
:10EC900090E100E000E200E004E200E008E200E0D1
:10ECA0000CE200E010E200E080E200E084E200E03C
:10ECB00088E200E08CE200E090E200E040420F00D9
:10ECC00000201C0080841E0000802500999E3600D4
:10ECD0000040380000093D0000803E0000004B006D
:10ECE000404B4C0000204E00808D5B0000C05D005A
:10ECF0000080700000127A0000007D00809698006D
:10ED0000001BB7000080BB00C0E8CE00647ADA00C8
:10ED10000024F4000000FA0080A81201002D310147
:10ED200000366E0140787D014000000000000000C8
:10ED30003E00080000000000A000000002000000EB
:10ED400034540100000000002B7006000000000099
:10ED50002800000000000000270001000000000063
:10ED60002000000000000000500000000200000031
:10ED70001AAC000000000000179409000000000019
:10ED800016980500000000001400000000000000BC
:10ED90001380080000000000A00000000800000030
:10EDA0001000000000000000280000000200000029
:10EDB00040000000040000006000000000000000AF
:10EDC0005D000C000000000050000000000000008A
:10EDD0004E0002000000000041AC010000000000F5
:10EDE0003C000000000000003A8009000000000024
:10EDF00030000000000000002800000000000000BB
:10EE00002700010000000000236006000000000051
:10EE100021600800000000001E000000000000004B
:10EE20001DC00400000000005000000002000000AF
:10EE300018000000000000001400000000000000A6
:10EE400060000000040000000024F40030003000E6
:10EE500080C3C9017100710080F0FA02B200B200F3
:10EE600000879303D300D30000B4C4041401140139
:10EE700000E1F50555015501000E270796019601A1
:10EE800000D0121300389C1C000003402300000037
:10EE90000010034025000000002003402700000070
:10EEA00000300340330000000040034056000000E3
:10EEB000005003406C000000006003406E00000042
:10EEC000007003407000000000C0044072000000A9
:10EED00000D004407400000000E004407600000010
:10EEE00000F0044078000000000003402300000010
:10EEF0000010034025000000002003402700000010
:10EF00000030034033000000004003404F00000089
:10EF1000005003405100000000000E40720000004D
:10EF200000100E407400000000C0004015000000FA
:10EF300000D000401600000000E00040310000005A
:10EF400000F000404B000000000001404C000000B9
:10EF5000001001404D000000002001404E00000064
:10EF6000003001404F00000000C0004015000000CC
:10EF700000D000401600000000E00040310000001A
:10EF800000F000404800000000000140490000007F
:10EF9000001001404A000000002001404B0000002A
:10EFA000003001404C0000008821030000000140B7
:10EFB0000010014000E00040041800F0051800F0C7
:10EFC000021800F000000A0014001E0028003200A1
:10EFD0003C00460050005A0064006E007800820039
:10EFE0008C009600A000AA00B400BE00C800D200A9
:10EFF000DC00E600F000FA0004010E011801220115
:10F000002C01360140014A0154015E010000A0417B
:10F010000000A84100C0814500E07D450000C0C15E
:10F0200000009C4200207FC50000803F000000C11E
:10F03000000034C200707EC50000F0410000A04115
:10F0400000307C45000000C10000F041000070C2AB
:10F0500000C078C5B56206010300F00A000423F081
:10F0600009000321F00000FA0FF00100FB11F00D80
:10F07000000729F00600001BF00200FC13F0070057
:10F08000011DF00300FD15F00400FE17F00E00084E
:10F090002BF00F00092DF00500FF19F00800021FEA
:10F0A000F10000FB12F10100FC14F10300FE18F165
:10F0B0000400FF1AF10500001CF10600011EB562F4
:10F0C000060103000B300045C00B500065000B33F8
:10F0D0000048C60B310046C20B000015601002004C
:10F0E0001C731002001C731002001C731010002A05
:10F0F0008F210E0039BE21080033B221090034B43B
:10F10000210B0036B8210F003AC0210D0038BC0A8F
:10F11000050019670A09001D6F0A0B001F730A0218
:10F120000016610A06001A690A07001B6B0A210013
:10F13000359F0A2E0042B90A08001C6D0160006B61
:10F14000020122002D860131003CA40104000F4A77
:10F150000140004BC20161006C040109001454011C
:10F1600034003FAA0101000C440102000D460107D2
:10F1700000125001350040AC0132003DA6010600EE
:10F18000114E0103000E480130003BA20124002F64
:10F190008A0123002E880120002B820121002C846B
:10F1A0000111001C640112001D660230003CA50222
:10F1B00031003DA70210001C65021500216F0211ED
:10F1C000001D670213001F6B0220002C850D11002B
:10F1D00028880D16002D920D13002A8C0D04001B9B
:10F1E0006E0D03001A6C0D1200298A0D01001868BB
:10F1F0000D06001D72B562060103000107011351DF
:10F20000B562060806006400010001007A12B562CA
:10F21000060800000E30B562060014000100000070
:10F22000D00800000096000001000100000000006E
:10F230008B54B56206000100010822B56206001475
:10F240000001000000D008000000C2010001000120
:10F250000000000000B842B562060001000108226B
:10F26000B5620600140001000000D0080000001084
:10F270000E000100010000000000131EB562060030
:10F280000100010822B56206090D0000000000FF20
:10F29000FF0000000000001731BF000000100E004A
:10F2A00080250000004B00000096000000E10000F7
:10F2B00000C20100008403000008070000100E00D7
:10F2C0000000000000000000002F00000000070008
:10F2D000070000147F147F1400242A7F2A12006282
:10F2E000640813230036495522500000050300002E
:10F2F00000001C224100000041221C000014083EB6
:10F3000008140008083E0808000000A0600000087B
:10F3100008080808000060600000002010080402CF
:10F32000003E5149453E0000427F4000004261518D
:10F330004946002141454B31001814127F10002727
:10F3400045454539003C4A494930000171090503EA
:10F3500000364949493600064949291E000036361B
:10F36000000000005636000000081422410000147E
:10F37000141414140000412214080002015109065B
:10F3800000324959513E007C1211127C007F4949DC
:10F390004936003E41414122007F4141221C007F0D
:10F3A00049494941007F09090901003E4149497A1B
:10F3B000007F0808087F0000417F41000020404195
:10F3C0003F01007F08142241007F40404040007F01
:10F3D000020C027F007F0408107F003E4141413E45
:10F3E000007F09090906003E4151215E007F09198D
:10F3F00029460046494949310001017F0101003F8A
:10F400004040403F001F2040201F003F4038403F09
:10F41000006314081463000708700807006151496D
:10F42000454300007F41410000552A552A55000000
:10F4300041417F000004020102040040404040407E
:10F44000000001020400002054545478007F484416
:10F45000443800384444442000384444487F00384D
:10F460005454541800087E0901020018A4A4A47C76
:10F47000007F080404780000447D40000040808440
:10F480007D00007F102844000000417F4000007C88
:10F4900004180478007C0804047800384444443894
:10F4A00000FC242424180018242418FC007C0804E0
:10F4B000040800485454542000043F444020003CB9
:10F4C0004040207C001C2040201C003C4030403C40
:10F4D000004428102844001CA0A0A07C00446454D0
:10F4E0004C44141414141414000000000000000014
:10F4F0000000000000000000000000F80000000014
:10F50000000000333000000000100C06100C060054
:10F51000000000000000000040C07840C0784000BB
:10F52000043F04043F040400007088FC083000001D
:10F53000001820FF211E0000F008F000E018000075
:10F5400000211C031E211E0000F00888700000002E
:10F550001E2123241927211010160E000000000080
:10F560000000000000000000000000E0180402009D
:10F57000000000071820400000020418E00000000E
:10F580000040201807000000404080F0804040000C
:10F590000202010F01020200000000F00000000062
:10F5A0000101011F01010100000000000000000036
:10F5B00080B07000000000000000000000000000AB
:10F5C0000001010101010101000000000000000034
:10F5D00000303000000000000000000080601804CF
:10F5E000006018060100000000E010080810E000AC
:10F5F000000F102020100F00001010F80000000075
:10F600000020203F202000000070080808887000BB
:10F61000003028242221300000300888884830003B
:10F620000018202020110E000000C02010F800005B
:10F6300000070424243F240000F8088888080800F4
:10F640000019212020110E0000E010888818000009
:10F65000000F112020110E0000380808C8380800DB
:10F660000000003F0000000000708808088870005B
:10F67000001C222121221C0000E010080810E000DC
:10F680000000312222110F00000000C0C000000065
:10F69000000000303000000000000080000000008A
:10F6A0000000806000000000000080402010080082
:10F6B000000102040810200040404040404040004B
:10F6C0000404040404040400000810204080000026
:10F6D0000020100804020100007048080808F0002B
:10F6E0000000003036010000C030C828E810E000FB
:10F6F0000718272423140B000000C038E000000086
:10F70000203C23020227382008F8888888700000EF
:10F71000203F202020110E00C030080808083800C3
:10F72000071820202010080008F808080810E0003A
:10F73000203F202020100F0008F88888E8081000DB
:10F74000203F20202320180008F88888E8081000AF
:10F75000203F200003000000C030080808380000E7
:10F7600007182020221E020008F808000008F808E8
:10F77000203F210101213F20000808F8080800006F
:10F780000020203F2020000000000808F8080800A2
:10F79000C08080807F00000008F888C0281808001A
:10F7A000203F20012638200008F808000000000053
:10F7B000203F20202020300008F8F800F8F808004A
:10F7C000203F003F003F200008F830C00008F80844
:10F7D000203F200007183F00E01008080810E00054
:10F7E0000F10202020100F0008F808080808F0006B
:10F7F000203F210101010000E01008080810E0008E
:10F800000F18242438504F0008F888888888700022
:10F81000203F2000030C30200070880808083800C2
:10F820000038202121221C00180808F808081800B8
:10F830000000203F2000000008F808000008F80839
:10F84000001F202020201F000878880000C83808EA
:10F85000000007380E010000F80800F80008F80062
:10F86000033C0700073C03000818688080681808FC
:10F8700020302C03032C30200838C800C83808007A
:10F880000000203F2000000010080808C8380800C9
:10F890002038262120201800000000FE020202006D
:10F8A0000000007F40404000000C30C0000000001D
:10F8B000000000010638C00000020202FE00000045
:10F8C000004040407F0000000000040202020400EB
:10F8D0000000000000000000000000000000000028
:10F8E0008080808080808080000202040000000010
:10F8F0000000000000000000000080808080000008
:10F900000019242222223F2008F8008080000000F5
:10F91000003F112020110E000000008080800000B8
:10F92000000E112020201100000000808088F800C7
:10F93000000E112020103F200000808080800000F9
:10F94000001F222222221300008080F0888888185D
:10F950000020203F20200000000080808080800068
:10F96000006B94949493600008F8008080800000FD
:10F97000203F210000203F200080989800000000D8
:10F980000020203F20200000000000809898000008
:10F9900000C08080807F000008F800008080800028
:10F9A000203F24022D302000000808F8000000004D
:10F9B0000020203F20200000808080808080800008
:10F9C000203F20003F20003F80800080808000009A
:10F9D000203F210000203F20000080808080000028
:10F9E000001F202020201F00808000808000000059
:10F9F00080FFA12020110E00000000808080800088
:10FA0000000E112020A0FF80808080008080800078
:10FA100020203F21200001000000808080808000A5
:10FA20000033242424241900008080E0808000001A
:10FA30000000001F20200000808000000080800067
:10FA4000001F202020103F208080800000808080C8
:10FA500000010E3008060100808000800080808058
:10FA60000F300C030C300F0000808000808080007D
:10FA70000020312E0E3120008080800000808080A8
:10FA800080818E7018060100008080808080800058
:10FA90000021302C2221300000000000807C020276
:10FAA00000000000003F404000000000FF00000098
:10FAB00000000000FF0000000002027C8000000047
:10FAC0000040403F00000000000601010202040463
:10FAD0000000000000000000000000000000000026
:10FAE0000000000000000000000000000000000016
:10FAF0000000000000000000000000000000000006
:10FB000000000000008080C0E0E0F0F0F0F87878BD
:10FB10003C3C3C3C1C1C1C1C1C1C1C1C1C181818B1
:10FB2000303030606040C080000000000000000005
:10FB300000000000000000000000000000000000C5
:10FB400000000000000000000000000000000000B5
:10FB500000000000000000000000000000000000A5
:10FB60000000000000000000000000000000000095
:10FB70000000000000000000000000000080C0E065
:10FB8000F8FCFEFE3F1F0F07070301010000000005
:10FB90000000000000000000000000000000000065
:10FBA0000000000000000000193C7E7E3C180000B0
:10FBB0000000000000000000000000000000000045
:10FBC0000000000000000000000000000000000035
:10FBD0000000000000000000000000000000000025
:10FBE0000000000000000000000000000000000015
:10FBF00000000000000000000080E0FCFEFFFF3F6E
:10FC00000F03010000000103071F3F7F7F7F7F7FFD
:10FC10007F7F7F7F7F3F7F7F7EFEFCFCF8F00000D0
:10FC200000000000C0F8FFFFFFFFFFFFFF1F0700FD
:10FC300000000000000000000000000000000000C4
:10FC400000000000000000000000000000000000B4
:10FC500000000000000000000000000000000000A4
:10FC60000000000000000000000000000000000094
:10FC70000000000000000000F0FFFFFFFF1F010078
:10FC8000000000000000000000000080E0F8FEFF1F
:10FC9000FFFFFF7F1F0F7EFCF08001070F1F00009A
:10FCA00080E0F8FFFFFFFFFFFFFF3F0700000000BD
:10FCB0000000F00000000000000000000000000054
:10FCC0000000000000000000000000000000000034
:10FCD0000000000000000000000000000000000024
:10FCE0000000000000000000000000000000000014
:10FCF00000000000000000001FFFFFFFFFC0FFF832
:10FD00008000000000000000E0F8FEFFFFFFFFFFA2
:10FD10001F070100000000031FFFF8C000C0F0FC37
:10FD2000FFFFFFFFFFFFFF1F0700000000000000B4
:10FD3000E0FF3F00000000000000000000000000A5
:10FD400000000000000000000000000000000000B3
:10FD500000000000000000000000000000000000A3
:10FD60000000000000000000000000000000000093
:10FD7000000000000000000000010F3FFFFFFCEF4B
:10FD8000BFFEF8F0C09034F7FFFFFFFFFFFFFF7CDE
:10FD90007C7C7C7C7C7C7C7C7C7C7D7F7F7FFFFF93
:10FDA000FFFFFFFFF3F1F0F0E0E0E0C0E0F0FC7FE8
:10FDB0001F03000000000000000000000000000021
:10FDC0000000000000000000000000000000000033
:10FDD0000000000000000000000000000000000023
:10FDE0000000000000000000000000000000000013
:10FDF000000020301018080C0E0607070703070F35
:10FE00001F3E7DF7EFDFBF7EFCF8F0F0E0C0C08062
:10FE100080800000000000000000008080C0C0C0A2
:10FE2000E0E0E0707078B9BDDFDF6F37170B0303D8
:10FE3000070706040C08181000000000000000006E
:10FE400000000000000000000000000000000000B2
:10FE500000000000000000000000000000000000A2
:10FE60000000000000000000000000000000000092
:10FE70000000000000000000000000000000000082
:10FE80000000000001010307060F0D1B1B17373F81
:10FE90002F2F3F1F1F1E1E1E1E1E1E1E1E1E1E1E3D
:10FEA0000E0E0F0707030301010000000000000011
:10FEB0000000000000000000000000000000000042
:10FEC0000000000000000000000000000000000032
:10FED0000000000000000000000000000000000022
:10FEE00000000000000000000000000808080808EA
:10FEF000080800001818000000486C2412000000D8
:10FF000000000000000000000000002424247F12F4
:10FF100012127F12121200000000081C2A2A0A0C7A
:10FF20001828282A2A1C0808000000222515151563
:10FF30002A585454542200000000000C1212120AD5
:10FF400076252911916E00000006060403000000CA
:10FF50000000000000000000004020101008080809
:10FF600008080810102040000002040808101010B3
:10FF700010101008080402000000000008086B1CA4
:10FF80001C6B0808000000000000000008080808BA
:10FF90007F080808080000000000000000000000C2
:10FFA000000000000606040300000000000000003E
:10FFB000FE00000000000000000000000000000043
:10FFC00000000000060600000000804040202010D5
:10FFD00010080804040202000000001824424242F3
:10FFE0004242424224180000000000080E0808089F
:10FFF00008080808083E00000000003C4242422079
:020000040003F7
:1000000020100804427E00000000003C42422018FC
:1000100020404042221C0000000000203028242400
:1000200022227E20207800000000007E0202021AB8
:1000300026404042221C0000000000382402021A20
:1000400026424242241800000000007E22221010A6
:1000500008080808080800000000003C424242244A
:1000600018244242423C0000000000182442424250
:1000700064584040241C00000000000000001818D4
:100080000000000018180000000000000000000838
:1000900000000000000808040000004020100804D0
:1000A00002040810204000000000000000007F0053
:1000B00000007F0000000000000000020408102083
:1000C00040201008040200000000003C424246406C
:1000D00020101000181800000000001C225A55556E
:1000E00055552D42221C0000000000080818141469
:1000F000243C224242E700000000001F2222221E70
:1001000022424242221F00000000007C42420101C4
:1001100001010142221C00000000001F2242424255
:1001200042424242221F00000000003F4212121EC3
:1001300012120242423F00000000003F4212121E13
:1001400012120202020700000000003C22220101FC
:1001500001712122221C0000000000E742424242BD
:100160007E42424242E700000000003E08080808C4
:1001700008080808083E00000000007C101010105D
:10018000101010101010110F0000007722120A0E2C
:100190000A12122222770000000000070202020267
:1001A00002020202427F0000000000773636363637
:1001B0002A2A2A2A2A6B0000000000E346464A4AFF
:1001C00052525262624700000000001C224141412D
:1001D00041414141221C00000000003F4242424296
:1001E0003E020202020700000000001C22414141C1
:1001F00041414D53321C60000000003F4242423EEC
:100200001212222242C700000000007C4242020477
:1002100018204042423E00000000007F49080808C4
:1002200008080808081C0000000000E7424242429B
:1002300042424242423C0000000000E74242222487
:1002400024141418080800000000006B49494949AB
:100250005555362222220000000000E742242418CF
:100260001818242442E7000000000077222214140A
:1002700008080808081C00000000007E212010105B
:1002800008040442423F00000078080808080808F3
:10029000080808080808780000000202040408089A
:1002A0000810102020204040001E101010101010C8
:1002B0001010101010101E00003844000000000044
:1002C000000000000000000000000000000000002E
:1002D00000000000000000FF000608000000000011
:1002E0000000000000000000000000000000003CD2
:1002F0004278444242FC0000000000030202021A5D
:1003000026424242261A0000000000000000003889
:10031000440202024438000000000060404040787F
:100320004442424264D80000000000000000003C4B
:10033000427E0202423C0000000000F08808087E75
:1003400008080808083E0000000000000000007CCB
:1003500022221C023C42423C000000030202023AFC
:100360004642424242E700000000000C0C00000E32
:1003700008080808083E000000000030300000387F
:10038000202020202020221E0000000302020272F2
:10039000120A1612227700000000000E0808080852
:1003A00008080808083E0000000000000000007F68
:1003B0009292929292B70000000000000000003B71
:1003C0004642424242E70000000000000000003CBC
:1003D00042424242423C0000000000000000001B7C
:1003E00026424242221E0207000000000000007860
:1003F00044424242447840E00000000000000077A0
:100400004C040404041F0000000000000000007CF5
:1004100042023C40423E0000000000000008083E4E
:100420000808080808300000000000000000006311
:100430004242424262DC000000000000000000E78F
:10044000422424140808000000000000000000EB13
:1004500049495555222200000000000000000076A6
:1004600024181818246E000000000000000000E7A7
:100470004224241418080807000000000000007E31
:1004800022100808447E000000C0202020202010F8
:10049000202020202020C00010101010101010105C
:1004A000101010101010101000060808080808108E
:1004B00008080808080806000C32C2000000000006
:1004C000000000000000000080008000800080002C
:1004D000FC1F84108410841084108410FC1F84106E
:1004E0008000800080008000F80F0808F80F0808DE
:1004F000F80F8000FF7F0000F80F08080808F80FC9
:1005000080008410A22040000000FE3F0220F2275D
:1005100002200220FA2F222122212221122912292F
:100520000A2E0220FE3F0220800080008000FC1F77
:10053000841084108410FC1F841084108410FC1F0D
:10054000845080408040007F0000FE1F00080004AF
:10055000000280018000FF7F80008000800080001A
:1005600080008000A00040001008B8080F090809AA
:100570000808BF0808091C092C080A78CA0F0908CE
:100580000808080808080808080408040804C87FC0
:100590003F0408040804A83F18210C110B12080A94
:1005A0000804080A8A1164609626BC501280113033
:1005B0001B066B4312203A001502628108A00668F0
:1005C0002B20922527971701187919001AA00300EC
:1005D00013000113022087168C018DCC13073310F2
:1005E000341D3546364037A4387C654666466E2055
:1005F0009BA49C7CBC0CBDA4BE7C20090903722F6B
:10060000732F74A77512798D7A007EFA700F7C842F
:100610007DBA5BC276907B55714677DD130F8A10E9
:100620008B208E218F409441957E967F97F3130700
:1006300024589748250894B595C080F481E0821B22
:1006400083378439855886FF89158AB88B993998FC
:100650003F9890A091E04020412842264325441F26
:10066000451A46164712480F490D4B0B4C0A4E08C7
:100670004F0650065A56511B5204534A542657757A
:10068000582B5AD65128521E539E54705750580713
:100690005C28B0E0B1C0B2B0B34FB463B4E3B1F022
:1006A000B2A05500564096509A306A812333A0D0AC
:1006B000A131A604A20FA32BA40FA52BA79AA81CB7
:1006C000A911AA16AB16AC3CADF0AE57C6AAD278AB
:1006D000D0B4D100C810C912D309D42AEE4C7EFA86
:1006E00074A7784E60E761C86D701E39981A0000D3
:1006F00000000000920E493CB10AC93C2BC3163DD4
:100700002EFB483D752B7B3D04A9963D80B6AF3D41
:1007100036BDC83D2FBCE13D73B2FA3D87CF093EDF
:100720008340163EB5AB223EA2102F3ECF6E3B3E1D
:10073000C2C5473E0115543E135C603E7F9A6C3E35
:10074000CCCF783EC07D823E938E883E229A8E3EEC
:1007500032A0943E86A09A3EE59AA03E128FA63E15
:10076000D47CAC3EEF63B23E2A44B83E491DBE3E47
:1007700015EFC33E53B9C93ECA7BCF3E4136D53E85
:1007800080E8DA3E4F92E03E7533E63EBBCBEB3E6F
:10079000EA5AF13ECBE0F63E275DFC3EE4E7003F3F
:1007A0003D9C033F824B063F9BF5083F6B9A0B3FF6
:1007B000DA390E3FCDD3103F2A68133FD9F6153FE3
:1007C000C07F183FC6021B3FD17F1D3FCBF61F3FA6
:1007D0009967223F25D2243F5636273F1594293F5B
:1007E0004AEB2B3FDE3B2E3FBB85303FC9C8323F33
:1007F000F304353F233A373F4268393F3B8F3B3F55
:10080000F9AE3D3F67C73F3F70D8413F01E2433FEC
:1008100003E4453F65DE473F12D1493FF8BB4B3FFC
:10082000029F4D3F207A4F3F3D4D513F4918533F66
:1008300031DB543FE595563F5348583F6AF2593FE4
:100840001A945B3F532D5D3F05BE5E3F2146603FDE
:1008500097C5613F5A3C633F59AA643F880F663F82
:10086000D86B673F3CBF683FA7096A3F0C4B6B3FA3
:100870005E836C3F93B26D3F9ED86E3F73F56F3FC2
:100880000809713F5213723F4714733FDD0B743FE9
:100890000BFA743FC6DE753F07BA763FC58B773FCC
:1008A000F853783F9812793F9DC7793F02737A3F9A
:1008B000BE147B3FCDAC7B3F283B7C3FC9BF7C3F18
:1008C000AC3A7D3FCCAB7D3F23137E3FB0707E3F83
:1008D0006DC47E3F580E7F3F6D4E7F3FAB847F3FA0
:1008E0000FB17F3F97D37F3F43EC7F3F11FB7F3FAB
:1008F0000000803F11FB7F3F43EC7F3F97D37F3F5A
:100900000FB17F3FAB847F3F6D4E7F3F580E7F3FDF
:100910006DC47E3FB0707E3F23137E3FCCAB7D3FE6
:10092000AC3A7D3FC9BF7C3F283B7C3FCDAC7B3F91
:10093000BE147B3F02737A3F9DC7793F9812793F7F
:10094000F853783FC58B773F07BA763FC6DE753FD1
:100950000BFA743FDD0B743F4714733F5213723F21
:100960000809713F73F56F3F9ED86E3F93B26D3F9C
:100970005E836C3F0C4B6B3FA7096A3F3CBF683FEF
:10098000D86B673F880F663F59AA643F5A3C633F64
:1009900097C5613F2146603F05BE5E3F532D5D3FD9
:1009A0001A945B3F6AF2593F5348583FE595563FCA
:1009B00031DB543F4918533F3D4D513F207A4F3F63
:1009C000029F4D3FF8BB4B3F12D1493F65DE473F89
:1009D00003E4453F01E2433F70D8413F67C73F3FD3
:1009E000F9AE3D3F3B8F3B3F4268393F233A373FAB
:1009F000F304353FC9C8323FBB85303FDE3B2E3F55
:100A00004AEB2B3F1594293F5636273F25D2243FEA
:100A10009967223FCBF61F3FD17F1D3FC6021B3F88
:100A2000C07F183FD9F6153F2A68133FCDD3103F3A
:100A3000DA390E3F6B9A0B3F9BF5083F824B063F1E
:100A40003D9C033FE4E7003F275DFC3ECBE0F63EE4
:100A5000EA5AF13EBBCBEB3E7533E63E4F92E03EA9
:100A600080E8DA3E4136D53ECA7BCF3E53B9C93E17
:100A700015EFC33E491DBE3E2A44B83EEF63B23E69
:100A8000D47CAC3E128FA63EE59AA03E86A09A3E4C
:100A900032A0943E229A8E3E938E883EC07D823E46
:100AA000CCCF783E7F9A6C3E135C603E0115543E7D
:100AB000C2C5473ECF6E3B3EA2102F3EB5AB223E95
:100AC0008340163E87CF093E73B2FA3D2FBCE13D0D
:100AD00036BDC83D80B6AF3D04A9963D752B7B3D24
:100AE0002EFB483D2BC3163DB10AC93C920E493C32
:100AF00000000000920E49BCB10AC9BC2BC316BD50
:100B00002EFB48BD752B7BBD04A996BD80B6AFBD3D
:100B100036BDC8BD2FBCE1BD73B2FABD87CF09BEDB
:100B2000834016BEB5AB22BEA2102FBECF6E3BBE19
:100B3000C2C547BE011554BE135C60BE7F9A6CBE31
:100B4000CCCF78BEC07D82BE938E88BE229A8EBEE8
:100B500032A094BE86A09ABEE59AA0BE128FA6BE11
:100B6000D47CACBEEF63B2BE2A44B8BE491DBEBE43
:100B700015EFC3BE53B9C9BECA7BCFBE4136D5BE81
:100B800080E8DABE4F92E0BE7533E6BEBBCBEBBE6B
:100B9000EA5AF1BECBE0F6BE275DFCBEE4E700BF3B
:100BA0003D9C03BF824B06BF9BF508BF6B9A0BBFF2
:100BB000DA390EBFCDD310BF2A6813BFD9F615BFDF
:100BC000C07F18BFC6021BBFD17F1DBFCBF61FBFA2
:100BD000996722BF25D224BF563627BF159429BF57
:100BE0004AEB2BBFDE3B2EBFBB8530BFC9C832BF2F
:100BF000F30435BF233A37BF426839BF3B8F3BBF51
:100C0000F9AE3DBF67C73FBF70D841BF01E243BFE8
:100C100003E445BF65DE47BF12D149BFF8BB4BBFF8
:100C2000029F4DBF207A4FBF3D4D51BF491853BF62
:100C300031DB54BFE59556BF534858BF6AF259BFE0
:100C40001A945BBF532D5DBF05BE5EBF214660BFDA
:100C500097C561BF5A3C63BF59AA64BF880F66BF7E
:100C6000D86B67BF3CBF68BFA7096ABF0C4B6BBF9F
:100C70005E836CBF93B26DBF9ED86EBF73F56FBFBE
:100C8000080971BF521372BF471473BFDD0B74BFE5
:100C90000BFA74BFC6DE75BF07BA76BFC58B77BFC8
:100CA000F85378BF981279BF9DC779BF02737ABF96
:100CB000BE147BBFCDAC7BBF283B7CBFC9BF7CBF14
:100CC000AC3A7DBFCCAB7DBF23137EBFB0707EBF7F
:100CD0006DC47EBF580E7FBF6D4E7FBFAB847FBF9C
:100CE0000FB17FBF97D37FBF43EC7FBF11FB7FBFA7
:100CF000000080BF11FB7FBF43EC7FBF97D37FBF56
:100D00000FB17FBFAB847FBF6D4E7FBF580E7FBFDB
:100D10006DC47EBFB0707EBF23137EBFCCAB7DBFE2
:100D2000AC3A7DBFC9BF7CBF283B7CBFCDAC7BBF8D
:100D3000BE147BBF02737ABF9DC779BF981279BF7B
:100D4000F85378BFC58B77BF07BA76BFC6DE75BFCD
:100D50000BFA74BFDD0B74BF471473BF521372BF1D
:100D6000080971BF73F56FBF9ED86EBF93B26DBF98
:100D70005E836CBF0C4B6BBFA7096ABF3CBF68BFEB
:100D8000D86B67BF880F66BF59AA64BF5A3C63BF60
:100D900097C561BF214660BF05BE5EBF532D5DBFD5
:100DA0001A945BBF6AF259BF534858BFE59556BFC6
:100DB00031DB54BF491853BF3D4D51BF207A4FBF5F
:100DC000029F4DBFF8BB4BBF12D149BF65DE47BF85
:100DD00003E445BF01E243BF70D841BF67C73FBFCF
:100DE000F9AE3DBF3B8F3BBF426839BF233A37BFA7
:100DF000F30435BFC9C832BFBB8530BFDE3B2EBF51
:100E00004AEB2BBF159429BF563627BF25D224BFE6
:100E1000996722BFCBF61FBFD17F1DBFC6021BBF84
:100E2000C07F18BFD9F615BF2A6813BFCDD310BF36
:100E3000DA390EBF6B9A0BBF9BF508BF824B06BF1A
:100E40003D9C03BFE4E700BF275DFCBECBE0F6BEE0
:100E5000EA5AF1BEBBCBEBBE7533E6BE4F92E0BEA5
:100E600080E8DABE4136D5BECA7BCFBE53B9C9BE13
:100E700015EFC3BE491DBEBE2A44B8BEEF63B2BE65
:100E8000D47CACBE128FA6BEE59AA0BE86A09ABE48
:100E900032A094BE229A8EBE938E88BEC07D82BE42
:100EA000CCCF78BE7F9A6CBE135C60BE011554BE79
:100EB000C2C547BECF6E3BBEA2102FBEB5AB22BE91
:100EC000834016BE87CF09BE73B2FABD2FBCE1BD09
:100ED00036BDC8BD80B6AFBD04A996BD752B7BBD20
:100EE0002EFB48BD2BC316BDB10AC9BC920E49BC2E
:100EF00000000080000000000000803F7D25753F5D
:100F0000C6C06A3FDECC603FFC44573F8C244E3F56
:100F10002A67453FA3083D3FF304353F3E582D3F28
:100F2000D6FE253F32F51E3FF037183FD3C3113FA1
:100F3000C1950B3FC3AA053F0000003F0000000021
:100F40003624A931942A6C3324FCA8310C581F3361
:100F5000A1426A334223C1322356E7329098CF32FE
:100F600000000000920A063FDB0FC93F920A863F4D
:100F700096918C87827D78736E69645F5A55504B69
:100F800046413C37322D28231E19140F0A05000450
:100F9000090E13181D22272C31363B40454A4F5469
:100FA000595E63686D72777C81868B90959A9FA459
:100FB000A9AEB3AFAAA5A09B968F89837E78736EE6
:100FC00069645F5A55504B47423E3935302C2723D0
:100FD0001F1B16120E09050103070B1014191D2201
:100FE000262B2F34393D42474C51565B60656B7060
:100FF000757B80868C92979DA3A9AFB2ACA6A09A70
:10100000948F827C76706B65605C57524E4A464185
:101010003D3936322E2A26221F1B1713100C0804C6
:101020000102060A0E12161A1E22262B2F33383DF5
:1010300041464B4F54595E64696F747A80878D9432
:101040009BA2AAB1AEA69F979089826F68635E59F2
:1010500055514D4946423F3C3835322E2B282421EC
:101060001E1A1714100D0A0603000306090D1014AA
:10107000181C2024282C3034393D41464A4F5458FE
:101080005D62676D737980878F98A2ACB0A59A90E6
:10109000867D766F55514D4A4744413F3C3A38353D
:1010A00033312E2B292623201D1A1713100D0A0762
:1010B0000401010306090D1013171A1E22262A2EF9
:1010C00032363A3E42464A4E53575B5F64696E750C
:1010D0007C85909FB2A08D7D7067605A553E3C3AEA
:1010E000393736343332302F2E2C2A292724221F29
:1010F0001C191613100D0A070402000305080A0D37
:101100001013161A1D2125292D3135383C40434630
:101110004A4D505356595B5E6165696F826D544DFF
:101120004A474442403E2E2E2D2C2C2B2A2A292978
:10113000282726252423211F1C1A1714100D0A07FF
:10114000040101030507090C0E1013161A1D2124B2
:10115000282C3033373A3D40424447484A4A4B4AAC
:1011600048443D3019021621282B2D2E2F2E2E06F5
:10117000090C0F121517191B1C1B1811040E223114
:10118000383C3C3C3A3835322F2B2824201C19158A
:10119000110D09050102060A0E1115181C1F222542
:1011A00027292A2B2B2926211911080004080A0AAD
:1011B0000A0807040200030616181A1C1E20211F25
:1011C0001712516063625F5D5956524E4A46423E65
:1011D0003935312C2824201B17130E0A060102066C
:1011E0000A0F13171B1F23262A2D313437393C3D94
:1011F0003F3F3E3D39352F28211C1715131313147B
:1012000016A8ADB2B0ABA6A19C97928D88837E79CB
:10121000746F6A65605B56514C47423D38332E29E6
:10122000241F1A15100B060103080D12171C212686
:101230002B30353A3F44494E53585D62676C7176A6
:101240007B80858A8F94999EA3A800000001FFFFF0
:10125000E000000000000001FFFFF00000000000BF
:101260000001FFFFF800000000000001FFFFFE008A
:10127000000000000003FFFFFF000000000000036B
:10128000FFFFFFF000000000000FFFFFFFFE000067
:101290000003FFFFFC000007FC00007FFFFFFC00D5
:1012A0000000000000001FFFFE0000000000241EE0
:1012B000191512100E0C0B0A09090908080807066F
:1012C00006050404040304040400000000000000F8
:1012D00000000027262123252325242722292A2A26
:1012E0001C27282B33322725222C3331303700009E
:1012F00000000000000000008011401140713273B6
:1013000034333213121132111293341314535231F5
:101310000021030406080B2D0A090705040241C039
:1013200011C051125354731211125152731473326B
:1013300031002102040506070809080607062403F0
:10134000020102000120012011C0011100313213FD
:101350007413143312F112D3125100010223250623
:101360000746442342210001E0A0313213B4331177
:1013700012110011201100523312133211200122D8
:101380002485042304020342410001E0A051121409
:1013900013151315341332514001201152133231F9
:1013A00000012223040504050423010382612001B6
:1013B000E0118011321354151433323140210201EF
:1013C0000031723141022344230201220122010231
:1013D000614001A0118051121413341514331231DD
:1013E0004001020103020120521112202122430474
:1013F0002241022102A10001E02011405153741347
:1014000032114021020302030201001112113200C5
:10141000114122232221004102A1800160116011AB
:10142000001132337413121140016203020321319F
:10143000121112114001020102030201000100E138
:1014400021E0A011201211733433312001620362B4
:1014500040121112110011010001020122000120AD
:101460000100E1C0010011801100121113121413C8
:1014700034522001E202212031121100110001003A
:10148000210201000140210002410001E060114001
:1014900011121113121413141332110021220342DA
:1014A0000102210001001100121100112001004170
:1014B000600100C100014011200160114051121370
:1014C00012131433123100014203220102210001E0
:1014D000401100310011000100010001A0E10001F4
:1014E000A00180112031529312110021C22100214C
:1014F00040310011201100010001E0E16001E01124
:1015000000117273123100214203010201022021F5
:101510004011001120116001401160010001022101
:1015200002000120014001A0513213125332112058
:1015300001020182210021000100110031E00011AF
:1015400000116021000102010201010021200100BF
:101550000160110011521312141352110041820143
:101560000200010021401100110011A01100310002
:1015700011208122010100020100210001601100FF
:1015800052131213141332310100020122014201DD
:1015900000210001000111201100112011407100F3
:1015A000114001022102010201002102210001007B
:1015B00001001100121112331234133211200102F2
:1015C00001420122010041000160112011001100BF
:1015D0001100511231206102012202000201028138
:1015E00020110012117334133211004102018201E3
:1015F000006100018011001100913231402142014F
:1016000002020062614011521413543331004182CE
:10161000012200010200410001609112115251208B
:1016200001220103010202008261005133541514AA
:101630003331002102012203424102A18031921381
:101640003231004122030201030022032201020180
:10165000401112339533310100220103420322214C
:1016600022010261000111001152131253123100C4
:10167000412203220300230203020102212032132C
:101680001416151716153311200162030203020305
:101690002201A241401112531413141332110100FC
:1016A000020102030203020200022302032221209C
:1016B0003214163718171513121100212203024392
:1016C0000243010302038221201112131415341561
:1016D000143211000162230203004302034201207D
:1016E00012131518193A171513110021020302637A
:1016F00004E302030203020102401213141517153A
:1017000016341220212243020300A32201001112E9
:1017100015181C1E1D1916131100020103020304E3
:10172000230403240304430423040302034220117B
:101730001214151718361513312102030223020360
:101740000000803F0000803F00000000000000001B
:101750000000000000000000000000000000F04158
:1017600000000000000000000000C8420000A0408F
:101770000000000000000000000000000000000069
:101780000000FA430000803F0000803F0000803FDF
:101790000000803F0000803F0000000000000000CB
:1017A0000000000000000000000000000000FA43FC
:1017B0000000000000000000000096430000403FD1
:1017C0000000204000000040000000000000000079
:1017D00000007A440000803F0000803F0000803F0E
:1017E0000000803F0000803F00000000000000007B
:1017F0000000000000000000000000000000F041B8
:1018000000000000000000000000C8420000A040EE
:1018100000000000000000000000000000000000C8
:101820000000FA430000803F0000803F0000803F3E
:101830000000803F0000803F00000000000000002A
:101840000000000000000000000000000000FA435B
:101850000000000000000000000096430000403F30
:1018600000002040000000400000000000000000D8
:1018700000007A440000803F0000803F0000803F6D
:101880000000803F0000803F0000000000000000DA
:1018900000000000000000000000000000003442D2
:1018A0000000000000000000000016430000A040FF
:1018B0000000000000000000000000000000000028
:1018C0000000FA430000803F0000803F0000803F9E
:1018D0000000803F0000803F00000000000000008A
:1018E000000000000000000000000000000096431F
:1018F0000000000000000000000048439A99993F52
:101900000000803F0000003F0000000000000000D9
:10191000000048440000803F0000803F0000803FFE
:101920000000803F0000803F000000000000000039
:10193000000000000000000000000000000048431C
:1019400000000000000000000000C8420000803FCE
:101950000000000000000000000000000000000087
:101960000000FA430000803F0000803F0000803FFD
:101970000000803F0000803F0000000000000000E9
:1019800000000000000000000000000000001644FD
:1019900000000000000000000000FA430000A0402A
:1019A0000000000000000000000000000000000037
:1019B00000007A440000803F0000803F0000803F2C
:1019C0000000803F0000803F000000000000000099
:1019D0000000000000000000000000000000344390
:1019E000000000000000000000000041CDCC4C3E93
:1019F00000000000000000000000000000000000E7
:101A0000000096430000803F0000803F0000803FC0
:101A10000000803F0000803F000000000000000048
:101A20000000000000000000000000000000FA4379
:101A300000000000000000000000E1436666E63F91
:101A40006666E63E000000000000000000000000A6
:101A5000000048440000803F0000803F0000803FBD
:101A60000000803F0000803F0000000000000000F8
:101A700000000000000000000000000000003443EF
:101A8000000000000000000000000041CDCC4C3EF2
:101A90000000000000000000000000000000000046
:101AA000000096430000803F0000803F0000803F20
:101AB0000000803F0000803F0000000000000000A8
:101AC0000000000000000000000000000000FA43D9
:101AD00000000000000000000000E1436666E63FF1
:101AE0006666E63E00000000000000000000000006
:101AF000000048440000803F0000803F0000803F1D
:101B00000000803F0000803F000000000000000057
:101B10000000000000000000000000000080BB4446
:101B2000000000000000000000803B44CDCCCC3D14
:101B30000000004000000000000000000000000065
:101B400000007A440000803F0000803F0000803F9A
:101B50000000803F0000803F000000000000000007
:101B60000000000000000000000000000000C8426B
:101B70000000000000000000000040400AD7A33E23
:101B80000000000000000000000000000000000055
:101B9000000016430000803F0000803F0000803FAF
:101BA0000000803F0000803F0000000000000000B7
:101BB0000000000000000000000000000000C8421B
:101BC0000000000000000000000070416666E63E74
:101BD0000000000000000000000000000000000005
:101BE0000000C8410000803F0000803F0000803FAF
:101BF0000000803F0000803F000000000000000067
:101C00000000000000000000000000000000C842CA
:101C1000000070410000000000007041CDCCCC3EBF
:101C200000000000000000000000000000000000B4
:101C30000000F0410000803F0000803F0000803F36
:101C40000000803F0000803F000000000000000016
:101C50000000000000000000000000000000C8427A
:101C60000000F04100000000000048430000404038
:101C70008FC2F53C000000000000000000000000E2
:101C80000000E1430000803F0000803F0000803FF3
:101C90000000803F0000803F0000000000000000C6
:101CA00000000000000000000000000000004842AA
:101CB0000000F041000000000000C8420000003FAA
:101CC00000000000000020400000000000000000B4
:101CD000000096430000803F0000803F0000803FEE
:101CE0000000803F0000803F0000803F00000000B7
:101CF000000000000000000000000000000048425A
:101D00000000F041000000000000A042000000417F
:101D10000000403F0000FA42000000000000000008
:101D20000000C8420000803F0000803F0000803F6C
:101D30000000000000000000000000000000FEFFA6
:101D4000FEFFFEFF00000000000000000000000099
:101D50000000000000000200000000000000000081
:101D60000000000000000000000000000000000073
:101D70000000000000000000000000000000000063
:101D800000000200040004000400FCFFFEFFFEFF50
:101D9000FEFFFEFF00000000000000000000000049
:101DA0000000000000000200000000000000000031
:101DB0000000000000000000000000000000000023
:101DC0000000000000000000000000000000000013
:101DD0000000000000000000000000000000000003
:101DE00000000000000000000000000000000000F3
:101DF00000000000000000000000000000000000E3
:101E000000000000000000000000000000000000D2
:101E100000000000000000000000000000000000C2
:101E200000000100010002000200030003000400A2
:101E30000500060007000700060005000400040076
:101E40000500060007000700060005000400040066
:101E5000050006000700070006000500040000005A
:101E60000000040005000500040004000500050052
:101E70000500050005000400040004000400030040
:101E80000300030003000200020002000200010040
:101E9000010001000100000000000000000000003F
:101EA0000000010007000700010004000400050015
:101EB0000500060006000700070000000000000003
:101EC0000000000000000000000000000000000012
:101ED0000000000000000000000000000000000002
:101EE00000000400040005000500030000000000DD
:101EF00003000300000000000300000000000000D9
:101F000000000000000000000000000000000000D1
:101F100000000000000000000000000000000000C1
:101F2000020008000B000E000E000B00050005006B
:101F30000200080008000E000B0005000800FFFF6B
:101F40000B000200020008000500FFFF0B00050067
:101F50000000000000000000000000000000000081
:101F60000000000000000000000000000000000071
:101F70000000000000000000000000000000000061
:101F80000100010002000200010001000200020045
:101F9000010001000200020003000300030003002F
:101FA0000100010001000100020002000200020025
:101FB0004FBB610567ACDD3F182D4454FB21E93F61
:101FC0009BF681D20B73EF3F182D4454FB21F93F50
:101FD000E2652F227F2B7A3C075C143326A6813CD6
:101FE000BDCBF07A8807703C075C143326A6913C81
:101FF000C4EB98999999C9BF711623FEC671BCBFED
:102000006D9A74AFF2B0B3BF9AFDDE522DDEADBF54
:102010002F6C6A2C44B4A2BF0D5555555555D53F6C
:10202000FF8300922449C23F6E204CC5CD45B73F87
:10203000513DD0A0660DB13FEB0D76244B7BA93FFF
:1020400011DA22E33AAD903F4C5555555555A53F11
:102050007751C1166CC156BF9015CB19A001FA3E3D
:10206000AD529C804F7E92BEC4B1B4BD9EEE213E67
:10207000D43888BEE9FAA8BD00004054FB21F93FDE
:102080003163621A61B4D03D0000601A61B4D03D82
:102090007370032E8A19A33B0000002E8A19A33BFC
:1020A000C14920259A837B39000000000000000010
:1020B0006E83F9A22915444ED15727FCC0DD34F5B3
:1020C000999562DB4190433CAB6351FE61C5BBDE39
:1020D0003A6E24B7E0D24D42EA2E49061C92D1094D
:1020E0001CEB1DFE3EA729B1F53582E88444BB2ECA
:1020F00026709CE9417E5FB439D69139F439538317
:102100008B5F849C3B28F9BDFF97F81F0F9805DE75
:102110008B112FEF1F6D0A5ACF7E366DB709CB2773
:10212000663F464F2DEA5F9EC7BA27757BF1E5EB08
:10213000F739073DEA92528AB15FFB6B085D8D1F4C
:10214000000000006E83F9A22915444ED15727FCE8
:10215000C0DD34F5999562DB4190433CAB6351FEA1
:10216000A6F810111111813FD561C119A0012ABF34
:102170007DFEB157E31DC73EEB9C2B8AE6E55ABEB8
:102180007CD5CF5A3AD9E53D303132333435363704
:10219000383961626364656600000000BC21030099
:1021A000000000206C160000C40200001825030087
:1021B0006C160020346B000020030000320327E27D
:1021C000FFFFFF58023232320829082910012E8BF6
:1021D000803F04092218017899900A1606206102AE
:1021E000FF03016612022A01010119037C68680BD2
:1021F00012E8031406FFD007DC05640166FC80804A
:1022000080120B3EC0C055080812C0E0F0F8FCF880
:10221000E06E19704973490C6CFFFFFF0D29061918
:10222000044BFFFF23992B39071C8C8E8409CCF8B3
:10223000F8F8B19AF00115E0E0C0801CE0FCFE5512
:102240001A7F04495BA11DFEFFC701012A83186B99
:102250007CFE0C12FF2D38FEC7830C2AC7191E0105
:10226000FFFF0101971A0712212B7FFF6E194F29DB
:1022700005491E1AFF17B14D030F3F7F6D380FFF41
:10228000FFE7C7C78F8F9FBFFFFFC3C0F0115AFC86
:10229000011BF8F89D12C02B010301190641390DED
:1022A0002C0101034F690C29198905792659242924
:1022B00006490CE13E80C0E0F0F970180C3F1F0F9A
:1022C00087C7F7FFFF1F1F3D745DF8F87C7D9A16E6
:1022D000FF7F3F0F07031630300416FEFEFC19B4D3
:1022E000A109153E6BC0FE641CFF7F7F8138080783
:1022F0001F7FFFFFF8F8112CFEF8E0BA8968312043
:102300000AFCFEFC0C06060EFCF81809F0F81C0E80
:102310000606060C2A591D291E112008183C7E6647
:10232000E6CE844E06FFFF0606304A06210013144F
:10233000C0F8FC4E4646464E7C7840183C76E6CEC9
:10234000CC801F01070F1F1F3F01C41F0F033B0F4E
:102350000F052906390C380903070E0C18180C064E
:10236000131B010F0D150C0F07014A0409592559BC
:1023700030593E1F07070C0C181C919926017E103E
:102380000880C0E0F0F8FCFE1B0103F603193F7F54
:102390002A012C02223F15FFFCA1A2021A03035FAF
:1023A000C84129A9711A206C4B484204014342409C
:1023B000121223E8806B0E0A0E1C400D030E439A86
:1023C000193A3C1C4B120E1C12203B204E2A0119BC
:1023D000000948F4012003DC05C4090527FFFCA11E
:1023E000A224803B46033AB44312FD1B0102041AA7
:1023F00003041A04041A21040A1E88800B1D803F5E
:102400009519206904011A38080AD7233CCDCCCC91
:1024100004024F0A12062A05621120090BD7A33ABB
:10242000CDCC4C3D230C424BA0400C2B40400C89A2
:10243000843E8C3FE17A54040C1D713DAADCA188D6
:1024400009D4852A44A0664112D01BA33BCC1A3D77
:1024500008800A3C6666E63E6F12833978103BDFDF
:102460004F8D976E923F7B14AE47E17A7408610BF3
:102470001EE03F2079641902F19302020A2780BC12
:1024800001198B01010B0111093C60C5CDCCCC3D7C
:1024900012C82790015802E8030A10F46B0165097D
:1024A0004B77294DE904896609276B1A01016906F2
:1024B000019C0B1F7A44CA3105209A99993E320536
:1024C000A009CDCC4C3DCDCCCC3D23803F2340401A
:1024D0001AA00401780D5AB80B9411023410270188
:1024E0003A286A0D361027B80B0203101027295816
:1024F000011930090102030405060719321A000800
:102500001D090A0A090C0C0C02FF0B01FF01FF0157
:08251000FF01FF01B000000013
:04000005000002896C
:00000001FF
