:020000040800F2
:1000000048E70120A1860008C5030008C7030008CF
:10001000CB030008CF030008D30300080000000052
:10002000000000000000000000000000D7030008EE
:10003000D903000800000000EB500108559F00089C
:10004000BB860008BB860008BB860008BB8600088C
:10005000BB860008BB860008BB860008BB8600087C
:10006000BB860008BB860008BB860008BB8600086C
:10007000BB860008BB860008BB860008BB8600085C
:10008000BB860008BB860008BB860008BB8600084C
:10009000BB860008BB860008BB860008BB8600083C
:1000A000BB860008BB860008BB860008BB8600082C
:1000B000BB860008BB860008BB860008BB8600081C
:1000C000BB860008BB860008BB860008BB8600080C
:1000D000BB86000841A10008BB860008BB8600085B
:1000E000BB860008BB860008BB860008BB860008EC
:1000F000BB860008BB860008BB860008BB860008DC
:10010000BB860008BB860008BB860008BB860008CB
:10011000BB860008BB860008BB860008BB860008BB
:10012000BB860008BB860008BB860008BB860008AB
:10013000BB860008BB860008BB860008BB8600089B
:10014000BB860008BB860008BB860008BB8600088B
:10015000BB860008BB860008BB860008BB8600087B
:10016000BB860008BB860008BB860008BB8600086B
:10017000BB860008BB860008BB860008BB8600085B
:10018000BB860008BB86000800F002F800F076F895
:100190000AA090E8000C82448344AAF10107DA45E2
:1001A00001D100F06BF8AFF2090EBAE80F0013F0BE
:1001B000010F18BFFB1A43F0010318471C1E020071
:1001C0003C1E02000A444FF0000C10F8013B13F0F3
:1001D000070408BF10F8014B1D1108BF10F8015BA0
:1001E000641E05D010F8016B641E01F8016BF9D193
:1001F00013F0080F1EBF10F8014BAD1C0C1B09D1EA
:100200006D1E58BF01F801CBFAD505E014F8016B5B
:1002100001F8016B6D1EF9D59142D6D370470000ED
:100220000023002400250026103A28BF78C1FBD8FF
:10023000520728BF30C148BF0B607047642914F0D3
:100240003183752914F02E83782914F0678363298C
:1002500014F0FC85732914F00186002070471FB547
:100260001DF029FB14F00AFF0400002000211CF0FF
:100270002BFE401C60601FBD10B510BD14F0D9FEF0
:100280001146FFF7ECFF00F009F814F009FF03B482
:10029000FFF7F2FF03BC09F0EFFE00008AB0002474
:1002A000A82009F063FE4FF4A06008F019FA4FF49B
:1002B000E13009F0EFFE01F018FF07F070FC01F0EB
:1002C00021F808F0E5F808F077F908F001F905F0F1
:1002D0008DFE002009F095FF022009F092FF09A889
:1002E0000CF0CAFC00BF00BF00BF0BF02BF80446A7
:1002F00000BF00BF2B480078401C2A49087000BF8F
:1003000000BF20460BF022F800BF00BF00BF09A8C5
:10031000032100220592CDE90621089010464FF4F2
:1003200080616622204BCDE90132CDE90310032024
:1003300000231E4A1EA10090204811F00FFA00BFB2
:1003400000BF00BF0AF0FEFF044600BF00BF154813
:100350000078401E1349087008460078A0B9184874
:100360000088002809DD00BF00BF20460AF0EEFF2C
:1003700000BF00BF0DF092FA0DE000BF00BF2046A5
:100380000AF0E4FF00BF06E000BF00BF20460AF00D
:10039000DDFF00BF00BF00BF09A80CF036FF00BFA3
:1003A000FEE700004001002028040020770C000830
:1003B0007374617274207461736B000064030020B5
:1003C00004010020704700BFFEE700BFFEE700BF4A
:1003D000FEE700BFFEE77047704700000CB5002045
:1003E000019000907648006840F4803074490860BD
:1003F00000BF7348006800F4003000900198401C72
:100400000190009818B90198B0F5A04FF1D16C484F
:10041000006800F4003010B10120009001E00020DD
:1004200000900098012846D165484030006840F0AF
:1004300080506349403108606248006840F44040A1
:10044000604908605E48083000685D49083108600E
:100450000846006840F4004008600846006840F420
:10046000A05008605848091F0860081F006840F045
:100470008070091F086000BF5148006800F00070DC
:100480000028F9D040F20570504908604C48083007
:10049000006820F003004A490831086008460068F7
:1004A00040F00200086000BF45480830006800F0D6
:1004B0000C000828F8D10CBD10B54548006840F480
:1004C0007000434908603E48006840F001003C4924
:1004D000086000203A4908310860394800683D4901
:1004E0000840374908603C48091D0860081F00683B
:1004F00020F48020091F0860002031490C31086079
:10050000FFF76CFF4FF0006031498039086010BD83
:1005100070B500200022022300240221284D083556
:100520002D6805F00C0020B1042806D0082834D12D
:1005300007E02A4D2A4E356033E02A4D284E3560BB
:100540002FE01F4D2D1D2D68C5F380541C4D2D1D12
:100550002D6805F03F0154B1224DB5FBF1F5184E61
:10056000361D3668C6F3881605FB06F209E01B4DFA
:10057000B5FBF1F5124E361D3668C6F3881605FB3D
:1005800006F20F4D2D1D2D68C5F301456D1C6B0046
:10059000B2FBF3F5124E356003E0104D104E35609E
:1005A00000BF00BF064D08352D68C5F303150E4E7C
:1005B000705D0B4D2D68C540094E356070BD000063
:1005C000003802400070004008544007003C0240E0
:1005D00088ED00E0FFFFF6FE103000240024F40058
:1005E0000000002000127A00040000202DED028B94
:1005F00086B04FF04508002004902CE105A80821A2
:1006000064230022CDE900101146104613F041F892
:10061000A8F14100062876D2DFE800F003173C7607
:1006200088F4BCEEC80A10EE100A82B22946E7A090
:1006300014F0DCF8002000F074FC81464946E8A084
:1006400014F0D4F84FF0450804E1BCEEC80A10EEEF
:10065000100A82B22946E8A014F0C8F8EB480178E5
:10066000EBA014F0C3F8EE480168EEA014F0BEF859
:10067000E6484168F1A014F0B9F8E4488168F5A0B3
:1006800014F0B4F8E148017BF8A014F0AFF84FF093
:100690004508DFE0FBA014F0A9F80020FE4908801F
:1006A000642009F0BCFC09E005A8082132230022DF
:1006B000CDE900101146104612F0EBFFF648008815
:1006C00000F400400028EFD0F34807780020F349F9
:1006D000C855084614F0D5F9CC490870084600788A
:1006E000642805DB08460078002801DC65200870D6
:1006F000C6480178EAA014F079F80020E64908809D
:100700004FF04508A6E0A4E0EBA014F06FF800F06D
:100710003DFC81464946F0A014F068F800F01DFC4D
:10072000F1A014F063F84FF0450893E005A800210C
:1007300003AB0A46CDE90010EF480FF0E5FC064692
:1007400004AA0021304600F0A7FBBDF8100000EE1F
:10075000100AB8EE400ADFEDE90A20EE200AB0EEFA
:10076000408ABCEEC80A10EE100A85B200EE105A9C
:10077000B8EE400A38EE400AB0EE408A9FEDE00A3B
:1007800028EE000AB0EE408AA0480078A84203DCB8
:100790000120A349086002E00020A1490860BE488A
:1007A000008800F4004000282AD04524BA48077881
:1007B0000020BA49C85508460478412C01D1A0460A
:1007C00014E0422C01D1A04610E0432C01D1A046F8
:1007D0000CE0442C01D1A04608E0462C01D1A046F3
:1007E00004E0C8A014F002F84524A0460A2009F04D
:1007F00016FCC821A94814F012FA0020A649088066
:1008000028E0FFE7C8A013F0F1FFCFA013F0EEFF40
:100810000020A1490880642009F001FC09E005A836
:10082000082132230022CDE900101146104612F0B3
:1008300030FF9948008800F400400028EFD0974826
:100840000078724908730020934908804FF04508EA
:1008500000E000BF00BFD1E61FB5002003900025D7
:10086000002432206949087063E0BD48006808B977
:10087000012000E00020BA4908601421052007F09B
:100880007BFE0390B74A002103A800F010FB02A8EA
:1008900010230222B349009097480FF076FE02A879
:1008A000082164230022CDE900101146104612F001
:1008B000F0FE601C84B22046E11704EB91718910B0
:1008C000A4EB81018CB2032C0DD1BDF80C0000F01B
:1008D0000CFB681C85B22846E91705EBD15149127B
:1008E000A5EB41218DB202AA00219F4810F03FFAEA
:1008F0004B480068E8B19A48001F006808B9012019
:1009000000E000209649091F086002A80821322350
:100910000022CDE900101146104612F0BAFE9348AD
:10092000D0F8A00208B9012000E000208C49091F7E
:1009300008609AE70EB500244E203449087332202F
:1009400008707CE1314800780A2190FBF1F02F49D2
:100950004860084600780A2190FBF1F201FB120082
:100960002A49886002A8082132230022CDE900101C
:100970001146104612F08DFE012007F03BFE0446A2
:10098000052C20D2DFE804F0030408F4210055E12F
:1009900052201E49087351E11C48007B522813D194
:1009A0001A488068401E1949886008468068401CC3
:1009B00028B908464068401E4860092088601348EE
:1009C00040680028D5E038E1D9E0FBE041206E6FB7
:1009D000775F6164633A2025642E2564560D0A0012
:1009E00041206E6F775F6164635F7265636F7264ED
:1009F0003A2025640D0A000042206E6F775F616423
:100A0000633A2025642E2564560D0A00903F00208D
:100A10006C696D69742074656D3A25640D0A000077
:100A2000140000207761726E696E672073746174C0
:100A300065203A2025640D0A000000006D796C697C
:100A40006D69742E646563616465202564200D0AF8
:100A5000000000006D796C696D69742E74686575AD
:100A6000696E74202564200D0A0000006D796C69A0
:100A70006D69742E705F76616C7565202563200D3D
:100A80000A0000004320696E707574206C696D69FE
:100A9000742074656D20200084000020AE43002087
:100AA000736574206C696D69742074656D203D20D8
:100AB00025640D0A000000007468697320697320C2
:100AC000616C6C20746865207265636F7264206469
:100AD0006174613A0D0A00006C656E676874203AB3
:100AE00025640D0A00000000656E64696E672D2D97
:100AF0002D2D2D2D00000000603F0020810CC83CF2
:100B000000007A44696D707574206572726F72208E
:100B10002C706C6561736520696E7075742041205E
:100B200042204320442046004620696E70757420A0
:100B300064656275672020696E666F726D617469A5
:100B40006F6E200D0A00000066697273743A206DA2
:100B5000796C696D69742E705F76616C75650000E3
:100B6000A482424218000020383F00200080424208
:100B700024E015DA0020A7494860886010E0A54805
:100B8000007B4C280CD1A3484068002805DDA14813
:100B90004068401E9F49486002E000209D4948602F
:100BA0009C48007A9B49097901EB810100EB4100E7
:100BB00098490870962009F032FA3FE04C20954998
:100BC00008733BE09348007B522817D19148806816
:100BD000401C90498860084680680A2805D108466C
:100BE0004068401C4860002088608A4840680928A6
:100BF00015DD092087494860886010E08548007B42
:100C00004C280CD183484068092805DA814840689F
:100C1000401C8049486002E009207E4948607D48C8
:100C2000007A7C49097901EB810100EB41007949A7
:100C30000870962009F0F3F900E000BF00BF81E6DC
:100C40001CB500F0B5F915E001A800231A461946B5
:100C5000009071480FF04EFE6E480FC800F0B0F9DA
:100C60006E48006800906B480FC800F058FA642086
:100C700015F02EFAE8E730B58BB00446002500BF2A
:100C80000AF028FA0AA810F092F90AAA01210846E7
:100C90000CF01BFA0121080308F09AFB042018F05D
:100CA000CBFB15F0D1FC00BF00BF00BF0AF04AFB30
:100CB000054600BF00BF5A480078401C58490870DC
:100CC00000BF00BF28460AF041FB00BF00BF00BFC5
:100CD0000AAB012253A150480FF0DDFC0AAB0A22F7
:100CE00052A155480FF06BF80AA803210022059283
:100CF000CDE90621089010464FF40061CC224F4BFD
:100D0000CDE90132CDE9031006200023AFF2CF0276
:100D10004BA100904E4810F021FD0AA803210022AB
:100D20000592CDE906210890104680210C22494BFE
:100D3000CDE90132CDE9031004200023AFF20B42CC
:100D400045A10090474810F009FD0AA803210022A0
:100D50000592CDE906210890104680210C22424BD5
:100D6000CDE90132CDE9031005200023AFF217527F
:100D70003EA10090404810F0F1FC0AA80321002297
:100D80000592CDE90621089010464FF48071192292
:100D90003A4BCDE90132CDE9031007200023AFF231
:100DA000B37237A10090394810F0D8FC0AA938482E
:100DB00012F049F800BF00BF00BF0AF0C3FA0546B1
:100DC00000BF00BF16480078401E1549087008464D
:100DD0000078A0B92F480088002809DD00BF00BFB7
:100DE00028460AF0B3FA00BF00BF0CF057FD0DE033
:100DF00000BF00BF28460AF0A9FA00BF06E000BF06
:100E000000BF28460AF0A2FA00BF00BF00BF0BB027
:100E100030BD0000903F0020383F0020140000202B
:100E20004001002073656D5F616463006164635F0E
:100E30006461746100000000603F0020741A0020AB
:100E4000456D77696E64656D6F207461736B00002A
:100E5000B0190020EC140020546F75636820746191
:100E6000736B000028140020B01700206164632019
:100E70007461736B00000000EC160020383B00200A
:100E800075617274207461736B000000743A002005
:100E9000640300200401002010B5435CE54C23707E
:100EA0004B1CC35C637023461B88138010BD10B5B8
:100EB0000223E04C238023465B7853B903881BB29E
:100EC000238023461B78535423465C784B1CD45410
:100ED0000AE003881BB2D74C238023465B78535427
:100EE00023461C784B1CD45410BD0146D248D34A2B
:100EF000128820F81210D14A1288501CC21700EB39
:100F0000D2525212A0EB4222CC4B1A80CC4800881D
:100F1000B0F5007F04DACA480088401CC84A108037
:100F2000704770B50446C6480088844204DBC5A0FB
:100F300013F05CFC002070BDC0490988491E091BE4
:100F400001F50070C11700EBD1514912A0EB41210E
:100F50008DB2B94830F81500EDE770B5C6A013F0B2
:100F600045FC00240AE02046FFF7DBFF05462A4641
:100F70002146CAA013F03AFC601C84B2B048008835
:100F80008442F0DBC9A013F031FC70BDAC4800888E
:100F9000704700EE900AF8EE600A9FEDC51A60EE09
:100FA000810A9FEDC41AC0EE811AB0EE610A704743
:100FB00010B54FF47F0016F09FF814F085FF10BDB8
:100FC0002DE9FF472DED028B4FF00008C1464FF68B
:100FD000FF7016F09CF8B84816F0B6F80A224FF4E5
:100FE000C871B6A015F0BEF96FF07F4016F08FF80B
:100FF000FA2340F2EE223221084615F04BFA002087
:1010000016F085F8FA2340F2EE223221084615F058
:10101000E7F99DF8080000EE100AB8EE400ADFED8F
:10102000A50A20EE200ADFEDA20A80EE201ABCEE0F
:10103000C10A10EE100A81B20846FFF7AAFF9FED21
:10104000A41AC0EE010A9FEDA30A20EE800ABDEEAD
:10105000C00A10EE100AC0F1FA06322E01DD304649
:1010600000E03220FA2805DA322E01DD304602E0B7
:10107000322000E0FA200646002016F048F83346F9
:1010800040F2EE223146322015F086F9FF2016F0AC
:101090003EF800243BE0A0B2FFF743FF8246FFF793
:1010A00078FFB0EE408A4FF42F7104FB01F0C117B6
:1010B00000EBD151491201F13207DFED850A88EECC
:1010C000200ADFED840A20EE200ABDEEC00A10EEF1
:1010D000100AC0F1FA05322D01DD284600E0322069
:1010E000FA2805DA322D01DD284602E0322000E040
:1010F000FA200546002C05DD2B463A464946404677
:1011000015F04AF91FFA87F81FFA85F9641CFFF7F2
:101110003DFFA042BFDCBDEC028BBDE8FF877FB581
:101120002DED028B0A9D4FF496746B4816F00CF867
:101130006FF07F4015F0EBFF4FF47F0015F0DCFF00
:101140002246322165A015F0F9F801232246C82174
:10115000039815F005F801232246D421049814F0D1
:10116000FFFF2246E02161A015F0E8F8032016F009
:1011700029F89DF814004C2808D104F11203CE225E
:1011800004F11201C62015F007F90AE09DF81400D9
:10119000522806D104F11203DA221946D22015F0A2
:1011A000FBF89DF8140022B2F82114F0C5FF04F1F9
:1011B000180084B2224632214DA015F0BFF8214616
:1011C000C82015F02FFA0020FFF7ABFE0646FFF708
:1011D000E0FEB0EE408A052014F0DDFF6DB1FF2087
:1011E00015F095FF4FF4E1734FF43E724FF4AF7179
:1011F0004FF4257015F04EF90DE06FF07F4015F0BB
:1012000086FF4FF4E1734FF43E724FF4AF714FF429
:10121000257015F03FF99DF8140039490978884286
:1012200005D09DF814003649087014F04DFEBDEC51
:10123000028B7FBD1A000020A03F00201E0000206E
:101240001C0000207761726E696E672D2D2D2D2D8B
:101250002D2D2D696E707574206164632072656335
:101260006F726420696E646578206F7574206F6694
:1012700020646174610000004275666665722043F7
:101280006F6E74656E7420284E6577657374202DBB
:101290003E204F6C64657374293A0A005B253275F1
:1012A0005D203D202534750A000000000A00000082
:1012B0000000C84200F07F454C1A020854656D706A
:1012C00065726174757265204C696E65000000007E
:1012D0000000F04200004843940702084C696D6921
:1012E000742056616C75653A0000000043000000F0
:1012F00074656D7074757265206E6F773A000000CA
:10130000200000201CB50121202008F061F84FF4D6
:10131000C060009001208DF8040000208DF80600C8
:101320008DF8070003208DF805006946044807F092
:10133000B1FD4FF4C061024807F028FE1CBD00005B
:101340000014024001B5BDF800000090BDF8000097
:10135000FC49088008BD01B5BDF800000090BDF84B
:101360000000F849891C088008BD08B5F548801CB4
:1013700000880090BDF8000008BD03B5BDF800006E
:10138000F0490880BDF804004FF0D841A1F8800072
:101390000CBD01B5BDF80000FFF7D4FF052008F033
:1013A00014FEFFF7E2FF08BDE7480089E549088021
:1013B0007047E449891C0880704730B5014601F048
:1013C0001F04C1F34513CA0AE50205EB4315154492
:1013D000A8B230BD00BF011EA0F10102D0B2FAD107
:1013E000704730B504460D46D748808849F24131F0
:1013F000884205D0D448808845F21031884214D103
:10140000D1494889FFF79EFF2012FFF7A4FFE0B201
:10141000FFF7A1FFCC498889FFF794FF2812FFF757
:101420009AFFE8B2FFF797FFABE0C748808846F61F
:10143000040188421DD1C4488079012804D1C248E2
:101440000088401E001B84B2BF494889FFF77AFF1D
:101450002012FFF780FFE0B2FFF77DFFBA498889CD
:10146000FFF770FF2812FFF776FFE8B2FFF773FF70
:1014700087E0B548808841F66311884247D1B24879
:101480008079A8B9B0480088401E001B84B2AE49DC
:101490004889FFF757FF0020FFF75DFF0020FFF7A7
:1014A0005AFF2012FFF757FFE0B2FFF754FF16E094
:1014B000A5494889FFF746FF2012FFF74CFFE0B22D
:1014C000FFF749FFA0490988491EC1F30F20FFF724
:1014D00042FF9D490978491EC8B2FFF73CFF9A496F
:1014E0008889FFF72FFF2812FFF735FFE8B2FFF7D3
:1014F00032FF95494988491EC1F30F20FFF72BFFA2
:1015000091498978491EC8B2FFF725FF39E08E4816
:10151000808845F21051884220D18B494889FFF7D5
:1015200011FF2012FFF717FF87494989491C88B22C
:10153000FFF708FFE0B2FFF70EFF83498889FFF746
:1015400001FF2812FFF707FF7F498989491C88B2EC
:10155000FFF7F8FEE8B2FFF7FEFE12E07A48807966
:10156000012804D178480088401E001B84B27649C7
:1015700048892146FFF701FF734988892946FFF70B
:10158000FCFE30BD3EB504460D46002002900190A1
:1015900000906D480088A04203DD6B484088A84257
:1015A00001DC00203EBD29462046FFF71AFF6648B1
:1015B000808849F24131884211D06348808846F6DC
:1015C000040188420BD06048808845F2103188427F
:1015D00005D05D48808841F66311884203D12E20F2
:1015E000FFF7B0FE0DE05848808845F21051884260
:1015F00004D14FF43850FFF7A5FE02E02220FFF798
:10160000A1FE5148808849F22031884202D102204F
:10161000FFF7E0FEFFF7A9FE02904B48808841F6F5
:101620006311884202D1BDF80800BBE70220FFF732
:10163000D1FEFFF79AFE02904348808849F241317B
:1016400088420BD04048808845F21031884205D04E
:101650003D48808845F21051884210D10220FFF7A2
:10166000B9FEFFF782FE0090BDF80800C0B20190FD
:10167000BDF804004FF6FF7101EA002001903248E6
:10168000808849F22531884216D02F48808844F25C
:101690003551884210D02C488088091F88420BD0D1
:1016A000294880884BF20551884205D02648808819
:1016B0004CF20551884202D1BDF8080072E7224879
:1016C000808849F2413188420BD01F48808845F21A
:1016D0001031884205D01C48808845F2105188425C
:1016E0000DD1BDF80800C012C002BDF80410891267
:1016F00040EA4110BDF8001040EAE12052E7BDF891
:101700000800FFF75AFE4DE700B50F48808849F200
:101710004131884211D00C48808846F60401884245
:101720000BD00948808845F21031884205D0064820
:10173000808841F66311884208D12920FFF702FE14
:1017400014E000007E00006CA0430020FE4880886A
:1017500045F21051884204D14FF42450FFF7F2FDB6
:1017600004E040F273110720FFF707FE00BD00B54B
:10177000F548808849F24131884211D0F24880888A
:1017800046F6040188420BD0EF48808845F21031BC
:10179000884205D0EC48808841F66311884203D125
:1017A0002820FFF7CFFD0EE0E748808845F2105172
:1017B000884204D14FF42050FFF7C4FD03E000211C
:1017C0000720FFF7DAFD00BDF0B50546002400272D
:1017D000DD48807901280BD1DB48808846F604017A
:1017E000884205D0D848808841F66311884208D1E4
:1017F000D5488079F0B9D448808841F66311884291
:1018000018D1082D15D2DFE805F00406080A0C0EE1
:10181000101206250DE007250BE0042509E005253B
:1018200007E0012505E0002503E0032501E002258E
:1018300000BF00BFC448808849F24131884217D0B8
:10184000C148808846F60401884211D0BE4880888D
:1018500045F2103188420BD0BB48808845F21051C8
:10186000884205D0B848808841F6631188427DD10E
:10187000082D1CD2DFE805F00406090C0F1215181C
:1018800000BF14E044F0800411E044F040040EE096
:1018900044F0C0040BE044F0200408E044F060048D
:1018A00005E044F0A00402E044F0E00400BF00BF03
:1018B000A548808845F21051884202D14FF458570C
:1018C00000E03627A048808845F2103188420DD0CC
:1018D0009D48808845F21051884207D09A488088F8
:1018E00041F66311884201D044F00804964880888C
:1018F00046F60401884201D144F0020421463846EC
:10190000FFF73BFD9048808841F6631188421DD067
:1019100004F0200068B18C4800888B4949888842CF
:1019200014DA894806884088874908800846468036
:101930000CE08548008884494988884206DD824851
:101940000688408880490880084646807E4880880E
:1019500045F21051884254D17B494889FFF7F2FC87
:101960000020FFF7F8FC7849498900E078E0491C3D
:1019700088B2FFF7E7FC0020FFF7EDFC72494989C8
:10198000891C88B2FFF7DEFC6F490988491EC1F344
:101990000F20FFF7E0FC6C494989C91C88B2FFF7AA
:1019A000D1FC69490978491EC8B2FFF7D4FC6649E1
:1019B0008889FFF7C7FC0020FFF7CDFC62498989C1
:1019C000491C88B2FFF7BEFC0020FFF7C4FC5E494B
:1019D0008989891C88B2FFF7B5FC5B494988491E93
:1019E000C1F30F20FFF7B7FC57498989C91C88B29A
:1019F000FFF7A8FC54498978491EC8B2FFF7ABFC31
:101A000055E051494889FFF79DFC0020FFF7A3FCF2
:101A10000020FFF7A0FC4C490988491EC1F30F20A4
:101A2000FFF799FC48490978491EC8B2FFF793FCB3
:101A300045498889FFF786FC0020FFF78CFC0020D1
:101A4000FFF789FC40494988491EC1F30F20FFF781
:101A500082FC3D498978491EC8B2FFF77CFC26E02C
:101A6000082D1CD2DFE805F004070A0D0F12151827
:101A700044F0300413E044F0100410E044F020047B
:101A80000DE000BF0BE044F0380408E044F0280407
:101A900005E044F0180402E044F0080400BF00BF71
:101AA000032744F4805421463846FFF766FCF0BD16
:101AB00030B504460D4629462046FFF792FCFFF755
:101AC00073FC224800882249088030BD70B5044666
:101AD0000D4616461C48808849F24131884205D09F
:101AE0001948808845F21031884214D11649488936
:101AF000FFF728FC2012FFF72EFCE0B2FFF72BFCCB
:101B000011498889FFF71EFC2812FFF724FCE8B270
:101B1000FFF721FC93E00C48808845F21051884281
:101B200027D109494889FFF70DFC2012FFF713FC64
:101B300005494989491C88B2FFF704FCE0B2FFF768
:101B40000AFC0149888905E0A0430020220000200A
:101B50008000006CFFF7F6FB2812FFF7FCFBFE4944
:101B60008989491C88B2FFF7EDFBE8B2FFF7F3FB68
:101B700065E0F948808841F66311884228D1F6482B
:101B8000807920B9F4480088401E001B84B2F249D5
:101B90004889FFF7D7FB2012FFF7DDFBE0B2FFF724
:101BA000DAFB2012FFF7D7FBE0B2FFF7D4FBEA49DC
:101BB0008889FFF7C7FB2812FFF7CDFBE8B2FFF7D4
:101BC000CAFB2812FFF7C7FBE8B2FFF7C4FB36E0F9
:101BD000E148808846F6040188421DD1DE488079BC
:101BE000012804D1DC480088401E001B84B2DA4979
:101BF0004889FFF7A7FB2012FFF7ADFBE0B2FFF724
:101C0000AAFBD5498889FFF79DFB2812FFF7A3FBA4
:101C1000E8B2FFF7A0FB12E0CF488079012804D199
:101C2000CD480088401E001B84B2CB49488921461C
:101C3000FFF7A3FBC84988892946FFF79EFBC648E2
:101C40000089C64908804FF0D840A0F8806070BD78
:101C500070B52DED048B0446BE20FFF773FB052005
:101C6000FFF779FB20461BF06FFA41EC190B9FED53
:101C7000BC0B53EC102B1BF0B7FA41EC180B1BF00C
:101C80001FFA85B22846FFF766FB0120FFF763FBCA
:101C9000FF20FFF760FB0020FFF75DFB0020FFF750
:101CA0005AFBBDEC048B70BD10B50446002C66D108
:101CB000A9498871F02008804FF4A0704880084638
:101CC000808849F2413188420BD0A348808846F68B
:101CD0000401884205D0A048808845F2103188422E
:101CE0001AD12C209C4908812A2048812B208881E8
:101CF0000846808846F60401884205D096488088C8
:101D000045F21031884206D14FF4A0709249088004
:101D10004FF4F0704880A1E08F48808845F2105160
:101D2000884210D14FF430508B4908814FF428502D
:101D300048814FF42C5088814FF4F07008804FF4A4
:101D4000487048808AE08448808841F66311884260
:101D50000DD12C20804908812B2048812A208881A0
:101D60004FF4F07008804FF44870488076E02220ED
:101D70007949088120204881212088816EE0012056
:101D8000754988714FF4A0700880F020488008469B
:101D9000808849F24131884205D06F48808845F2F9
:101DA0001031884207D12C206B4908812A204881B4
:101DB0002B2088813FE06848808846F604018842ED
:101DC00007D12C20644908812B2048812A20888152
:101DD00031E06148808845F21051884210D14FF4BB
:101DE00030505D4908814FF4285048814FF42C5001
:101DF00088814FF4487008804FF4F07048801AE0F2
:101E00005548808841F6631188420DD12C205249F3
:101E100008812A2048812B2088814FF4487008804F
:101E20004FF4F070488006E022204B4908812120C1
:101E30004881202088814848808846F604018842ED
:101E400005D04548808845F21031884206D14FF4CC
:101E5000F070414908804FF4A07048800020FFF7DF
:101E6000B3FC10BD2DE9F04F86B004460D469046F8
:101E7000994604EB0800401E86B205EB0900401E9F
:101E800087B23548808849F24131884215D03248BE
:101E9000808845F2103188420FD02F48808846F65E
:101EA0000401884209D02C488079012826D12A488B
:101EB000808841F66311884220D127494889FFF77D
:101EC00041FA2012FFF747FAE0B2FFF744FA301266
:101ED000FFF741FAF0B2FFF73EFA1F498889FFF792
:101EE00031FA2812FFF737FAE8B2FFF734FA38125E
:101EF000FFF731FAF8B2FFF72EFAC1E016488088F2
:101F000041F6631188423DD113480088A0EB0800D8
:101F1000001B84B205EB0900401E1FFA80F90E4930
:101F20004889FFF70FFA2012FFF715FAE0B2FFF722
:101F300012FA04EB0801491EC1F30F20FFF70BFA58
:101F400004EB0801491EC8B2FFF705FA0249888967
:101F5000FFF7F8F9281207E0A04300207E00006C8C
:101F60006666666666660440FFF7F5F9E8B2FFF755
:101F7000F2F94FEA2920FFF7EEF909F0FF00FFF729
:101F8000EAF97DE0FE48808845F21051884244D14C
:101F9000FB494889FFF7D6F92012FFF7DCF9F84929
:101FA0004989491C88B2FFF7CDF9E0B2FFF7D3F9B0
:101FB000F3494989891C88B2FFF7C4F93012FFF749
:101FC000CAF9EF494989C91C88B2FFF7BBF9F0B2D9
:101FD000FFF7C1F9EA498889FFF7B4F92812FFF73A
:101FE000BAF9E7498989491C88B2FFF7ABF9E8B229
:101FF000FFF7B1F9E2498989891C88B2FFF7A2F994
:102000003812FFF7A8F9DE498989C91C88B2FFF7A1
:1020100099F9F8B2FFF79FF932E0D94880790128A1
:102020000ED1AA46BB46D6480088801B401E80B20F
:102030000190D3480088001B401E80B2009003E04E
:10204000A246B34601950097502005905120049078
:10205000522003905320029051460598FFF78DF9C6
:1020600059460498FFF789F901990398FFF785F914
:1020700000990298FFF781F929462046FFF7B1F948
:1020800006B0BDE8F08F70B504460026BC48058850
:1020900040884543BA48808846F60401884216D1F4
:1020A000B7488079012812D10020B54988712A20CB
:1020B00048812B20888100210846FFF792F90120F2
:1020C000AF4988712B2048812A20888103E00021B4
:1020D0000846FFF786F9FFF767F9002602E0A948EE
:1020E0000480761CAE42FAD370BD00B5A1B00020CA
:1020F000209001217A2007F06BF90121084607F0B2
:102100009FF94FF400401E9001208DF87C000020C4
:102110008DF87E0002208DF87D0001208DF87F0073
:102120001EA9994806F0B6FE4CF233701E900220AC
:102130008DF87C0000208DF87E0003208DF87D0056
:1021400001208DF87F001EA9904806F0A3FE4FF6EF
:1021500080701E9002208DF87C0000208DF87E009B
:1021600003208DF87D0001208DF87F001EA988488E
:1021700006F090FE4FF480501E9002208DF87C00F7
:1021800000208DF87E0003208DF87D0001208DF861
:102190007F001EA97F4806F07DFE4FF480501E9000
:1021A00002208DF87C0000208DF87E0003208DF841
:1021B0007D0001208DF87F001EA9774806F06AFE99
:1021C0000C220021714806F0F0FE0C2201216F481C
:1021D00006F0EBFE0C2204216C4806F0E6FE0C2211
:1021E00005216A4806F0E1FE0C220821674806F046
:1021F000DCFE0C220921654806F0D7FE0C220A21DC
:10220000624806F0D2FE0C220E21604806F0CDFE98
:102210000C220F215D4806F0C8FE0C2207215C4805
:1022200006F0C3FE0C220821594806F0BEFE0C221F
:102230000921574806F0B9FE0C220A21544806F03D
:10224000B4FE0C220B21524806F0AFFE0C221146C0
:102250004F4806F0AAFE0C220D214D4806F0A5FEBF
:102260000C220E214A4806F0A0FE0C220F214848FD
:1022700006F09BFE0C221146464806F096FE0C2204
:102280001146454806F091FE0F2008900020099065
:102290003C200A9000200B900C900D900E9009208D
:1022A00001900020029008200390002004900590E7
:1022B0000690079006200F9000201090119010209B
:1022C00012900020139015901490169017904FF4D0
:1022D00080501890002019904FF480401A900020F0
:1022E0001B9008A81C9001A81D900FA806F083FA67
:1022F0000121062006F00AFB322007F090FE0121A2
:102300000020FFF73AF8322007F089FE0020FFF79F
:1023100040F81B49888008468088FF280ADB084669
:1023200080884FF6FF71884204D015488088B0F548
:10233000134F7DD1D320FFF705F8FFF716F81049AA
:102340008880FFF712F80E498880FFF70EF80C49D5
:102350008880084680884FF6FF7101EA002008490E
:102360008880FFF702F80649898808430449888075
:102370000846808849F24131884259D0BF200DE09B
:10238000A04300208000006C00040240000C0240CA
:10239000001002400014024000180240FEF7D2FF75
:1023A000FEF7E3FFFE498880FEF7DFFFFC498880E7
:1023B000FEF7DBFFFA498880FEF7D7FFF8498880EF
:1023C000084680884FF6FF7101EA0020F4498880B2
:1023D000FEF7CBFFF24989880843F1498880084617
:1023E000808846F6040188427AD0D420FEF7AAFFFE
:1023F000FEF7BBFFEA498880FEF7B7FFE84988800F
:10240000FEF7B3FFE6498880084680884FF6FF71E3
:1024100001EA0020E2498880FEF7A7FFE0498988A9
:102420000843DF4988800846808845F2103100E083
:1024300056E0884254D04FF45A40FEF783FFFEF72F
:1024400094FFD74988804FF45B40FEF77BFFFEF78F
:102450008CFFD3498880084680884FF6FF7101EAD7
:102460000020CF4988804FF45C40FEF76BFFFEF7F9
:102470007CFFCB4989880843C94988800846808801
:10248000B0F5004F02D145F210508880C4488088D2
:1024900045F21051884223D0A120FEF753FFFEF7EA
:1024A00064FFBF498880FEF760FFBD498880084609
:1024B00080884FF6FF7101EA0020B9498880FEF755
:1024C00054FFB74989880843B54988800846808801
:1024D00045F26171884203D141F66310B0498880AA
:1024E000AF48808849F24131884211D0AC48808899
:1024F00045F2103188420BD0A948808845F210512E
:10250000884205D0A648808841F6631188421DD1D3
:10251000A448006820F00F004FF02041C1F81C01D2
:102520000846D0F81C0120F47060C1F81C01084670
:10253000D0F81C0140F00300C1F81C010846D0F897
:102540001C0140F40070C1F81C0128E09448808808
:1025500046F60401884205D0914880884CF2055126
:1025600088421CD18F48006820F00F004FF02041B6
:10257000C1F81C010846D0F81C0120F47060C1F8B5
:102580001C010846D0F81C0140F00A00C1F81C01EB
:102590000846D0F81C0140F44060C1F81C01804896
:1025A000818881A012F022F97D48808849F241316A
:1025B00088427CD1CF20FEF7C5FE0020FEF7CBFE7F
:1025C0002098401C2090C120FEF7C5FE3020FEF769
:1025D000C2FEED20FEF7B6FE6420FEF7BCFE03202F
:1025E000FEF7B9FE1220FEF7B6FE8120FEF7B3FE1D
:1025F000E820FEF7A7FE8520FEF7ADFE1020FEF7CF
:10260000AAFE7A20FEF7A7FECB20FEF79BFE39201C
:10261000FEF7A1FE2C20FEF79EFE0020FEF79BFE9B
:102620003420FEF798FE0220FEF795FEF720FEF715
:1026300089FE2020FEF78FFEEA20FEF783FE0020B1
:10264000FEF789FE0020FEF786FEC020FEF77AFE28
:102650001B20FEF780FEC120FEF774FE0120FEF76E
:102660007AFEC520FEF76EFE3020FEF774FE3020A5
:10267000FEF771FEC720FEF765FEB720FEF76BFE82
:102680003620FEF75FFE4820FEF765FE3A20FEF793
:1026900059FE5520FEF75FFEB120FEF753FE0020E5
:1026A000FEF759FE1A20FEF756FEB62000E0A7E01E
:1026B000FEF748FE0A20FEF74EFEA220FEF74BFE74
:1026C000F220FEF73FFE0020FEF745FE2620FEF733
:1026D00039FE0120FEF73FFEE020FEF733FE0F201B
:1026E000FEF739FE2A20FEF736FE2820FEF733FEDD
:1026F0000820FEF730FE0E20FEF72DFE0820FEF724
:102700002AFE5420FEF727FEA920FEF724FE4320D0
:10271000FEF721FE0A20FEF71EFE0F20FEF71BFE2D
:102720000020FEF718FE0020FEF715FE0020FEF741
:1027300012FE0020FEF70FFEE120FEF703FE002050
:10274000FEF709FE1520FEF706FE1720FEF703FE32
:102750000720FEF700FE1120FEF7FDFD0620FEF724
:10276000FAFD2B20FEF7F7FD5620FEF7F4FD3C2086
:10277000FEF7F1FD0520FEF7EEFD1020FEF7EBFD64
:102780000F20FEF7E8FD3F20FEF7E5FD3F20FEF7B6
:10279000E2FD0F20FEF7DFFD2B20FEF7D3FD09E061
:1027A000A04300201C0100A04C43442049443A258A
:1027B000780D0A000020FEF7CEFD0020FEF7CBFDCD
:1027C0000120FEF7C8FD3F20FEF7C5FD2A20FEF7D9
:1027D000B9FD0020FEF7BFFD0020FEF7BCFD002084
:1027E000FEF7B9FDEF20FEF7B6FD1120FEF7AAFDBA
:1027F000782007F014FC2920FEF7A4FD03F01DB992
:10280000FE48808846F6040188427CD11120FEF7FC
:1028100099FD142007F003FCD020FEF793FD07205C
:10282000FEF799FD4220FEF796FD1D20FEF793FD71
:10283000D120FEF787FD0020FEF78DFD1A20FEF760
:102840008AFD0920FEF787FDD220FEF77BFD0120DF
:10285000FEF781FD2220FEF77EFDC020FEF772FD0F
:102860001020FEF778FD3B20FEF775FD0020FEF7F7
:1028700072FD0220FEF76FFD1120FEF76CFDC520F2
:10288000FEF760FD0320FEF766FDC820FEF75AFD47
:102890000020FEF760FD2520FEF75DFD2120FEF7FC
:1028A0005AFD0520FEF757FD0020FEF754FD0A20D3
:1028B000FEF751FD6520FEF74EFD2520FEF74BFD8E
:1028C0007720FEF748FD5020FEF745FD0F20FEF76C
:1028D00042FD0020FEF73FFDF820FEF733FD01200A
:1028E000FEF739FDFE20FEF72DFD0020FEF733FD3B
:1028F0000220FEF730FD2020FEF724FD3620FEF7F3
:1029000021FD082000E02CE0FEF725FD3A20FEF72F
:1029100019FD5520FEF71FFD2B20FEF713FD0020AB
:10292000FEF719FD0020FEF716FD0120FEF713FD4E
:102930003F20FEF710FD2A20FEF704FD0020FEF7E1
:102940000AFD0020FEF707FD0120FEF704FDDF2051
:10295000FEF701FD782007F062FB2920FEF7F2FC6C
:102960004CE7A648808845F21031884240F07C87C9
:10297000ED20FEF7E7FC0120FEF7EDFCFE20FEF760
:10298000EAFCEE20FEF7DEFCDE20FEF7E4FC212070
:10299000FEF7E1FCF120FEF7D5FC0120FEF7DBFCA1
:1029A000DF20FEF7CFFC1020FEF7D5FCC420FEF799
:1029B000C9FC8F20FEF7CFFCC620FEF7C3FC002029
:1029C000FEF7C9FCE220FEF7C6FCE220FEF7C3FCDE
:1029D000E220FEF7C0FCBF20FEF7B4FCAA20FEF701
:1029E000BAFCB020FEF7AEFC0D20FEF7B4FC0020D0
:1029F000FEF7B1FC0D20FEF7AEFC0020FEF7ABFCAD
:102A00001120FEF7A8FC0020FEF7A5FC1920FEF718
:102A1000A2FC0020FEF79FFC2120FEF79CFC00207A
:102A2000FEF799FC2D20FEF796FC0020FEF793FCA4
:102A30003D20FEF790FC0020FEF78DFC5D20FEF7A8
:102A40008AFC0020FEF787FC5D20FEF784FC002056
:102A5000FEF781FCB120FEF775FC8020FEF77BFCC1
:102A60000020FEF778FC8B20FEF775FC0020FEF7B7
:102A700072FC9620FEF76FFC0020FEF76CFCB22083
:102A8000FEF760FC0020FEF766FC0020FEF763FC0A
:102A90000220FEF760FC0020FEF75DFC0320FEF73D
:102AA0005AFC0020FEF757FCB320FEF74BFC002039
:102AB000FEF751FC0020FEF74EFC0020FEF74BFC19
:102AC0000020FEF748FC0020FEF745FC0020FEF742
:102AD00042FC0020FEF73FFC0020FEF73CFC0020FB
:102AE000FEF739FC0020FEF736FC0020FEF733FC31
:102AF0000020FEF730FC0020FEF72DFC0020FEF742
:102B00002AFC0020FEF727FC0020FEF724FC002012
:102B1000FEF721FC0020FEF71EFC0020FEF71BFC48
:102B20000020FEF718FC0020FEF715FC0020FEF741
:102B300012FC0020FEF70FFC0020FEF70CFCB42076
:102B4000FEF700FC8B20FEF706FC0020FEF703FCDE
:102B50009620FEF700FC0020FEF7FDFBA120FEF70B
:102B6000FAFB0020FEF7F7FBB520FEF7EBFB022097
:102B7000FEF7F1FB0020FEF7EEFB0320FEF7EBFB78
:102B80000020FEF7E8FB0420FEF7E5FB0020FEF73F
:102B9000E2FBB620FEF7D6FB0020FEF7DCFB0020B0
:102BA000FEF7D9FBB720FEF7CDFB0020FEF7D3FBE5
:102BB0000020FEF7D0FB3F20FEF7CDFB0020FEF704
:102BC000CAFB5E20FEF7C7FB0020FEF7C4FB6420B3
:102BD000FEF7C1FB0020FEF7BEFB8C20FEF7BBFB1F
:102BE0000020FEF7B8FBAC20FEF7B5FB0020FEF797
:102BF000B2FBDC20FEF7AFFB002001E0A043002089
:102C0000FEF7A9FB7020FEF7A6FB0020FEF7A3FB52
:102C10009020FEF7A0FB0020FEF79DFBEB20FEF7C7
:102C20009AFB0020FEF797FBDC20FEF794FB0020C8
:102C3000FEF791FBB820FEF785FB0020FEF78BFB2B
:102C40000020FEF788FB0020FEF785FB0020FEF742
:102C500082FB0020FEF77FFB0020FEF77CFB0020BC
:102C6000FEF779FB0020FEF776FBBA20FEF76AFB41
:102C70002420FEF770FB0020FEF76DFB0020FEF71E
:102C80006AFB0020FEF767FBC120FEF75BFB2020FC
:102C9000FEF761FB0020FEF75EFB5420FEF75BFBB6
:102CA0000020FEF758FBFF20FEF755FB0020FEF743
:102CB00052FBC220FEF746FB0A20FEF74CFB002029
:102CC000FEF749FB0420FEF746FB0020FEF743FB1E
:102CD000C320FEF737FB3C20FEF73DFB0020FEF74C
:102CE0003AFB3A20FEF737FB0020FEF734FB392091
:102CF000FEF731FB0020FEF72EFB3720FEF72BFB03
:102D00000020FEF728FB3C20FEF725FB0020FEF705
:102D100022FB3620FEF71FFB0020FEF71CFB3220B3
:102D2000FEF719FB0020FEF716FB2F20FEF713FB22
:102D30000020FEF710FB2C20FEF70DFB0020FEF715
:102D40000AFB2920FEF707FB0020FEF704FB2620E4
:102D5000FEF701FB0020FEF7FEFA2420FEF7FBFA47
:102D60000020FEF7F8FA2420FEF7F5FA0020FEF71F
:102D7000F2FA2320FEF7EFFA0020FEF7ECFA3C20EF
:102D8000FEF7E9FA0020FEF7E6FA3620FEF7E3FA4E
:102D90000020FEF7E0FA3220FEF7DDFA0020FEF711
:102DA000DAFA2F20FEF7D7FA0020FEF7D4FA2C200B
:102DB000FEF7D1FA0020FEF7CEFA2920FEF7CBFA73
:102DC0000020FEF7C8FA2620FEF7C5FA0020FEF71D
:102DD000C2FA2420FEF7BFFA0020FEF7BCFA242036
:102DE000FEF7B9FA0020FEF7B6FA2320FEF7B3FA91
:102DF0000020FEF7B0FAC420FEF7A4FA6220FEF726
:102E0000AAFA0020FEF7A7FA0520FEF7A4FA002090
:102E1000FEF7A1FA8420FEF79EFA0020FEF79BFA47
:102E2000F020FEF798FA0020FEF795FA1820FEF73A
:102E300092FA0020FEF78FFAA420FEF78CFA002009
:102E4000FEF789FA1820FEF786FA0020FEF783FACB
:102E50005020FEF780FA0020FEF77DFA0C20FEF7E6
:102E60007AFA0020FEF777FA1720FEF774FA0020AE
:102E7000FEF771FA9520FEF76EFA0020FEF76BFA66
:102E8000F320FEF768FA0020FEF765FAE620FEF769
:102E900062FA0020FEF75FFAC520FEF753FA3220EF
:102EA000FEF759FA0020FEF756FA4420FEF753FACF
:102EB0000020FEF750FA6520FEF74DFA0020FEF7DD
:102EC0004AFA7620FEF747FA0020FEF744FA8820F7
:102ED000FEF741FA0020FEF73EFAC620FEF732FA6E
:102EE0002020FEF738FA0020FEF735FA1720FEF70B
:102EF00032FA0020FEF72FFA0120FEF72CFA00200C
:102F0000FEF729FAC720FEF71DFA0020FEF723FA84
:102F10000020FEF720FA0020FEF71DFA0020FEF741
:102F20001AFAC820FEF70EFA0020FEF714FA002065
:102F3000FEF711FA0020FEF70EFA0020FEF70BFA5A
:102F4000C920FEF7FFF90020FEF705FA0020FEF782
:102F500002FA0020FEF7FFF90020FEF7FCF900203E
:102F6000FEF7F9F90020FEF7F6F90020FEF7F3F975
:102F70000020FEF7F0F90020FEF7EDF90020FEF743
:102F8000EAF90020FEF7E7F90020FEF7E4F9002057
:102F9000FEF7E1F90020FEF7DEF90020FEF7DBF98D
:102FA0000020FEF7D8F9E020FEF7CCF91620FEF756
:102FB000D2F90020FEF7CFF91C20FEF7CCF9002053
:102FC000FEF7C9F92120FEF7C6F90020FEF7C3F984
:102FD0003620FEF7C0F90020FEF7BDF94620FEF7C7
:102FE000BAF90020FEF7B7F95220FEF7B4F9002035
:102FF000FEF7B1F96420FEF7AEF90020FEF7ABF959
:103000007A20FEF7A8F90020FEF7A5F98B20FEF73D
:10301000A2F90020FEF79FF99920FEF79CF9002005
:10302000FEF799F9A820FEF796F90020FEF793F92C
:10303000B920FEF790F90020FEF78DF9C420FEF7C5
:103040008AF90020FEF787F9CA20FEF784F90020EC
:10305000FEF781F9D220FEF77EF90020FEF77BF91A
:10306000D920FEF778F90020FEF775F9E020FEF789
:1030700072F90020FEF76FF9F320FEF76CF90020DB
:10308000FEF769F9E120FEF75DF91620FEF763F916
:103090000020FEF760F91C20FEF75DF90020FEF726
:1030A0005AF92220FEF757F90020FEF754F936208E
:1030B000FEF751F90020FEF74EF94520FEF74BF9D7
:1030C0000020FEF748F95220FEF745F90020FEF7F0
:1030D00042F96420FEF73FF90020FEF73CF97A2020
:1030E000FEF739F90020FEF736F98B20FEF733F9A9
:1030F0000020FEF730F99920FEF72DF90020FEF7A9
:103100002AF9A820FEF727F90020FEF724F9B920B4
:10311000FEF721F90020FEF71EF9C420FEF71BF987
:103120000020FEF718F9CA20FEF715F90020FEF777
:1031300012F9D220FEF70FF90020FEF70CF9D82083
:10314000FEF709F90020FEF706F9E020FEF703F983
:103150000020FEF700F9F320FEF7FDF80020FEF74F
:10316000FAF8E220FEF7EEF80520FEF7F4F800206A
:10317000FEF7F1F80B20FEF7EEF80020FEF7EBF873
:103180001B20FEF7E8F80020FEF7E5F83420FEF7F4
:10319000E2F80020FEF7DFF84420FEF7DCF800201C
:1031A000FEF7D9F84F20FEF7D6F80020FEF7D3F847
:1031B0006120FEF7D0F80020FEF7CDF87920FEF769
:1031C000CAF80020FEF7C7F88820FEF7C4F80020F0
:1031D000FEF7C1F89720FEF7BEF80020FEF7BBF817
:1031E000A620FEF7B8F80020FEF7B5F8B720FEF7E6
:1031F000B2F80020FEF7AFF8C220FEF7ACF80020CE
:10320000FEF7A9F8C720FEF7A6F80020FEF7A3F8FE
:10321000D120FEF7A0F80020FEF79DF8D620FEF79B
:103220009AF80020FEF797F8DD20FEF794F80020CA
:10323000FEF791F8F320FEF78EF80020FEF78BF8EA
:10324000E320FEF77FF80520FEF785F80020FEF763
:1032500082F80A20FEF77FF80020FEF77CF81C2099
:10326000FEF779F80020FEF776F83320FEF773F8C2
:103270000020FEF770F84420FEF76DF80020FEF7FE
:103280006AF85020FEF767F80020FEF764F8622025
:10329000FEF761F80020FEF75EF87820FEF75BF895
:1032A0000020FEF758F88820FEF755F80020FEF7BA
:1032B00052F89720FEF74FF80020FEF74CF8A620B2
:1032C000FEF749F80020FEF746F8B720FEF743F86E
:1032D0000020FEF740F8C220FEF73DF80020FEF780
:1032E0003AF8C720FEF737F80020FEF734F8D1206F
:1032F000FEF731F80020FEF72EF8D520FEF72BF868
:103300000020FEF728F8DD20FEF725F80020FEF764
:1033100022F8F320FEF71FF80020FEF71CF8E42047
:10332000FEF710F80120FEF716F80020FEF713F85C
:103330000120FEF710F80020FEF70DF80220FEF73E
:103340000AF80020FEF707F82A20FEF704F800200C
:10335000FEF701F83C20FDF7FEFF0020FDF7FBFF24
:103360004B20FDF7F8FF0020FDF7F5FF5D20FDF78E
:10337000F2FF0020FDF7EFFF7420FDF7ECFF0020C7
:10338000FDF7E9FF8420FDF7E6FF0020FDF7E3FFEE
:103390009320FDF7E0FF0020FDF7DDFFA220FDF701
:1033A000DAFF0020FDF7D7FFB320FDF7D4FF0020A0
:1033B000FDF7D1FFBE20FDF7CEFF0020FDF7CBFFCC
:1033C000C420FDF7C8FF0020FDF7C5FFCD20FDF7A5
:1033D000C2FF0020FDF7BFFFD320FDF7BCFF002098
:1033E000FDF7B9FFDD20FDF7B6FF0020FDF7B3FFC5
:1033F000F320FDF7B0FF0020FDF7ADFFE520FDF75E
:10340000A1FF0020FDF7A7FF0020FDF7A4FF00208B
:10341000FDF7A1FF0020FDF79EFF0220FDF79BFFB7
:103420000020FDF798FF2920FDF795FF0020FDF70C
:1034300092FF3C20FDF78FFF0020FDF78CFF4B2013
:10344000FDF789FF0020FDF786FF5D20FDF783FF74
:103450000020FDF780FF7420FDF77DFF0020FDF7C1
:103460007AFF8420FDF777FF0020FDF774FF93209B
:10347000FDF771FF0020FDF76EFFA220FDF76BFF47
:103480000020FDF768FFB320FDF765FF0020FDF782
:1034900062FFBE20FDF75FFF0020FDF75CFFC42048
:1034A000FDF759FF0020FDF756FFCD20FDF753FF34
:1034B0000020FDF750FFD320FDF74DFF0020FDF762
:1034C0004AFFDC20FDF747FF0020FDF744FFF32013
:1034D000FDF741FF0020FDF73EFFE620FDF732FF3C
:1034E0001120FDF738FF0020FDF735FF3420FDF7F0
:1034F00032FF0020FDF72FFF5620FDF72CFF0020A4
:10350000FDF729FF7620FDF726FF0020FDF723FFBA
:103510007720FDF720FF0020FDF71DFF6620FDF757
:103520001AFF0020FDF717FF8820FDF714FF002089
:10353000FDF711FF9920FDF70EFF0020FDF70BFFAF
:10354000BB20FDF708FF0020FDF705FF9920FDF7E0
:1035500002FF0020FDF7FFFE6620FDF7FCFE0020C5
:10356000FDF7F9FE5520FDF7F6FE0020FDF7F3FE0E
:103570005520FDF7F0FE0020FDF7EDFE4520FDF79C
:10358000EAFE0020FDF7E7FE4320FDF7E4FE002001
:10359000FDF7E1FE4420FDF7DEFE0020FDF7DBFE37
:1035A000E720FDF7CFFE3220FDF7D5FE0020FDF726
:1035B000D2FE5520FDF7CFFE0020FDF7CCFE762091
:1035C000FDF7C9FE0020FDF7C6FE6620FDF7C3FE2D
:1035D0000020FDF7C0FE6720FDF7BDFE0020FDF7CF
:1035E000BAFE6720FDF7B7FE0020FDF7B4FE872086
:1035F000FDF7B1FE0020FDF7AEFE9920FDF7ABFE12
:103600000020FDF7A8FEBB20FDF7A5FE0020FDF77A
:10361000A2FE9920FDF79FFE0020FDF79CFE77207B
:10362000FDF799FE0020FDF796FE4420FDF793FE7E
:103630000020FDF790FE5620FDF78DFE0020FDF7DF
:103640008AFE2320FDF787FE0020FDF784FE33204D
:10365000FDF781FE0020FDF77EFE4520FDF77BFE95
:103660000020FDF778FEE820FDF76CFE0020FDF756
:1036700072FE0020FDF76FFE9920FDF76CFE002022
:10368000FDF769FE8720FDF766FE0020FDF763FE6B
:103690008820FDF760FE0020FDF75DFE7720FDF736
:1036A0005AFE0020FDF757FE6620FDF754FE00206D
:1036B000FDF751FE8820FDF74EFE0020FDF74BFE82
:1036C000AA20FDF748FE0020FDF745FEBB20FDF7D0
:1036D00042FE0020FDF73FFE9920FDF73CFE002052
:1036E000FDF739FE6620FDF736FE0020FDF733FEBC
:1036F0005520FDF730FE0020FDF72DFE5520FDF78B
:103700002AFE0020FDF727FE4420FDF724FE0020BE
:10371000FDF721FE4420FDF71EFE0020FDF71BFEF5
:103720005520FDF718FE0020FDF715FEE920FDF7F6
:1037300009FEAA20FDF70FFE0020FDF70CFE002079
:10374000FDF709FE0020FDF706FE0020FDF7FAFD5B
:10375000AA20FDF700FECF20FDF7F4FD0020FDF7C5
:10376000FAFD0020FDF7F7FD0020FDF7F4FD002035
:10377000FDF7F1FD0020FDF7EEFD0020FDF7EBFD6C
:103780000020FDF7E8FD0020FDF7E5FD0020FDF736
:10379000E2FD0020FDF7DFFD0020FDF7DCFD00204D
:1037A000FDF7D9FD0020FDF7D6FD0020FDF7D3FD84
:1037B0000020FDF7D0FD0020FDF7CDFD0020FDF736
:1037C000CAFDF020FDF7BEFD0020FDF7C4FD50202E
:1037D000FDF7C1FD0020FDF7BEFD0020FDF7BBFD9C
:1037E0000020FDF7B8FDF320FDF7ACFD0020FDF74C
:1037F000B2FDF920FDF7A6FD0620FDF7ACFD102077
:10380000FDF7A9FD2920FDF7A6FD0020FDF7A3FD8A
:103810003A20FDF797FD5520FDF79DFD1120FDF79E
:1038200091FD642006F0FBFB2920FDF78BFD352080
:10383000FDF788FD0020FDF78EFD5120FDF782FD8C
:10384000FF20FDF788FD5320FDF77CFD2C20FDF7C0
:1038500082FD5520FDF776FD8220FDF77CFD2C20B2
:10386000FDF770FD02F0E9B8FE48808845F210517E
:1038700088427DD155214FF47040FDF77EFDAA218D
:103880004FF20100FDF779FD52214FF20200FDF7E2
:1038900074FD08214FF20300FDF76FFD01214FF287
:1038A0000400FDF76AFD0D214FF43040FDF765FD82
:1038B0000D214BF20100FDF760FD0D214BF20200DE
:1038C000FDF75BFD34214FF43640FDF756FD342102
:1038D0004BF20160FDF751FD34214BF20260FDF720
:1038E0004CFD0D214FF43140FDF747FD0D214BF20A
:1038F0000110FDF742FD0D214BF20210FDF73DFDD9
:1039000034214FF43740FDF738FD34214BF201707C
:10391000FDF733FD34214BF20270FDF72EFD00213F
:103920004FF43240FDF729FD00214BF20120FDF755
:1039300024FD00214BF20220FDF71FFD24214FF44E
:103940003840FDF71AFD24214BF60100FDF715FD67
:1039500024214BF60200FDF710FD01214FF43F40FA
:10396000FDF70BFD0F214FF43340FDF706FD00E09E
:10397000FDE30F214BF20130FDF7FFFC0F214BF26D
:103980000230FDF7FAFC34214FF43940FDF7F5FC25
:1039900034214BF60110FDF7F0FC34214BF60210F8
:1039A000FDF7EBFC08214FF43540FDF7E6FC08215C
:1039B0004BF20150FDF7E1FC08214BF20250FDF7FC
:1039C000DCFC03214FF44240FDF7D7FC24214FF4E7
:1039D0003A40FDF7D2FC24214BF60120FDF7CDFC47
:1039E00024214BF60220FDF7C8FC00214FF43C4097
:1039F000FDF7C3FC78214BF60140FDF7BEFC00212A
:103A00004BF60240FDF7B9FC00214FF43D40FDF7B5
:103A1000B4FC78214BF60150FDF7AFFC00214BF6CA
:103A20000250FDF7AAFC00214FF43E40FDF7A5FC33
:103A300064214BF60160FDF7A0FC00214FF45140DA
:103A4000FDF79BFC33214DF20110FDF796FC0021A0
:103A50004DF20210FDF791FC34214DF20310FDF7F9
:103A60008CFC00214DF20410FDF787FC3A214DF249
:103A70000510FDF782FC00214DF20610FDF77DFCDC
:103A80004A214DF20710FDF778FC00214DF2081095
:103A9000FDF773FC5C214DF20910FDF76EFC00216F
:103AA0004DF20A10FDF769FC81214DF20B10FDF774
:103AB00064FC00214DF20C10FDF75FFCA6214DF2D5
:103AC0000D10FDF75AFC00214DF20E10FDF755FCCC
:103AD000E5214DF20F10FDF750FC01214DF21010C1
:103AE000FDF74BFC13214DF21110FDF746FC0121AF
:103AF0004DF21210FDF741FC54214DF21310FDF769
:103B00003CFC01214DF21410FDF737FC82214DF2EF
:103B10001510FDF732FC01214DF21610FDF72DFCBA
:103B2000CA214DF21710FDF728FC02214DF21810A2
:103B3000FDF723FC00214DF21910FDF71EFC0221B8
:103B40004DF21A10FDF719FC01214DF21B10FDF783
:103B500014FC02214DF21C10FDF70FFC34214DF234
:103B60001D10FDF70AFC02214DF21E10FDF705FCA9
:103B700067214DF21F10FDF700FC02214DF22010CD
:103B8000FDF7FBFB84214DF22110FDF7F6FB02212E
:103B90004DF22210FDF7F1FBA4214DF22310FDF7A9
:103BA000ECFB02214DF22410FDF7E7FBB7214DF2AB
:103BB0002510FDF7E2FB02214DF22610FDF7DDFB9B
:103BC000CF214DF22710FDF7D8FB02214DF228102E
:103BD000FDF7D3FBDE214DF22910FDF7CEFB0221CC
:103BE0004DF22A10FDF7C9FBF2214DF22B10FDF723
:103BF000C4FB02214DF22C10FDF7BFFBFE214DF25C
:103C00002D10FDF7BAFB03214DF22E10FDF7B5FB89
:103C100010214DF22F10FDF7B0FB03214DF23010B3
:103C2000FDF7ABFB33214DF23110FDF7A6FB03216D
:103C30004DF23210FDF7A1FB6D214DF23310FDF76F
:103C40009CFB00214FF45240FDF797FB33214DF2CE
:103C50000120FDF792FB00214DF20220FDF78DFBC4
:103C6000342101E0A04300204DF20320FDF785FB45
:103C700000214DF20420FDF780FB3A214DF2052092
:103C8000FDF77BFB00214DF20620FDF776FB4A2174
:103C90004DF20720FDF771FB00214DF20820FDF7E2
:103CA0006CFB5C214DF20920FDF767FB00214DF212
:103CB0000A20FDF762FB81214DF20B20FDF75DFB31
:103CC00000214DF20C20FDF758FBA6214DF20D20EE
:103CD000FDF753FB00214DF20E20FDF74EFBE521D1
:103CE0004DF20F20FDF749FB01214DF21020FDF7A9
:103CF00044FB13214DF21120FDF73FFB01214DF252
:103D00001220FDF73AFB54214DF21320FDF735FB4D
:103D100001214DF21420FDF730FB82214DF21520D8
:103D2000FDF72BFB01214DF21620FDF726FBCA21E2
:103D30004DF21720FDF721FB02214DF21820FDF76F
:103D40001CFB00214DF21920FDF717FB02214DF25B
:103D50001A20FDF712FB01214DF21B20FDF70DFB90
:103D600002214DF21C20FDF708FB34214DF21D20ED
:103D7000FDF703FB02214DF21E20FDF7FEFA67213D
:103D80004DF21F20FDF7F9FA02214DF22020FDF738
:103D9000F4FA84214DF22120FDF7EFFA02214DF2D1
:103DA0002220FDF7EAFAA4214DF22320FDF7E5FADF
:103DB00002214DF22420FDF7E0FAB7214DF2252033
:103DC000FDF7DBFA02214DF22620FDF7D6FACF21CE
:103DD0004DF22720FDF7D1FA02214DF22820FDF700
:103DE000CCFADE214DF22920FDF7C7FA02214DF26F
:103DF0002A20FDF7C2FAF2214DF22B20FDF7BDFA81
:103E000002214DF22C20FDF7B8FAFE214DF22D20B3
:103E1000FDF7B3FA03214DF22E20FDF7AEFA102183
:103E20004DF22F20FDF7A9FA03214DF23020FDF7C6
:103E3000A4FA33214DF23120FDF79FFA03214DF210
:103E40003220FDF79AFA6D214DF23320FDF795FAF5
:103E500000214FF45340FDF790FA33214DF2013029
:103E6000FDF78BFA00214DF20230FDF786FA34217E
:103E70004DF20330FDF781FA00214DF20430FDF7D9
:103E80007CFA3A214DF20530FDF777FA00214DF228
:103E90000630FDF772FA4A214DF20730FDF76DFA50
:103EA00000214DF20830FDF768FA5C214DF209302F
:103EB000FDF763FA00214DF20A30FDF75EFA812129
:103EC0004DF20B30FDF759FA00214DF20C30FDF7A1
:103ED00054FAA6214DF20D30FDF74FFA00214DF2B4
:103EE0000E30FDF74AFAE5214DF20F30FDF745FAA5
:103EF00001214DF21030FDF740FA13214DF211303F
:103F0000FDF73BFA01214DF21230FDF736FA54214C
:103F10004DF21330FDF731FA01214DF21430FDF767
:103F20002CFA82214DF21530FDF727FA01214DF2CE
:103F30001630FDF722FACA214DF21730FDF71DFAAF
:103F400002214DF21830FDF718FA00214DF2193018
:103F5000FDF713FA02214DF21A30FDF70EFA012196
:103F60004DF21B30FDF709FA02214DF21C30FDF72E
:103F700004FA34214DF21D30FDF7FFF902214DF214
:103F80001E30FDF7FAF967214DF21F30FDF7F5F904
:103F900002214DF22030FDF7F0F984214DF221305D
:103FA000FDF7EBF902214DF22230FDF7E6F9A421ED
:103FB0004DF22330FDF7E1F902214DF22430FDF7F7
:103FC000DCF9B7214DF22530FDF7D7F902214DF28A
:103FD0002630FDF7D2F9CF214DF22730FDF7CDF98C
:103FE00002214DF22830FDF7C8F9DE214DF22930CB
:103FF000FDF7C3F902214DF22A30FDF7BEF9F22197
:104000004DF22B30FDF7B9F902214DF22C30FDF7BE
:10401000B4F9FE214DF22D30FDF7AFF903214DF239
:104020002E30FDF7AAF910214DF22F30FDF7A5F93A
:1040300003214DF23030FDF7A0F933214DF231303C
:10404000FDF79BF903214DF23230FDF796F96D2112
:104050004DF23330FDF791F900214FF45440FDF754
:104060008CF933214DF20140FDF787F900214DF223
:104070000240FDF782F934214DF20340FDF77DF94E
:1040800000214DF20440FDF778F93A214DF2054048
:10409000FDF773F900214DF20640FDF76EF94A2154
:1040A0004DF20740FDF769F900214DF20840FDF798
:1040B00064F95C214DF20940FDF75FF900214DF2F2
:1040C0000A40FDF75AF981214DF20B40FDF755F9F1
:1040D00000214DF20C40FDF750F9A6214DF20D40A4
:1040E000FDF74BF900214DF20E40FDF746F9E521B1
:1040F0004DF20F40FDF741F901214DF21040FDF75F
:104100003CF913214DF21140FDF737F901214DF231
:104110001240FDF732F954214DF21340FDF72DF90D
:1041200001214DF21440FDF728F982214DF215408E
:10413000FDF723F901214DF21640FDF71EF9CA21C2
:104140004DF21740FDF719F902214DF21840FDF725
:1041500014F900214DF21940FDF70FF902214DF23B
:104160001A40FDF70AF901214DF21B4000E006E379
:10417000FDF703F902214DF21C40FDF7FEF8342152
:104180004DF21D40FDF7F9F802214DF21E40FDF7FA
:10419000F4F867214DF21F40FDF7EFF802214DF2D0
:1041A0002040FDF7EAF884214DF22140FDF7E5F8C3
:1041B00002214DF22240FDF7E0F8A4214DF2234008
:1041C000FDF7DBF802214DF22440FDF7D6F8B721C8
:1041D0004DF22540FDF7D1F802214DF22640FDF7C2
:1041E000CCF8CF214DF22740FDF7C7F802214DF260
:1041F0002840FDF7C2F8DE214DF22940FDF7BDF859
:1042000002214DF22A40FDF7B8F8F2214DF22B4081
:10421000FDF7B3F802214DF22C40FDF7AEF8FE2178
:104220004DF22D40FDF7A9F803214DF22E40FDF788
:10423000A4F810214DF22F40FDF79FF803214DF215
:104240003040FDF79AF833214DF23140FDF795F8F3
:1042500003214DF23240FDF790F86D214DF23340CD
:10426000FDF78BF800214FF45540FDF786F8332118
:104270004DF20150FDF781F800214DF20250FDF79B
:104280007CF834214DF20350FDF777F800214DF210
:104290000450FDF772F83A214DF20550FDF76DF824
:1042A00000214DF20650FDF768F84A214DF2075003
:1042B000FDF763F800214DF20850FDF75EF85C2130
:1042C0004DF20950FDF759F800214DF20A50FDF763
:1042D00054F881214DF20B50FDF74FF800214DF2BB
:1042E0000C50FDF74AF8A6214DF20D50FDF745F8A8
:1042F00000214DF20E50FDF740F8E5214DF20F5030
:10430000FDF73BF801214DF21050FDF736F813216F
:104310004DF21150FDF731F801214DF21250FDF729
:104320002CF854214DF21350FDF727F801214DF2DE
:104330001450FDF722F882214DF21550FDF71DF8BB
:1043400001214DF21650FDF718F8CA214DF2175011
:10435000FDF713F802214DF21850FDF70EF8002179
:104360004DF21950FDF709F802214DF21A50FDF7F0
:1043700004F801214DF21B50FCF7FFFF02214DF222
:104380001C50FCF7FAFF34214DF21D50FCF7F5FFED
:1043900002214DF21E50FCF7F0FF67214DF21F5035
:1043A000FCF7EBFF02214DF22050FCF7E6FF8421E1
:1043B0004DF22150FCF7E1FF02214DF22250FCF7B3
:1043C000DCFFA4214DF22350FCF7D7FF02214DF270
:1043D0002450FCF7D2FFB7214DF22550FCF7CDFF5A
:1043E00002214DF22650FCF7C8FFCF214DF2275095
:1043F000FCF7C3FF02214DF22850FCF7BEFFDE217F
:104400004DF22950FCF7B9FF02214DF22A50FCF77A
:10441000B4FFF2214DF22B50FCF7AFFF02214DF219
:104420002C50FCF7AAFFFE214DF22D50FCF7A5FF02
:1044300003214DF22E50FCF7A0FF10214DF22F501A
:10444000FCF79BFF03214DF23050FCF796FF332120
:104450004DF23150FCF791FF03214DF23250FCF741
:104460008CFF6D214DF23350FCF787FF00214FF494
:104470005640FCF782FF33214DF20160FCF77DFFCF
:1044800000214DF20260FCF778FF34214DF2036009
:10449000FCF773FF00214DF20460FCF76EFF3A2138
:1044A0004DF20560FCF769FF00214DF20660FCF754
:1044B00064FF4A214DF20760FCF75FFF00214DF2D7
:1044C0000860FCF75AFF5C214DF20960FCF755FFCC
:1044D00000214DF20A60FCF750FF81214DF20B6084
:1044E000FCF74BFF00214DF20C60FCF746FFA621C4
:1044F0004DF20D60FCF741FF00214DF20E60FCF71C
:104500003CFFE5214DF20F60FCF737FF01214DF232
:104510001060FCF732FF13214DF21160FCF72DFF04
:1045200001214DF21260FCF728FF54214DF2136077
:10453000FCF723FF01214DF21460FCF71EFF8221DE
:104540004DF21560FCF719FF01214DF21660FCF7E2
:1045500014FFCA214DF21760FCF70FFF02214DF244
:104560001860FCF70AFF00214DF21960FCF705FF07
:1045700002214DF21A60FCF700FF01214DF21B6091
:10458000FCF7FBFE02214DF21C60FCF7F6FE342125
:104590004DF21D60FCF7F1FE02214DF21E60FCF7AA
:1045A000ECFE67214DF21F60FCF7E7FE02214DF2A1
:1045B0002060FCF7E2FE84214DF22160FCF7DDFE75
:1045C00002214DF22260FCF7D8FEA4214DF22360B7
:1045D000FCF7D3FE02214DF22460FCF7CEFEB7219A
:1045E0004DF22560FCF7C9FE02214DF22660FCF772
:1045F000C4FECF214DF22760FCF7BFFE02214DF231
:104600002860FCF7BAFEDE214DF22960FCF7B5FE0A
:1046100002214DF22A60FCF7B0FEF2214DF22B6030
:10462000FCF7ABFE02214DF22C60FCF7A6FEFE214A
:104630004DF22D60FCF7A1FE03214DF22E60FCF738
:104640009CFE10214DF22F60FCF797FE03214DF2E6
:104650003060FCF792FE33214DF23160FCF78DFEA5
:1046600003214DF23260FCF788FE6D214DF233607C
:10467000FCF783FE55214FF47040FCF77EFEAA2123
:104680004FF20100FCF779FE52214FF20200FCF7D5
:1046900074FE08214FF20300FCF76FFE00214FF279
:1046A0000400FCF76AFECC214FF43140FCF765FEB4
:1046B00000214BF20110FCF760FE05214FF436405B
:1046C000FCF75BFE70214FF43740FCF756FE70217B
:1046D0004BF20170FCF751FE01214FF43840FCF71A
:1046E0004CFE03214BF60100FCF747FE03214BF67D
:1046F0000200FCF742FE03214BF60300FCF73DFEEF
:1047000002214FF43C40FCF738FE00214BF60140FB
:10471000FCF733FE00214BF60240FCF72EFED021C1
:104720004FF44940FCF729FE02214CF60110FCF73A
:1047300024FE50214CF60210FCF71FFE50214CF6CF
:104740000310FCF71AFE50214CF60410FCF715FE7E
:1047500000214FF45450FCF710FE55214FF46850DF
:10476000FCF70BFE4FF48850FCF7ECFD782005F0C9
:104770002CFC4FF42450FCF7E5FD01F05EB9FE4837
:10478000808849F2253188427ED147F6F001E52044
:10479000FCF7F3FD4FF480710120FCF7EEFD4FF4C0
:1047A000E0610220FCF7E9FD41F230010320FCF753
:1047B000E4FD00210420FCF7E0FD40F20221082086
:1047C000FCF7DBFD00210920FCF7D7FD00210A20C2
:1047D000FCF7D3FD00210C20FCF7CFFD00210D20BC
:1047E000FCF7CBFD00210F20FCF7C7FD00211020B6
:1047F000FCF7C3FD07211120FCF7BFFD00211220AB
:10480000FCF7BBFD00211320FCF7B7FD00210720BA
:10481000FCF7B3FD41F290611020FCF7AEFD40F2D1
:1048200027211120FCF7A9FD9D211220FCF7A5FDF1
:104830004FF4C8511320FCF7A0FD25212920FCF7D7
:104840009CFD0D212B20FCF798FD07213020FCF763
:1048500094FD40F203313120FCF78FFD032132201B
:10486000FCF78BFD40F206213520FCF786FD082180
:104870003620FCF782FD40F206413720FCF77DFD33
:104880004FF44171382000E057E0FCF776FD072136
:104890003920FCF772FD40F202613C20FCF76DFD0F
:1048A00008213D20FCF769FD00215020FCF765FD43
:1048B000EF215120FCF761FD00215220FCF75DFD46
:1048C00040F23F115320FCF758FD4FF42741602080
:1048D000FCF753FD01216120FCF74FFD00216A2008
:1048E000FCF74BFD00218020FCF747FD00218120D3
:1048F000FCF743FD00218220FCF73FFD00218320CF
:10490000FCF73BFD00218420FCF737FD00218520CA
:10491000FCF733FD10219020FCF72FFD4FF4C06110
:104920009220FCF72AFD40F233110720FCF725FD09
:1049300022210020FCF721FD1FE78F48808849F2E3
:10494000283188427ED141F28F01EC20FCF715FD21
:1049500041F23421EF20FCF710FD4FF4807101206B
:10496000FCF70BFD4FF4E0610220FCF706FD41F27D
:1049700030010320FCF701FD00210420FCF7FDFCC1
:1049800040F202210820FCF7F8FC00210920FCF786
:10499000F4FC00210A20FCF7F0FC01210C20FCF7BC
:1049A000ECFC00210D20FCF7E8FC00210F20FCF7B7
:1049B000E4FC00211020FCF7E0FC07211120FCF7AB
:1049C000DCFC00211220FCF7D8FC00211320FCF7AE
:1049D000D4FC01210720FCF7D0FC322005F01FFB9E
:1049E00041F290411020FCF7C8FC40F22721112031
:1049F000FCF7C3FC322005F012FB8A211220FCF7E1
:104A0000BCFC322005F00BFB4FF4D0511320FCF717
:104A1000B4FC06212920FCF7B0FC0D212B20FCF76B
:104A2000ACFC322005F0FBFA00212020FCF7A5FCAD
:104A300000212120FCF7A1FC322005F0F0FA002132
:104A4000302000E074E0FCF798FC40F20461312073
:104A5000FCF793FC40F205313220FCF78EFC00217C
:104A60003520FCF78AFC40F609413620FCF785FC2E
:104A70004FF401713720FCF780FC40F201313820FF
:104A8000FCF77BFC40F207713920FCF776FC002133
:104A90003C20FCF772FC40F60A213D20FCF76DFC3F
:104AA000322005F0BCFA00215020FCF766FCEF2113
:104AB0005120FCF762FC00215220FCF75EFC40F222
:104AC0003F115320FCF759FC4FF427416020FCF7BD
:104AD00054FC01216120FCF750FC00216A20FCF706
:104AE0004CFC00218020FCF748FC00218120FCF7D1
:104AF00044FC00218220FCF740FC00218320FCF7CD
:104B00003CFC00218420FCF738FC00218520FCF7C8
:104B100034FC10219020FCF730FC4FF4C06192204F
:104B2000FCF72BFC40F233110720FCF726FC24E6AF
:104B30001148808849F2203188427DD10021084601
:104B4000FCF71BFC4FF480710120FCF716FC4FF4BE
:104B5000E0610220FCF711FC41F230010320FCF778
:104B60000CFC00210420FCF708FC40F20221082084
:104B7000FCF703FC002101E0A04300200920FCF722
:104B8000FCFB00210A20FCF7F8FB01210C20FCF7BC
:104B9000F4FB00210D20FCF7F0FB00210F20FCF7B7
:104BA000ECFB322005F03BFA40F201110720FCF744
:104BB000E4FB322005F033FA4FF486511020FCF765
:104BC000DCFB07211120FCF7D8FB4FF48871122081
:104BD000FCF7D3FB4FF430611320FCF7CEFB002130
:104BE0002920FCF7CAFB44F210012B20FCF7C5FB7F
:104BF00000215020FCF7C1FBEF215120FCF7BDFB49
:104C000000215220FCF7B9FB40F23F115320FCF782
:104C1000B4FB4FF41C516020FCF7AFFB0121612075
:104C2000FCF7ABFB00216A20FCF7A7FB00218020EA
:104C3000FCF7A3FB002100E031E08120FCF79DFBA5
:104C400000218220FCF799FB00218320FCF795FBD3
:104C500000218420FCF791FB00218520FCF78DFBCF
:104C600010219020FCF789FB00219220FCF785FBA6
:104C700001219320FCF781FB4FF488719520FCF70C
:104C80007CFB00219720FCF778FB00219820FCF7A3
:104C900074FB40F273110720FCF76FFB6DE5FE48D3
:104CA000808849F2313188427DD141F21401E720F8
:104CB000FCF763FB4FF480710120FCF75EFB4FF4BF
:104CC00000710220FCF759FB41F238010320FCF788
:104CD00054FB40F202210820FCF74FFB0021092081
:104CE000FCF74BFB00210A20FCF747FB00210C20BE
:104CF000FCF743FB00210D20FCF73FFB00210F20B8
:104D0000FCF73BFB00211020FCF737FB07211120AB
:104D1000FCF733FB00211220FCF72FFB00211320AE
:104D2000FCF72BFBC82005F07AF941F290611020C6
:104D3000FCF723FB40F227211120FCF71EFB322059
:104D400005F06DF90C211220FCF717FB322005F05D
:104D500066F94FF400611320FCF70FFB11212920A5
:104D6000FCF70BFB0B212B20FCF707FB322005F097
:104D700056F900212020FCF700FB40F23F112120D2
:104D8000FCF7FBFA00213020FCF7F7FA4FF48371AF
:104D90003120FCF7F2FA00213220FCF7EEFA4FF452
:104DA0000171352000E064E0FCF7E7FA41F20A61A6
:104DB0003620FCF7E2FA40F207713720FCF7DDFA03
:104DC0004FF483713820FCF7D8FA40F2077139208C
:104DD000FCF7D3FA40F202413C20FCF7CEFA40F651
:104DE0000F413D20FCF7C9FA00215020FCF7C5FA1D
:104DF000EF215120FCF7C1FA00215220FCF7BDFA47
:104E000040F23F115320FCF7B8FA4FF41C516020D8
:104E1000FCF7B3FA01216120FCF7AFFA00216A2008
:104E2000FCF7ABFA00218020FCF7A7FA00218120D3
:104E3000FCF7A3FA00218220FCF79FFA00218320CF
:104E4000FCF79BFA00218420FCF797FA00218520CB
:104E5000FCF793FA10219020FCF78FFA4FF4C06111
:104E60009220FCF78AFA40F233110720FCF785FA0A
:104E700083E48948808845F2084188427ED14FF416
:104E800080710120FCF779FA4FF4E0610220FCF711
:104E900074FA41F230010320FCF76FFA002104207C
:104EA000FCF76BFA40F207210820FCF766FA0021B4
:104EB0000920FCF762FA00210A20FCF75EFA0021C3
:104EC0000C20FCF75AFA00210D20FCF756FA0021BD
:104ED0000F20FCF752FA142005F0A1F841F2B0615E
:104EE0001020FCF74AFA01211120FCF746FA0121B3
:104EF0001720FCF742FA4FF49C711220FCF73DFAA0
:104F00004FF400611320FCF738FA09212920FCF73F
:104F100034FA09212A20FCF730FA0021A420FCF7FA
:104F20002CFA00215020FCF728FAEF215120FCF741
:104F300024FA00215220FCF720FA40F23F115320BE
:104F4000FCF71BFA4FF41C516020FCF716FA012104
:104F50006120FCF712FA00216A20FCF70EFA00210A
:104F60008020FCF70AFA00218120FCF706FA0021D4
:104F70008220FCF702FA0021832000E023E0FCF706
:104F8000FCF900218420FCF7F8F900218520FCF7CA
:104F9000F4F913219020FCF7F0F900219220FCF79E
:104FA000ECF903219320FCF7E8F94FF48871952080
:104FB000FCF7E3F940F273110720FCF7DEF9322029
:104FC00005F02DF8B8E43448808841F20551884254
:104FD0007ED100210720FCF7D0F9322005F01FF820
:104FE0004FF48E711220FCF7C8F90121A420FCF7C0
:104FF000C4F90F210820FCF7C0F908210A20FCF7AA
:10500000BCF908210D20FCF7B8F940F207713020F7
:10501000FCF7B3F907213120FCF7AFF940F2036147
:105020003220FCF7AAF94FF4E0613320FCF7A5F930
:1050300040F202213420FCF7A0F902213520FCF7D0
:105040009CF941F60F713620FCF797F940F2077191
:105050003720FCF792F900213820FCF78EF9002167
:105060003920FCF78AF940F207713A20FCF785F9FC
:1050700000213B20FCF781F907213C20FCF77DF95A
:1050800000213D20FCF779F9322004F0C8FF01210E
:105090000720FCF772F901E0A0430020012117204E
:1050A000FCF76BF9322004F0BAFF4FF4BD51102029
:1050B000FCF763F940F217211120FCF75EF94FF479
:1050C0008F711220FCF759F94FF47061132000E042
:1050D00097E0FCF752F900212A20FCF74EF90A214B
:1050E0002920FCF74AF94FF49F711220FCF745F98B
:1050F00000215020FCF741F9EF215120FCF73DF948
:1051000000215220FCF739F940F23F115320FCF7FF
:1051100034F94FF41C516020FCF72FF90121612074
:10512000FCF72BF900216A20FCF727F900218020E9
:10513000FCF723F900218120FCF71FF900218220D0
:10514000FCF71BF900218320FCF717F900218420CC
:10515000FCF713F900218520FCF70FF913219020AB
:10516000FCF70BF94FF440719220FCF706F905218A
:105170009320FCF702F900219520FCF7FEF80021AE
:105180009720FCF7FAF800219820FCF7F6F84FF486
:1051900080710120FCF7F1F84FF4E0610220FCF788
:1051A000ECF841F238010320FCF7E7F80021042075
:1051B000FCF7E3F800210C20FCF7DFF800210F20BA
:1051C000FCF7DBF800212020FCF7D7F80021212094
:1051D000FCF7D3F821210720FCF7CFF8142004F0C6
:1051E0001EFF61210720FCF7C8F8142004F017FF08
:1051F00040F273110720FCF7C0F8142004F00FFFF1
:1052000095E4FE4880884BF2055188427ED100210A
:105210000846FCF7B2F800210846FCF7AEF800217A
:105220000846FCF7AAF800210846FCF7A6F8012179
:10523000A420FCF7A2F8142004F0F1FE4FF41C5156
:105240006020FCF79AF840F202210820FCF795F85C
:105250004FF405713020FCF790F843F215713120BE
:10526000FCF78BF840F204613220FCF786F840F638
:1052700016613320FCF781F842F211213420FCF74B
:105280007CF84FF4A8513520FCF777F848F2075125
:105290003620FCF772F841F207413720FCF76DF831
:1052A00041F203413820FCF768F820213920FCF74F
:1052B00064F81A219020FCF760F800211020FCF718
:1052C0005CF807211120FCF758F800211220FCF7A8
:1052D00054F800211320FCF750F8142004F09FFE2E
:1052E0004FF4E6611020FCF748F840F23711112026
:1052F000FCF743F8142004F092FE4FF4DC71122006
:10530000FCF73BF8142004F08AFE00E083E04FF441
:1053100070611320FCF731F880212A20FCF72DF86A
:1053200048212920FCF729F8142004F078FE4FF4D6
:1053300080710120FCF721F84FF4E0610220FCF7B6
:105340001CF841F238010320FCF717F840F2022163
:105350000820FCF712F800210A20FCF70EF80021C3
:105360000C20FCF70AF800210D20FCF706F830218C
:105370000E20FCF702F800215020FBF7FEFFEF2182
:105380005120FBF7FAFF00215220FBF7F6FF40F215
:105390003F115320FBF7F1FF4FF41C516020FBF746
:1053A000ECFF01216120FBF7E8FF00216A20FBF7F9
:1053B000E4FF11219020FBF7E0FF4FF4C061922041
:1053C000FBF7DBFF40F202419320FBF7D6FF0221FF
:1053D0009420FBF7D2FF142004F021FE01210720C6
:1053E000FBF7CBFF142004F01AFE61210720FBF726
:1053F000C4FF40F273110720FBF7BFFF00212020FC
:10540000FBF7BBFF00212120FBF7B7FF2221002083
:10541000FBF7B3FF11E3794880884CF205518842CD
:105420007ED100210846FBF7A8FF00210846FBF7C4
:10543000A4FF142004F0F3FD00210846FBF79DFFB4
:1054400000210846FBF799FF00210846FBF795FF6E
:1054500000210846FBF791FF0121A420FBF78DFFF7
:10546000142004F0DCFD4FF41C516020FBF785FF95
:1054700040F606010820FBF780FF40F20371302060
:10548000FBF77BFF01213120FBF777FF042132205E
:10549000FBF773FF4FF481713320FBF76EFF4FF47E
:1054A00040713420FBF769FF40F203113520FBF710
:1054B00064FF1F213620FBF760FF40F203713720A5
:1054C000FBF75BFF01213820FBF757FF0421392050
:1054D000FBF753FF15219020FBF74FFF4FF482613C
:1054E0001020FBF74AFF40F247211120FBF745FF50
:1054F0004FF4DE711220FBF740FF4FF46061132080
:10550000FBF73BFF782004F08AFD4FF48071012007
:10551000FBF733FF4FF400710220FBF72EFF00E092
:1055200050E041F230010320FBF727FF08210A2059
:10553000FBF723FF00210C20FBF71FFF20210E208B
:10554000FBF71BFF00210F20FBF717FF0021202096
:10555000FBF713FF00212120FBF70FFF3D212A203D
:10556000FBF70BFF142004F05AFD2D212920FBF737
:1055700004FF00215020FBF700FF4DF2EF01512006
:10558000FBF7FBFE00215220FBF7F7FE40F23F1134
:105590005320FBF7F2FE00216120FBF7EEFE002115
:1055A0006A20FBF7EAFE4FF440719220FBF7E5FE1C
:1055B00005219320FBF7E1FE4FF480710720FBF7F4
:1055C000DCFE3AE20D48808844F2315188427CD1B9
:1055D00001210020FBF7D1FE0A2004F020FD41F25A
:1055E00028611020FBF7C9FE0E211220FBF7C5FE33
:1055F00040F639211320FBF7C0FE01E0A043002054
:105600000A2004F00CFD40211120FBF7B6FE5021CA
:105610001520FBF7B2FE0A2004F001FD1E21122026
:10562000FBF7ABFE0A2004F0FAFC4FF4B151102056
:10563000FBF7A3FE42F639211320FBF79EFE0A205A
:1056400004F0EDFC4FF480710120FBF796FE4FF45F
:1056500040710220FBF791FE41F238010320FBF775
:105660008CFE40F202210820FBF787FE08210A2069
:10567000FBF783FE00213020FBF77FFE40F2024162
:105680003120FBF77AFE4FF483713220FBF775FE71
:1056900040F203513320FBF770FE4FF48271342047
:1056A000FBF76BFE40F201313520FBF766FE40F25E
:1056B00007713620FBF761FE40F205313720FBF71A
:1056C0005CFE4FF40271382000E040E0FBF755FE2D
:1056D00040F60B713920FBF750FE02214120FBF709
:1056E0004CFE4FF41C516020FBF747FE0121612066
:1056F000FBF743FE4FF404719020FBF73EFE4FF49E
:1057000085719220FBF739FE04219320FBF735FECB
:105710004FF48071A020FBF730FE01210720FBF73A
:105720002CFE21210720FBF728FE23210720FBF771
:1057300024FE33210720FBF720FE40F2331107201F
:10574000FBF71BFE0021A020FBF717FE75E1F848D0
:10575000808844F2355188427ED130211520FBF7F4
:105760000CFE10219A20FBF708FE20211120FBF7E8
:1057700004FE43F228411020FBF7FFFD0221122016
:10578000FBF7FBFD41F238011320FBF7F6FD282063
:1057900004F045FC12210846FBF7EFFD282004F039
:1057A0003EFC43F220411020FBF7E7FD43F23801B5
:1057B0001320FBF7E2FD462004F031FC00213020ED
:1057C000FBF7DBFD40F202413120FBF7D6FD40F252
:1057D00007313220FBF7D1FD4FF441713320FBF745
:1057E000CCFD04213420FBF7C8FD40F201413520F7
:1057F000FBF7C3FD40F207713620FBF7BEFD40F218
:1058000005313720FBF7B9FD4FF4C2613820FBF7B3
:10581000B4FD4FF4C2613920FBF7AFFD4FF4807146
:105820000120FBF7AAFD4FF440710220FBF7A5FD14
:1058300041F230010320FBF7A0FD40F608010820EB
:10584000FBF79BFD08210A20FBF797FD4FF41C5145
:105850006020FBF792FD00E031E001216120FBF7C1
:105860008CFD4FF49F719020FBF787FD4FF4807102
:105870009220FBF782FD4FF480719320FBF77DFDB2
:105880004FF44051A020FBF778FD1021A320FBF737
:1058900074FD01210720FBF770FD21210720FBF794
:1058A0006CFD23210720FBF768FD33210720FBF760
:1058B00064FD40F233110720FBF75FFDBDE09C481B
:1058C000808841F663118842F8D1E220FBF73AFD67
:1058D0001D20FBF740FD0220FBF73DFD0420FBF7F8
:1058E0003AFD642004F071FBE020FBF72BFD012062
:1058F000FBF731FD0A2004F092FBE020FBF722FDCC
:105900000320FBF728FD0C2004F089FB0120FBF7A6
:1059100019FD0A2004F083FBE620FBF713FD2F207E
:10592000FBF719FDFF20FBF716FDFF20FBF713FD2A
:10593000B020FBF707FD2020FBF70DFD0020FBF753
:105940000AFD0320FBF707FD40F21F30FBF703FDC4
:105950000120FBF700FD40F2DF10FBF7FCFC00200C
:10596000FBF7F9FCB420FBF7EDFC0420FBF7F3FC9C
:1059700040F21F40FBF7EFFC0020FBF7ECFC2E2071
:10598000FBF7E9FC1D20FBF7E6FC0020FBF7E3FC3E
:105990000020FBF7E0FC0020FBF7DDFCB620FBF766
:1059A000D1FC0220FBF7D7FC4FF40370FBF7D3FCCC
:1059B0000020FBF7D0FC1720FBF7CDFC1520FBF7F0
:1059C000CAFC0020FBF7C7FC0020FBF7C4FCF0205A
:1059D000FBF7B8FC0320FBF7BEFC2920FBF7B2FC69
:1059E000D020FBF7AFFC0020FBF7B5FCBE20FBF797
:1059F000A9FC0520FBF7AFFCFE20FBF7ACFC012067
:105A0000FBF7A9FC0020FBF7A6FC0020FBF7A3FC9A
:105A10000020FBF7A0FCB820FBF794FC0320FBF769
:105A20009AFC0120FBF797FCBA20FBF78BFC0120C6
:105A3000FBF791FC6420FCF70BF90120FCF734F92B
:105A400001203C4908604FF6FF70FCF71CFB21B0B9
:105A500000BD2DE9FC4F05460E4617469846DDF879
:105A60002C90002001903248808846F6040188423C
:105A700029D12F488079012825D1AB4635462C48BD
:105A80000088C01B401E86B2474629480088A0EB0C
:105A90000B00401E1FFA80F80020254988712A203B
:105AA00048812B20888143463A4631462846CDF826
:105AB0000090FFF7CEFF01201D4988712B204881FF
:105AC0002A2088811DE0781B401C80B2019034465A
:105AD00015E021462846FBF784FCFBF765FC4FF0F8
:105AE000000A07E04FF0D840A0F880900AF10100CA
:105AF0001FFA80FA01988245F4DB601C84B24445A9
:105B0000E7DDBDE8FC8F2DE9F84F07460D469046CE
:105B10009946DDF828B0A8EB0700401C1FFA80FA70
:105B2000A9EB0500401C80B20090002419E00000A1
:105B3000A0430020BC824042281981B23846FBF7BE
:105B400050FCFBF731FC002607E004FB0A603BF841
:105B50001000F8490880701C86B25645F5DB601CC1
:105B600084B200988442E7DBBDE8F88F2DE9FF4F4F
:105B700084B081468A460020039002900698A0EBEC
:105B800009050798A0EB0A06CDF80490CDF800A00F
:105B9000002D01DD012705E00DB9002702E04FF0DF
:105BA000FF376D42002E02DD4FF0010806E016B906
:105BB0004FF0000802E04FF0FF387642B54201DDB9
:105BC0002C4600E034464FF0000B21E0009A91B2E1
:105BD000019A90B2FBF76CFF039828440390029857
:105BE000304402900398A04205DD0398001B039007
:105BF0000198384401900298A04205DD0298001BEC
:105C000002900098404400900BF101001FFA80FBC5
:105C1000601C8345DADD08B0BDE8F08FF0B50446BE
:105C20000D4616461F462B46324629462046FFF7AC
:105C30009DFF3B46224629462046FFF797FF3B46FD
:105C4000324639462046FFF791FF3B463246294609
:105C50003046FFF78BFFF0BD2DE9F04306460F46B7
:105C60009046002445460320A0EB48093CE07A1BFF
:105C700091B2321990B2FBF71BFF3A1B91B2721925
:105C800090B2FBF715FF3A1991B2721990B2FBF777
:105C90000FFF7A1991B2321990B2FBF709FF7A1906
:105CA00091B2321B90B2FBF703FF3A1991B2721B0B
:105CB00090B2FBF7FDFE7A1B91B2321B90B2FBF75C
:105CC000F7FE3A1B91B2721B90B2FBF7F1FE641C17
:105CD000B9F1000F03DAA000801D814404E0601BCD
:105CE00080000A3081446D1EAC42C0DDBDE8F08307
:105CF0002DE9F84F80460E4617461C46B34620460F
:105D0000E31704EB5373DB1021464FEAE47C04EB0A
:105D10005C7C4FEAEC0CA4EBCC0CBCF1000F02D085
:105D20004FF0010C01E04FF0000C6344224604EBFD
:105D3000D27C4FEA6C0C03FB0CF3DBB20093A7F1AF
:105D40002000C7B2002556E00C2C07D107EB470016
:105D5000794901EB800010F8059013E0102C05D173
:105D6000764800EB071010F805900BE0182C07D1CF
:105D700007EBC700724901EB800010F8059001E0C5
:105D8000BDE8F88F4FF0000A2FE009F0800030B135
:105D90006C48028831464046FBF798FE07E00A98B7
:105DA00028B96948028831464046FBF78FFE4FEA22
:105DB00049604FEA1069701C86B264484088B0425E
:105DC00000DCDDE7A6EB0B00A0420AD15E4608F13D
:105DD00001001FFA80F85D480088404500DCCFE7ED
:105DE00006E00AF1010000F0FF0ABAF1080FCCDB6F
:105DF00000BF681CC5B200988542A5DB00BFBFE7A5
:105E000010B50246012000E050430B1EA1F1010431
:105E1000E1B2F9D110BD2DE9FF4F81B0074691469F
:105E20001E460E9D4FF0000A002439E0301B401E34
:105E3000C1B20A20FFF7E4FFB9FBF0F00A21B0FB82
:105E4000F1F201FB1208BAF1000F16D1701EA04248
:105E500013DDB8F1000F0ED10020AB4605EBDB716E
:105E6000491001FB0471009088B22B462022029950
:105E7000FFF73EFF12E04FF0010A0020AB4605EBB2
:105E8000DB71491001FB0471009088B208F1300108
:105E9000CAB22B460299FFF72BFF00BF601CC4B2A9
:105EA000B442C3DB05B0BDE8F08F2DE9FF4F82B0EF
:105EB000064692461F46DDE90F4800200190002566
:105EC0005CE0781B401EC1B20A20FFF799FFBAFBC5
:105ED000F0F00A21B0FBF1F201FB1209019840BB7E
:105EE000781EA84236DDB9F1000F31D108F08000EC
:105EF00078B108F00100A34604EBDB71491001FB07
:105F00000561009088B2234630220399FFF7F0FE26
:105F10000EE008F00100A34604EBDB71491001FB21
:105F20000561009088B2234620220399FFF7E0FE26
:105F300022E00FE08000006CCAD801083EDD0108B5
:105F40002EE301082200002024000020A0430020AE
:105F50000120019008F00100A34604EBDB71491019
:105F600001FB0561009088B209F13001CAB22346F5
:105F70000399FFF7BDFE00BF681CC5B2BD42A0DBA0
:105F800006B0BDE8F08F2DE9F84704460D4690466F
:105F90009946DDE9096704F0FF0A08EB04001FFADF
:105FA00080F809EB05001FFA80F916E0444502DB92
:105FB0005446A81985B24D4500DB14E0002000903E
:105FC0003A78334629462046FFF792FE304606EBE4
:105FD000D07104EB61018CB27F1C38787E2802DC22
:105FE00038782028E2DA00BFBDE8F88700B599B01C
:105FF0000121782003F0ECF94FF63370179002205E
:106000008DF8600003208DF8610000208DF862009B
:1060100001208DF8630017A9994802F03BFF4FF665
:106020008370179017A9974802F034FF4FF23F0092
:10603000179017A9944802F02DFF40F23F401790A7
:1060400017A9924802F026FF0C2200218C4802F08A
:10605000ACFF0C2201218A4802F0A7FF0C22042188
:10606000874802F0A2FF0C220521854802F09DFF1F
:106070000C220821824802F098FF0C220921804856
:1060800002F093FF0C220A217D4802F08EFF0C22C1
:106090000B217B4802F089FF0C221146784802F060
:1060A00084FF0C220D21764802F07FFF0C220E2186
:1060B000734802F07AFF0C220F21714802F075FF3D
:1060C0000C2200216F4802F070FF0C2201216D4864
:1060D00002F06BFF0C2207216A4802F066FF0C22D7
:1060E0000821684802F061FF0C220921654802F08E
:1060F0005CFF0C220A21634802F057FF0C220B219F
:10610000604802F052FF0C2211465E4802F04DFF3B
:106110000C220D215B4802F048FF0C220E21594849
:1061200002F043FF0C220F21564802F03EFF0C22E2
:106130000021554802F039FF0C220121524802F09B
:1061400034FF0C220221504802F02FFF0C220321C1
:106150004D4802F02AFF0C2204214B4802F025FF93
:106160000C220521484802F020FF0C221146464827
:1061700002F01BFF0C220D21434802F016FF0C22F7
:106180000E21414802F011FF0C220F213E4802F07F
:106190000CFF0C2200213D4802F007FF0C220121D8
:1061A0003A4802F002FF0C220221384802F0FDFEBC
:1061B0000C220321354802F0F8FE0C22042133485A
:1061C00002F0F3FE0C220521304802F0EEFE0C2214
:1061D0000A212E4802F0E9FE0020019002900920D9
:1061E00003900020049005900690079004200890EA
:1061F000002009900A9010200B9000200C900D9028
:106200000E900F9010904FF480501190002012903B
:106210001390149001A81590169008A802F0EBFABC
:106220000121042002F072FB19B000BD10B506E098
:1062300004784FF0D0435C54491C401C521E002A85
:10624000F6D110BD06E04FF0D0435B5C00F8013B97
:10625000491C521E002AF6D1704713B5044601228C
:10626000214601A8FFF7E2FF1CBD18B50446012234
:1062700021466846FFF7E6FF9DF8000018BD0000C4
:10628000000C0240001002400014024000180240BE
:1062900010B500F0BBF810BD70B50446002600F044
:1062A000D4F82546E11704EB11610912A02202EB94
:1062B0004101C8B200F075F900F008F9E11704EBEC
:1062C00011610912A4EB0121C8B200F06AF900F0D3
:1062D000FDF800F0BAF8A12000F063F900F0F6F83C
:1062E000002000F08BF9064600F0D1F8304670BD72
:1062F00070B504460E4600F0A8F82546E11704EBF9
:1063000011610912A02202EB4101C8B200F049F963
:1063100000F0DCF8E11704EB11610912A4EB012194
:10632000C8B200F03EF900F0D1F8304600F039F97B
:1063300000F0CCF800F0ABF80A2003F070FE70BD5E
:106340002DE9F04105460E461746002409E0E2001B
:1063500026FA02F2D1B22A1990B2FFF7C9FF601CE7
:10636000C4B2BC42F3DBBDE8F0812DE9F041074641
:106370000C460026002509E036023919491B491E42
:1063800088B2FFF789FF0644681CC5B2A542F3DB5B
:106390003046BDE8F08110B5FF20FFF77DFF0446D1
:1063A000552C01D1002010BD5521FF20FFF7A0FF83
:1063B000FF20FFF771FF0446552C01D10020F2E7C2
:1063C0000120F0E770B506460C46154608E0304659
:1063D000721C96B2FFF760FF04F8010B681E85B2CD
:1063E000002DF4D170BD70B505460C46164606E08A
:1063F00021782846FFF77CFF681C85B2641C301E9C
:10640000A6F101018EB2F3D170BD00001CB50121CF
:10641000022002F0DDFF4FF44070009001208DF863
:10642000040003208DF8050000208DF806000120EF
:106430008DF807006946894802F02CFD0120884943
:1064400008608849C1F8A4021CBD10B583480068E3
:1064500020F44020814908600846006840F480200C
:10646000086001207E49091D08607E49C1F8A0022C
:10647000042003F0AAFD00207949091D08600420CA
:1064800003F0A3FD00207749C1F8A00210BD10B5AC
:106490007248006820F4402070490860084600688F
:1064A00040F48020086000206D4908606D49C1F803
:1064B000A402042003F089FD0120694908606949AC
:1064C000C1F8A402042003F080FD10BD10B5002423
:1064D0006248006820F4402060490860084600686F
:1064E000086001205E49091D086003F06EFD01206F
:1064F0005C49C1F8A00203F068FD07E0601CC4B26B
:10650000FA2C03DDFFF7C3FF012010BD54487C388F
:1065100000680028F2D15249086000BFF5E710B5C5
:1065200000204F4908604D48006820F440204B4946
:1065300008600846006840F480200860002049494F
:10654000C1F8A402022003F040FD01204449086084
:10655000022003F03AFD00204249C1F8A00210BD1C
:1065600010B500203E4908603C48006820F44020F7
:106570003A4908600846006840F48020086001201D
:106580003849C1F8A402022003F01FFD012034495C
:106590000860022003F019FD00203249C1F8A00272
:1065A00010BD70B504462D48006820F440202B49EA
:1065B00008600846006840F48020086000202849F0
:1065C0000860002517E0E0092549091D08606006FC
:1065D000040E022003F0F9FC01202249C1F8A002B8
:1065E000022003F0F2FC00201D490860022003F0A5
:1065F000ECFC681CC5B2082DE5DB70BD70B5054626
:1066000000241648006820F4402014490860084619
:1066100000680860002616E000201149086002208A
:1066200003F0D3FC01200F49C1F8A0026006040E5C
:106630000B487C38006808B1601CC4B2012003F02C
:10664000C4FC701CC6B2082EE6DB15B9FFF788FF44
:1066500001E0FFF764FF204670BD00000004024027
:10666000A08240420080404210B5052003F0ADFCFE
:1066700010BD1CB50121222002F0AAFE01200090CD
:106680008DF8040003208DF8050000208DF8060029
:1066900001208DF807006946844802F0FBFB4FF4A7
:1066A000006000906946824802F0F4FB01208149B5
:1066B00008608149C1F8AC021CBD10B57C48006877
:1066C00020F440007A4908600846006840F48000E1
:1066D00008600120794908607949C1F880021420D6
:1066E00003F073FC002075490860FFF7BDFF002030
:1066F0007349C1F8800210BD10B56D48006820F4E0
:1067000040006B4908600846006840F4800008605B
:10671000012068490860142003F057FC00206649F6
:10672000C1F8AC02FFF7A0FF01206449086010BD6A
:1067300010B500245E48006820F440005C49086001
:1067400008460068086001205C4908605C49C1F89F
:1067500080020AE0601CC4B2FA2C03DDFFF7CCFF14
:10676000012010BD012003F030FC5448803800683F
:106770000028EFD14F49086000BFF2E710B50020B4
:106780004C4908604A48006820F4400048490860C5
:106790000846006840F480000860FFF765FF0020AD
:1067A0004549C1F8AC02FFF75FFF0120414908608D
:1067B000FFF75AFF00204249C1F8800210BD10B512
:1067C00000203C4908603A48006820F440003849FD
:1067D00008600846006840F480000860FFF744FF46
:1067E00001203549C1F8AC02FFF73EFF01203149D5
:1067F0000860FFF739FF00203149C1F8800210BD61
:1068000070B504462A48006820F440002849086012
:106810000846006840F480000860002025490860B0
:10682000FFF722FF002511E0E00924490860600617
:10683000040E01202249C1F88002FFF715FF002055
:106840001C490860FFF710FF681CC5B2082DEBDB80
:1068500070BD70B5054600241548006820F440005E
:1068600013490860084600680860002613E000200D
:10687000104908601E2003F0A8FB01201049C1F850
:1068800080026006040E0D488038006808B1601C64
:10689000C4B2701CC6B2082EE9DB15B9FFF78FFF32
:1068A00001E0FFF76BFF204670BD000000040240CE
:1068B000001402408082404200804242AC82424248
:1068C000008040422DE9F04104460E4617464FF045
:1068D0000008FFF7F2FEB220FFF792FFFFF728FF54
:1068E0002012FFF78DFFFFF723FFE0B2FFF788FFCD
:1068F000FFF71EFF00250BE0705DFFF781FFFFF73C
:1069000017FF8046B8F1000F00D003E0681CC5B245
:10691000BD42F1DB00BFFFF7EFFE4046BDE8F0816E
:106920002DE9F04105460F461646FFF7C6FEB22098
:10693000FFF766FFFFF7FCFE2812FFF761FFFFF786
:10694000F7FEE8B2FFF75CFFFFF7F2FEFFF7B5FED8
:10695000B320FFF755FFFFF7EBFE00240BE0711E9D
:10696000A14201D0012100E000210846FFF771FF9C
:106970003855601CC4B2B442F1DBFFF7BDFEBDE880
:10698000F08138B50446002000900CB180200090C2
:10699000012269464FF45060FFF794FF38BD0EB5F1
:1069A000002002900121062002F012FD022000903A
:1069B00000208DF8040001208DF8070069469348F7
:1069C00002F068FA4FF40050009001208DF80400A6
:1069D00003208DF8050000208DF8060069468C48DC
:1069E00002F058FAFFF745FE00208A49086064204B
:1069F00003F015FB01208849C1F8B402642003F0BC
:106A00000EFB0120FFF7BDFF012202A94FF45060E9
:106A1000FFF786FF9DF8081080A00DF0E7FE9DF8B7
:106A20000800802801D100200EBD0120FCE731B50F
:106A30002DED068B82B0002400257B480078401C99
:106A400079490870084600780A2190FBF1F201FBB1
:106A5000120018B1744800780A287DDA012208A9CA
:106A60000020FFF75DFF9DF8200000F01F000028C8
:106A700072D09DF8200000F01F0040F0C0006B496C
:106A800081F82000002486E0684890F82000012169
:106A9000A140084000287CD0654931F81400042248
:106AA00001A9FFF73DFF614890F8340000F00100B4
:106AB000D0B39DF807109DF8062001EB022016F0D8
:106AC0002CFB41EC190B9FED5B0B53EC102B16F0DC
:106AD0008BFB41EC180B16F0F3FA81B253481630D9
:106AE00020F814109DF805109DF8042001EB0220F9
:106AF00016F013FB41EC1A0B9FED500B53EC102BCF
:106B000016F072FB41EC190B9FED4E0B53EC102B62
:106B100016F09EFC41EC180B16F0D2FA81B24348F5
:106B20000C3020F8141034E0FFE79DF807109DF8B2
:106B3000062001EB022016F0F0FA41EC190B9FED54
:106B40003D0B53EC102B16F04FFB41EC180B16F0DD
:106B5000B7FA81B2354800E02CE00C3020F8141070
:106B60009DF805109DF8042001EB022016F0D5FADF
:106B700041EC190B9FED310B53EC102B16F034FB4D
:106B800041EC180B16F09CFA81B22848163020F818
:106B90001410601CC4B2052CFFF676AF0125234803
:106BA000808920B92148C08A08B9002008900020B7
:106BB0001D4908709DF8200000F01F00D0B91B4847
:106BC00090F8200000F0800040B1184890F82000B4
:106BD00020F08000154981F820000BE04FF6FF708F
:106BE00012498881C882084690F8200000F0E00031
:106BF00081F820000C480078F02802DD0A200A49BC
:106C00000870284602B0BDEC068B38BD0004024077
:106C100000080240B4024142000041424354502067
:106C200049443A25780D0A0026000020280000205B
:106C30008AF001087B14AE47E17AD43FD8817346CD
:106C400094F6D23F0000000000008940002100BF00
:106C500014E000F080021AB10122FE4B1A6002E03B
:106C60000022FC4B1A604206100E0022FA4B1A60FA
:106C70000122FA4BC3F880224A1CD1B20829E8DB72
:106C8000704770B50646002500240020F2490860D0
:106C9000F349C1F8AC02F34908603046FFF7D6FF6C
:106CA000062003F092F90020EC49C1F8800201208F
:106CB00003F08BF90120E849086003F086F9002011
:106CC000E649C1F8800200BF15E04FF6FF7000EA08
:106CD00044040020E0490860012003F076F9012017
:106CE000DE49C1F88002DC487838006808B1601CD1
:106CF00084B2681CC5B2102DE7DB24110120D949EC
:106D00000860204670BD2DE9FE4380460027002420
:106D100006E04046FFF7B5FF2DF81400601C84B272
:106D2000052CF6DB002416E0601C85B20FE03DF870
:106D300014003DF81510884207DD3DF814603DF859
:106D400015002DF814002DF81560681C85B2052D6E
:106D5000EDDB601C84B2042CE6DB0027012405E097
:106D60003DF81400384487B2601C84B2042CF7DB71
:106D7000032097FBF0F086B23046BDE8FE832DE994
:106D8000F04104460D46B8480078FFF7BCFF0646C0
:106D9000B6480078FFF7B7FF074626802F8001200E
:106DA000BDE8F0817FB504460D4602A903A8FFF7B0
:106DB000E6FF064616B9002004B070BD694601A87A
:106DC000FFF7DDFF06460EB90020F5E7BDF8040029
:106DD000BDF80C10884206DCBDF80C10BDF80400AC
:106DE000323081420CDBBDF80C00BDF80410884243
:106DF00036DCBDF80410BDF80C00323081422FDAC9
:106E0000BDF80000BDF80810884206DCBDF8081087
:106E1000BDF80000323081420CDBBDF80800BDF83F
:106E2000001088421CDCBDF80010BDF808003230AC
:106E3000814215DABDF80C10BDF80420881800EB6B
:106E4000D071C1F34F012180BDF80810BDF80020BA
:106E5000881800EBD071C1F34F0129800120ABE706
:106E60000020A9E770B504460D4616468048068006
:106E700004F10D018AB2193988B22B462946FEF772
:106E800075FE05F10D0083B2193881B22246204605
:106E9000FEF76CFE6A1C91B2621C90B2FAF708FE13
:106EA0006A1C91B2621E90B2FAF702FE6A1E91B29B
:106EB000621C90B2FAF7FCFD6A1E91B2621E90B29B
:106EC000FAF7F6FD062229462046FEF7C5FE70BDFC
:106ED00070B504460D46164665480680294620468C
:106EE000FAF7E6FD611C88B22946FAF7E1FD681C55
:106EF00081B22046FAF7DCFD6A1C91B2621C90B2A6
:106F0000FAF7D6FD70BD10B5044653487C380068CA
:106F1000002843D12CB15749A1F10A00FFF742FFE5
:106F20002AE05449A1F10A00FFF73CFF20B3514881
:106F3000163890ED0B0A90ED091A808900EE900A40
:106F4000F8EE600A01EE200ABCEEC00A10EE100A4C
:106F5000484916398881084690ED0C0A90ED0A1AC6
:106F6000C08A00EE900AF8EE600A01EE200ABCEE3C
:106F7000C00A10EE100AC8823E48163890F8200069
:106F800000F0800038BBC0203A49163981F8200053
:106F9000084681898182C18AC1831CE03548163840
:106FA00090F8200000F0800050B13248163890F878
:106FB000200020F080002F49163981F820000AE0D7
:106FC00000212C4816388182C1834FF6FF70294971
:106FD00016398881C8822748163890F8200000F0BA
:106FE000800010BD10B52348163890ED090ADFED7A
:106FF000220A20EE200ABDEEC00A10EE104A04223A
:1070000021462820FFF79CF91A48163890ED0A0A05
:10701000DFED190A20EE200ABDEEC00A10EE104A7C
:10702000042221462C20FFF78BF91248163890EDE8
:107030000B0ABCEEC00A10EE101A02223020FFF735
:107040007FF90C48163890ED0C0ABCEEC00A10EE21
:10705000101A13E0AC8242428082404200804042DB
:1070600000804242B40241426000002061000020E2
:10707000220000203E00002020BCBE4C0222322014
:10708000FFF75EF9FE4890F834103420FFF730F92E
:107090000A2421463520FFF72BF910BD10B5352005
:1070A000FFF7FAF804460A2C4ED104212820FFF7F6
:1070B0005CF9044600EE104AB8EEC00A5FED120A11
:1070C00080EE201AEE4880ED091A04212C20FFF7EB
:1070D0004CF9044600EE104AB8EEC00A5FED1A0AF9
:1070E00080EE201AE64880ED0A1A02213020FFF7D0
:1070F0003CF900EE100AB8EE400AE14880ED0B0AB8
:1071000002213220FFF731F900EE100AB8EE400AF2
:10711000DB4880ED0C0A3420FFF7BEF8D84981F82F
:107120003400084690F8340030B19020D5490870FA
:10713000D020D549087005E0D020D24908709020B1
:10714000D1490870012010BD0020FCE72DE9FC5F4B
:1071500004460D4617461E46DDE90EABDDE90C89F7
:107160004FF47840C9490880C9A01021CDE900102A
:10717000C84843880288A0212820FEF704FFC6A043
:107180001021CDE90010C34843880288A02178204F
:10719000FEF7F9FEC1A01021CDE90010BD484388DB
:1071A0000288B4212820FEF7EEFEBDA01021CDE913
:1071B0000010B84843880288B4217820FEF7E3FE27
:1071C000B8A01021CDE90010B24843880288C82138
:1071D0002820FEF7D8FEB4A01021CDE90010AD485C
:1071E00043880288C8217820FEF7CDFEAFA0102189
:1071F000CDE90010A74843880288DC212820FEF74B
:10720000C2FEABA01021CDE90010A248438802883D
:10721000DC217820FEF7B7FEA6A01021CDE90010F2
:107220009C4843880288F0212820FEF7ACFE1020FD
:1072300004232246A02100904020FEF7ECFD102000
:1072400004232A46A02100909020FEF7E4FD1020A0
:1072500004233A46B42100904020FEF7DCFD1020C4
:1072600004233246B42100909020FEF7D4FD102074
:1072700004234246C82100904020FEF7CCFD102098
:1072800004234A46C82100909020FEF7C4FD102038
:1072900004235246DC2100904020FEF7BCFD102064
:1072A00004235A46DC2100909020FEF7B4FD102004
:1072B00000907848018803236020109AFEF7ABFD08
:1072C000BDE8FC9F00B597B0002012900B90129083
:1072D0001F216E4801804FF6FF7078490880FAF749
:1072E000D2FE4FF47841694801804FF6FF70FAF7FB
:1072F000CAFE002065490880714800681021642397
:10730000A022CDE9001028210846FEF73CFE4FF4EC
:10731000784214210846FFF7A5FD0021584880F85F
:1073200020109FED680A80ED090A54E25448406835
:107330000A9001200A998847514890F8200000F0EF
:10734000C000402870D100200B904D4890F82000DC
:1073500020F040004A4981F820000846828913A99C
:10736000129821F820204648C18A13AA129802EBED
:10737000800041801298401CC0B2129012980128DF
:1073800006D0022815D0032829D0042810D141E0C6
:107390004FF6FF7214210846FFF764FD3D48008850
:1073A000143880B24FF4784214210A90FFF75AFD46
:1073B000E0E338480088143880B24FF6FF72142199
:1073C0000A90FFF74FFD33484088143880B24FF4DD
:1073D000784201460A901420FFF744FDCAE32D4885
:1073E0004088143880B24FF6FF7201460A9014208C
:1073F000FFF738FD27484088143880B20A902548A6
:107400000088143880B24FF4784209900A99FFF747
:1074100029FDAFE3BDF84C10BDF85000081A0A90E2
:10742000002802DB0A9802E0A5E30A9840420F9088
:10743000BDF84E1013A8C088081A0A90002801DB76
:107440000A9801E00A9840420E900F9840430F902E
:107450000E9840430E90DDE90E100844059015F09B
:1074600073FECDE906019DED060B15F015FC8DEDC3
:10747000080B9DED080B51EC100B15F021FE23E0DD
:107480002800002060000020610000202200002071
:1074900078313A00A043002079313A0078323A003E
:1074A00079323A0078333A0079333A0078343A0046
:1074B00079343A006661632069733A002400002041
:1074C000640000200000000080B21190BDF854005C
:1074D000BDF85810401A0A90002801DB0A9801E014
:1074E0000A9840420F9013A84189C089081A0A904F
:1074F000002801DB0A9801E00A9840420E900F989C
:1075000040430F900E9840430E90DDE90E10084462
:10751000059015F019FECDE906019DED060B15F05D
:10752000BBFB8DED080B9DED080B51EC100B15F01E
:10753000C7FD80B210909DED110AF8EE400A9DED56
:10754000100AB8EE401A80EE810A8DED0A0A0A98F8
:1075500016F040F9CDE90C019FEDFE0B53EC102B1A
:107560009DED0C0B51EC100B15F002FE0ED39FEDB0
:10757000FB0B53EC102B9DED0C0B51EC100B15F08D
:1075800031FF03D3119808B11098E8BB0020129086
:10759000F4484088143880B20A90F24800881438C1
:1075A00080B24FF6FF7209900A99FFF75BFC4FF427
:1075B000784214210846FFF755FC9FEDEB0B53EC86
:1075C000102B9DED0C0B51EC100B15F00DFECDE9C1
:1075D00008019DED080B51EC100B15F071FD80B208
:1075E00013A90A90C989BDF8582013AB5B89CDE96E
:1075F0000132CDE90310BDF85400009013A8C088F3
:107600000990BDF8500000E00BE00890BDF84E0076
:107610000790BDF84C00069007A90EC9FFF796FD2C
:10762000B8E2BDF84C10BDF85400081A0A900028C2
:1076300001DB0A9801E00A9840420F90BDF84E1015
:1076400013A84089081A0A90002801DB0A9801E073
:107650000A9840420E900F9840430F900E98404376
:107660000E90DDE90E100844059015F06DFDCDE992
:1076700006019DED060B15F00FFB8DED080B9DED42
:10768000080B51EC100B15F01BFD80B21190BDF8EA
:107690005000BDF85810401A0A90002801DB0A98E3
:1076A00001E00A9840420F9013A8C188C089081AC7
:1076B0000A90002801DB0A9801E00A9840420E90E7
:1076C0000F9840430F900E9840430E90DDE90E1046
:1076D0000844059015F038FDCDE906019DED060B37
:1076E00015F0DAFA8DED080B9DED080B51EC100B3F
:1076F00015F0E6FC80B210909DED110AF8EE400AFC
:107700009DED100AB8EE401A80EE810A8DED0A0A4E
:107710000A9816F05FF8CDE90C019FED8E0B53EC43
:10772000102B9DED0C0B51EC100B15F021FD0AD325
:107730009FED8A0B53EC102B9DED0C0B51EC100BB5
:1077400015F050FE48D20020129086484088143828
:1077500080B20A9083480088143880B24FF6FF72D6
:1077600009900A99FFF77EFB4FF4784214210846EE
:10777000FFF778FB9FED7C0B53EC102B9DED0C0B72
:1077800051EC100B15F030FDCDE908019DED080B13
:1077900051EC100B15F094FC80B213A90A90CA8921
:1077A000BDF8581013AB5B89CDE90131CDE9032059
:1077B000BDF85400009013A8C0880990BDF850008F
:1077C0000890BDF84E000790BDF84C00069007A940
:1077D0000EC9FFF7BBFCDDE1BDF85000BDF8541049
:1077E000401A0A90002801DB0A9801E00A984042FA
:1077F0000F9013A8C1884089081A0A90002801DB5D
:107800000A9801E00A9840420E900F9840430F906A
:107810000E9840430E90DDE90E100844059015F0D7
:1078200093FCCDE906019DED060B15F035FA8DEDC3
:10783000080B9DED080B51EC100B15F041FC80B2CC
:107840001190BDF84C00BDF85810401A0A9000285D
:1078500001DB0A9801E00A9840420F90BDF84E10F3
:1078600013A8C089081A0A90002801DB0A9801E0D1
:107870000A9840420E900F9840430F900E98404354
:107880000E90DDE90E100844059015F05DFCCDE981
:1078900006019DED060B15F0FFF98DED080B9DED32
:1078A000080B51EC100B15F00BFC80B210909DED05
:1078B000110AF8EE400A9DED100AB8EE401A80EE6B
:1078C000810A8DED0A0A0A9815F084FFCDE90C01B2
:1078D0009FED200B53EC102B9DED0C0B51EC100B7E
:1078E00015F046FC0AD39FED1D0B53EC102B9DEDBC
:1078F0000C0B51EC100B15F075FD58D200201290B6
:1079000018484088143880B20A9016480088143805
:1079100080B24FF6FF7209900A99FFF7A3FA4FF46D
:10792000784214210846FFF79DFA9FED0F0B53ECA8
:10793000102B9DED0C0B51EC100B15F055FCCDE907
:1079400008019DED080B51EC100B15F0B9FB80B24E
:1079500002460DE0666666666666EE3FCDCCCCCC30
:10796000CCCCF03FA04300200000000000005940B4
:107970000A9013A8C089BDF8581013AB5B89CDE9F4
:107980000131CDE90302BDF85400009013A8C0886E
:107990000990BDF850000890BDF84E000790BDF862
:1079A0004C00069007A90EC9FFF7D0FBF2E0BDF826
:1079B0005000BDF84C10401A00EE100AF8EEC00A54
:1079C000BF480088283800EE100AB8EEC00A80EEE2
:1079D000201ABC4880ED091ABDF85000BDF84C10C3
:1079E000084400EE100AF8EEC00AB548008800EE20
:1079F000100AB8EE400AB34890ED091A01EE600A89
:107A0000F0EE000A80EE201A80ED0B1A13A84089D0
:107A1000BDF84E10401A00EE100AF8EEC00AA84851
:107A20004088283800EE100AB8EEC00A80EE201A0E
:107A3000A44880ED0A1A13A84089BDF84E100844E6
:107A400000EE100AF8EEC00A9D48408800EE100AC9
:107A5000B8EE400A9B4890ED0A1A01EE600AF0EE7B
:107A6000000A80EE201A80ED0C1A90ED090ABDEE96
:107A7000C00A8DED090A0998002801DB099801E088
:107A80000998404202280FDC8E4890ED0A0ABDEEAC
:107A9000C00A8DED0A0A0A98002801DB0A9801E065
:107AA0000A984042022842DD002012908448408813
:107AB000143880B20A9082480088143880B24FF699
:107AC000FF7209900A99FFF7CDF94FF4784214211B
:107AD0000846FFF7C7F97CA01021CDE900107848CF
:107AE00040880A9076480088099002461A2128208A
:107AF0000A9BFEF748FA734890F8340008B9012051
:107B000000E000206F4981F83400084690F8340006
:107B100030B1902071490870D0207149087005E09B
:107B2000D0206E49087090206D49087032E01F2106
:107B30006C4801804FF6FF70FAF7A5FA6AA0102191
:107B4000CDE900105E4840880A905D4800880990A1
:107B500002466E2123200A9BFEF715FA4FF47A7035
:107B600002F05DFAFFF73EFA4FF6FF70FAF78BFA74
:107B700017B000BD00BF0A2002F051FA0B98401C5C
:107B800080B20B900B98B0F57A7F02DDFFF786FA92
:107B900002E000BFFFF7CABB00BF00BFE8E71CB5AB
:107BA0004748808845F21051884220D100F040F9C2
:107BB00018B953484349486004E0FEF7F0FE5148C5
:107BC000404948603F4890F8340040F080003D490B
:107BD00081F83400084690F834003949897901F079
:107BE00001010843374981F8340000201CBD3448A6
:107BF000808841F66311884218D100F006FB4248A4
:107C000030494860084690F8340040F0800081F820
:107C10003400084690F834002949897901F00101BF
:107C20000843284981F834000020DFE7012126209D
:107C300001F0CEFB0620009000208DF8040001200A
:107C40008DF807006946314801F024F94FF40060CF
:107C5000009001208DF8040003208DF8050000201D
:107C60008DF8060001208DF807006946284801F0CC
:107C700011F9012000906946244801F00BF94FF4F6
:107C8000005000906946234801F004F90D4916316F
:107C9000A1F10A00FFF773F8FEF7FAFAFFF7FEF911
:107CA00008B10020A2E71C480088FAF7ECF9FFF7BA
:107CB00009FBFFF797F9FFF7F1F900BF012095E7FE
:107CC000A0430020280000205450204E6565642009
:107CD000726561646A7573742100000060000020A1
:107CE0006100002022000020546F756368205363F8
:107CF0007265656E2041646A757374204F4B210074
:107D0000277F00082F6A0008D7820008000402407D
:107D10000014024000080240240000202DE9F04138
:107D200004460E4617464FF00008FEF7C6FC282012
:107D3000FEF766FDFEF7FCFC2012FEF761FDFEF784
:107D4000F7FCE0B2FEF75CFDFEF7F2FC00250BE06D
:107D5000705DFEF755FDFEF7EBFC8046B8F1000FB5
:107D600000D003E0681CC5B2BD42F1DB00BFFEF7E6
:107D7000C3FC4046BDE8F08138B50546002400202C
:107D80008DF800008DF8015000BF09E09DF800005B
:107D9000E049095D0844C0B28DF80000601CC4B21F
:107DA000B82CF3D39DF80000C043401CC0B28DF83E
:107DB0000000B822D74948F24700FFF7AFFF022280
:107DC000694648F2FF00FFF7A9FF002038BD2DE902
:107DD000F04105460F461646FEF76FFC2820FEF7D9
:107DE0000FFDFEF7A5FC2812FEF70AFDFEF7A0FC2A
:107DF000E8B2FEF705FDFEF79BFCFEF75EFC2920CE
:107E0000FEF7FEFCFEF794FC00240BE0711EA1427D
:107E100001D0012100E000210846FEF71AFD385587
:107E2000601CC4B2B442F1DBFEF766FCBDE8F08131
:107E30001FB50121062001F0CBFA0220009000209E
:107E40008DF804008DF8060003208DF80500012050
:107E50008DF807006946B04801F01CF84FF4005057
:107E6000009001208DF804006946AC4801F012F83A
:107E7000FEF7FFFB0020AA4908600A2002F0CFF8B5
:107E80000120A849C1F8B4020A2002F0C8F8022073
:107E9000009000208DF804008DF8070069469E4888
:107EA00000F0F8FF642002F0BAF8042202A948F2B8
:107EB0004010FFF78CFF00208DF80C0002A99AA05B
:107EC0000CF094FC9BA102A80CF0F2FE48BB02202F
:107ED0008DF80800012202A948F24000FFF71EFFBA
:107EE000012202A948F24700FFF771FF9DF8080040
:107EF000602807DA9DF8081090A00CF077FC0120AC
:107F0000FFF73AFF0A2002F08AF800208DF80800F7
:107F1000012202A948F24000FFF700FF002004B050
:107F200010BD0120FBE771B583B00024002688480E
:107F30000078401C86490870084600780A2190FBAA
:107F4000F1F201FB120018B1814800780A287CDAAE
:107F5000012203A948F24E10FFF739FF9DF80C00EB
:107F600000F0800068B19DF80C0000F00F000628BA
:107F700007DA00200190012201A948F24E10FFF714
:107F8000CDFE9DF80C0000F00F0000285DD09DF89C
:107F90000C0000F00F000628D9DA9DF80C0000F064
:107FA0000F01FF208840C0B201906A4890F820502D
:107FB0009DF80400C043C0B240F0C000654981F89C
:107FC0002000084681898182C18AC183002446E05D
:107FD000604890F820000121A140084020B35E498C
:107FE00031F81400042202A9FFF7F1FE594890F875
:107FF000340000F00100C0B19DF808009DF80910A0
:1080000000EB012081B25348163020F814109DF87F
:108010000A009DF80B1000EB0120C0F5487081B2FA
:108020004C480C3020F8141017E09DF808009DF81B
:10803000091000EB012081B246480C3020F81410E2
:108040009DF80A009DF80B1000E038E000EB0120DD
:1080500081B24048163020F81410601CC4B2052CC0
:10806000B6DB01263B4880893C490988884205DC0B
:108070003848C08A3949498888421DDD9DF80C007E
:1080800000F00F0001280ADD3248C089314988819B
:108090000846008BC88200202D4908700FE02D484B
:1080A000808A2C4988810846C08BC8828020039032
:1080B000084680F8205002E00020254908709DF80D
:1080C0000C0000F08F0080281AD1224890F8200080
:1080D00000F0800040B11F4890F8200020F08000A0
:1080E0001C4981F820000BE04FF6FF701949888188
:1080F000C882084690F8200000F0E00081F82000D7
:1081000013480078F02802DD0A2011490870304633
:1081100004B070BD94F00108000402400008024061
:10812000B4024142000041424354502049443A25A0
:10813000730D0A0039313437000000004465666170
:10814000756C74205665723A25640D0A00000000B3
:1081500068000020280000204CF10108A043002006
:108160002DE9F04105460E4617464FF00008FEF790
:10817000A4FA7020FEF744FBFEF7DAFAE8B2FEF745
:108180003FFBFEF7D5FA00240BE0305DFEF738FB2D
:10819000FEF7CEFA8046B8F1000F00D003E0601C75
:1081A000C4B2BC42F1DB00BFFEF7A6FA4046BDE810
:1081B000F0812DE9F04106460F461546FEF77DFA9F
:1081C0007020FEF71DFBFEF7B3FAF0B2FEF718FBC6
:1081D000FEF7AEFAFEF771FA7120FEF711FBFEF71B
:1081E000A7FA00240BE0691EA14201D0012100E0A2
:1081F00000210846FEF72DFB3855601CC4B2AC4286
:10820000F1DBFEF779FABDE8F0810EB50121062019
:1082100001F0DEF80220009000208DF8040001201B
:108220008DF807006946904800F034FE4FF4005086
:10823000009001208DF8040003208DF80500002037
:108240008DF806006946894800F024FEFEF711FA11
:10825000002087490860142001F0E1FE01208549D3
:10826000C1F8B402322001F0DAFE00208DF80800D7
:10827000012202A9FFF774FF012202A9A420FFF73F
:108280006FFF16208DF80800012202A98020FFF759
:1082900067FF0C208DF80800012202A98820FFF753
:1082A0005FFF022202A9A120FFF783FF9DF80800CB
:1082B00030280ED19DF8090003280AD19DF8090045
:1082C0009DF8082000EB02216BA00CF08FFA002033
:1082D0000EBD0120FCE771B581B00024002669487D
:1082E0000078401C67490870084600780A2190FB16
:1082F000F1F201FB120018B1624800780A2866DA30
:10830000012201A90220FFF754FF9DF8040000F0AC
:108310000F0000287ED09DF8040000F00F00062812
:1083200078DA9DF8040000F00F01FF208840C5B204
:10833000E843C0B240F0C000534981F82000002457
:108340005AE0514890F820000121A1400840E8B3CC
:108350004E4931F8140004226946FFF72AFF4A48C3
:1083600090F8340000F00100C0B19DF801009DF8C4
:10837000001001F00F0100EB01204349163121F8F4
:1083800014009DF803009DF8021001F00F0100EBAE
:1083900001213D480C3020F814101DE09DF801002B
:1083A0009DF8001001F00F0100EB0120C0F5F07006
:1083B00081B235480C3020F814109DF803009DF868
:1083C000021001F00F0100EB012101E012E021E0B9
:1083D0002D48163020F814109DF8000000F0F00031
:1083E000802807D000212848163020F814100A38B9
:1083F00020F81410601CC4B2052CA2DB0126224810
:10840000808920B92048C08A08B900200190002046
:108410001C4908709DF8040000F01F00D0B91A48EC
:1084200090F8200000F0800040B1174890F820003C
:1084300020F08000144981F820000BE04FF6FF7017
:1084400011498881C882084690F8200000F0E000B9
:1084500081F820000B480078F02802DD0A20094945
:10846000087030467CBD0000000402400008024055
:10847000B4024142000041424354502049443A254D
:10848000780D0A00690000202800002056F101083C
:108490001CB50121202000F09BFF4FF4807000905C
:1084A00001208DF8040000208DF8060003208DF8CF
:1084B000050002208DF807006946044800F0EAFC38
:1084C0004FF48071014800F063FD1CBD00140240B0
:1084D00000B58DB00121084600F07AFF01210802A5
:1084E00000F0D0FF20200B9003208DF830000020FA
:1084F0008DF833000BA92E4800F0CCFC01210802B6
:1085000001F015F800214FF4807001F010F8002000
:1085100007900A9009904FF48030089007A801F066
:108520000FFB002001908DF808008DF809000390E2
:10853000059001208DF8180001A91E4801F0D1FA1C
:1085400001211C4801F013FB0DB000BD10B504461D
:10855000072301222146174801F049FB154801F085
:10856000A2FB00BF0221134801F0BEFC0028F9D095
:10857000104801F0D4FB10BDFEB507460C4600259F
:1085800000260FE03846FFF7E1FF054402A8082166
:1085900005230022CDE90010114610460BF079F8B2
:1085A000701CC6B2A642EDDBB5FBF4F080B2FEBD96
:1085B00000000240002001401CB50121112000F004
:1085C00007FF1C20009000208DF8040003208DF888
:1085D000050001208DF8070069462C4800F05AFC80
:1085E0000120009002208DF807006946284800F01D
:1085F00051FC1CBD10B5044614B10120254908707A
:108600002448007858B32448006858B12248001F15
:10861000006838B120480838006818B11F48006861
:1086200001281CD10A2001F0FAFC00201949087029
:108630001948006808B9012010BD1748001F0068DC
:1086400008B90220F8E714480838006808B9032080
:10865000F2E712480068012815D10420ECE70E4823
:10866000006801280FD10C48001F006801280AD1BA
:10867000094808380068012805D10848006810B981
:108680000120044908700020D6E7000000100240D5
:10869000000002406A0000201002424200024042F4
:1086A0000948804709480047FEE7FEE7FEE7FEE786
:1086B000FEE7FEE7FEE7FEE7FEE7FEE704480549C2
:1086C000054A064B70470000B904000889010008FC
:1086D00048E1012048E7012048E3012048E3012068
:1086E00032490143324A1160704770B500210023BE
:1086F0000F22C4781CB32E4C246804F4E064C4F543
:10870000E064C4F30721C1F10404E3B20A414478F0
:108710009C40E1B28478144021430C07210E254C83
:1087200005786155047804F01F050124AC400578F4
:108730006D11AD0005F1E025C5F8004109E00478B0
:1087400004F01F050124AC401B4D0678761145F856
:10875000264070BD194A0A400243154B1B1F1A6080
:10876000704739B1124A121D12680243104B1B1D8B
:108770001A6006E00E4A121D126882430C4B1B1D44
:108780001A607047042808D14FF0E021096941F0D0
:1087900004014FF0E022116107E04FF0E021096988
:1087A00021F004014FF0E022116170470000FA054A
:1087B0000CED00E000E400E080E100E080FFFF1F3E
:1087C00030B943F2DB028100A1F1C0410A6005E04B
:1087D00043F2D2028100A1F1C0410A606FF0704201
:1087E000411C8900A1F1C0410A608100A1F1C04192
:1087F000C1F804217047D0E901121143C268114346
:10880000026911434269114382691143C2691143EC
:10881000026A1143426A1143826A1143C26A1143D8
:10882000026B114302689200A2F1C042116081689C
:1088300008290BD101688900A1F1C041096841F004
:10884000400201688900A1F1C0410A60416B0968DA
:10885000426B526841EA0211426B926841EA02217E
:10886000426B928941EA0241426B128A41EA02510B
:10887000426B127D41EA0261426B926911430268C8
:10888000521C9200A2F1C0421160C16AB1F5804F42
:108890001BD1816B0968826B526841EA0211826BBD
:1088A000926841EA0221826B128A41EA0251826B8C
:1088B000127D41EA0261826B926911430268920063
:1088C000A2F1C042C2F8041107E06FF070420168E3
:1088D0008900A1F1C041C1F8042170470021016065
:1088E0000221416000218160C160016141618161BB
:1088F000C16101624FF480514162490081620021EF
:10890000C1620163F84941638163704751B18200DC
:10891000A2F1C042126842F001038200A2F1C042FB
:10892000136009E08200A2F1C0421268EF4B1A40C6
:108930008300A3F1C0431A60704710280AD11821A0
:108940004FF020421166402151664FF0FC31916694
:10895000D16610E01821E64A116040214FF0204214
:10896000C2F884104FF0FC31E14A083211604FF038
:108970002042C2F88C10704730B50021002200233D
:10898000446844F0080485682C43C5682C43056995
:108990002C43456944EA4524856944EA4531C46964
:1089A0002468C5696D6844EA0524C5692D8944EACF
:1089B0000544C5692D7B44EA0562046A2468056A9A
:1089C0006D6844EA0524056A2D8944EA0544056A70
:1089D0002D7B44EA05630468102C05D14FF0204438
:1089E0002166A266E36608E0C14C21604FF0204496
:1089F000C4F88820BE4C0C34236030BD10210160C7
:108A0000002141608160C160016141618161FC219F
:108A1000C2691160C2695160C2699160C269D16066
:108A2000026A1160026A5160026A9160026AD16052
:108A3000704799B1102808D14FF02042126E42F0D1
:108A400004024FF020431A661DE0A94A126842F062
:108A500004024FF02043C3F8802014E0102809D10D
:108A60004FF02042126EA14BDB1E1A404FF0204304
:108A70001A6608E09E4A12689C4BDB1E1A404FF0B3
:108A80002043C3F88020704799B1102808D14FF0D7
:108A90002042126E42F040024FF020431A661DE061
:108AA000934A126842F040024FF02043C3F88020FE
:108AB00014E0102809D14FF02042126E8B4B3F3B3F
:108AC0001A404FF020431A6608E0894A1268874B23
:108AD0003F3B1A404FF02043C3F8802070470146C7
:108AE0000020102903D14FF02042506F02E0804A4D
:108AF00014321068704718207D492031086000202A
:108B00000906C1F8A4004FF0FC307949283108600B
:108B1000091D0860091D08607047016841F01001D7
:108B2000426841EA4221826841EA4231704A203279
:108B30001160C1680968C268526841EA0221C268CE
:108B4000128941EA0241C268127B41EA0261684A25
:108B500028321160016909680269526841EA0221FC
:108B60000269128941EA02410269127B41EA02610B
:108B70005F4A2C321160416909684269526841EAD2
:108B800002214269128941EA02414269127B41EAAB
:108B900002614FF02042C2F8B0107047002101601E
:108BA00041608160FC21C2681160C2685160C26886
:108BB0009160C268D1600269116002695160026906
:108BC00091600269D16042691160426951604269F5
:108BD00091604269D160704748B1454920310968C8
:108BE00041F004014FF02042C2F8A01009E04049D2
:108BF000203109683D4AD21E11404FF02042C2F890
:108C0000A010704710B5F2B1102807D14FF02043E3
:108C10005B6E0B434FF02044636632E0B0F5807F1B
:108C200008D1334B1B1D1B680B434FF02044C4F885
:108C3000843026E02E4B24331B680B434FF0204436
:108C4000C4F8A4301DE0102807D14FF020435B6E1C
:108C50008B434FF02044636613E0B0F5807F08D16A
:108C6000234B1B1D1B688B434FF02044C4F88430FA
:108C700007E01F4B24331B688B434FF02044C4F89C
:108C8000A43010BD10B5024600200023102A03D1E5
:108C90004FF02044636E09E0B2F5807F03D1144C9D
:108CA000241D236802E0124C2434236803EA0104E3
:108CB0000CB1012000E0002010BD102807D14FF0BA
:108CC0002042526E8A434FF020435A6619E0B0F5B5
:108CD000807F0FD1064A121D12688A434FF020434D
:108CE000C3F884200DE0000060F10108FEFF0F00D2
:108CF000800000A0234A12688A434FF02043C3F843
:108D0000A420704770B502460020002300240025EF
:108D1000102A03D14FF02046736E08E0B2F5807F31
:108D200003D1184E203E336801E0164E336803EA43
:108D3000010403EAD10514B10DB1012000E00020C7
:108D400070BD102808D14FF02042526E22EAD102A5
:108D50004FF020435A6614E0B0F5807F09D1094AEC
:108D6000203A126822EAD1024FF02043C3F884204F
:108D700007E0044A126822EAD1024FF02043C3F808
:108D8000A4207047A40000A010B50446984884426F
:108D900008D10121084600F086FB0021012000F0E7
:108DA00082FB76E09348844208D10121022000F042
:108DB0007AFB0021022000F076FB6AE08E488442B4
:108DC00008D10121042000F06EFB0021042000F0F6
:108DD0006AFB5EE08948844208D10121082000F046
:108DE00062FB0021082000F05EFB52E084488442D0
:108DF00008D10121102000F056FB0021102000F0C6
:108E000052FB46E07F48844208D10121202000F037
:108E10004AFB0021202000F046FB3AE07A488442D9
:108E200008D10121402000F03EFB0021402000F04D
:108E30003AFB2EE07548844208D10121802000F0E1
:108E400032FB0021802000F02EFB22E0704884429B
:108E500008D10121801500F026FB0021A01500F0AB
:108E600022FB16E06B48844208D10121401500F036
:108E70001AFB0021601500F016FB0AE066488442E8
:108E800007D10121001500F00EFB0021201500F094
:108E90000AFB10BDF0B50A4600210023002400BFE4
:108EA0003DE0012505FA01F3156805EA03049C423B
:108EB00034D105684F000326BE40B54305601579DF
:108EC0004E00B5400668354305601579012D02D086
:108ED0001579022D16D185684F000326BE40B54393
:108EE000856055794E00B540866835438560456894
:108EF00001268E40B5434560456896798E40B6B2EE
:108F000035434560C5684F000326BE40B543C56084
:108F1000D5794E00B540C6683543C560491C102957
:108F2000BFD3F0BD4FF6FF710160002101714171A7
:108F30008171C171704708B54FF480320092009A78
:108F40000A430092009AC261C161009AC261C2697B
:108F50000092C269009208BD0246002013690B40CE
:108F60000BB1012000E0002070470146086980B283
:108F700070470246002053690B400BB1012000E00E
:108F8000002070470146486980B2704701837047EE
:108F9000418370470AB1018300E04183704741611A
:108FA000704742694A4042617047F0B5002300248F
:108FB0004D07ED0E02FA05F3CE1000F1200555F82D
:108FC00026504E07F70E0F26BE40B543CF1000F1D6
:108FD000200646F82750CE1000F1200555F82650FF
:108FE00045EA0304CE1000F1200545F82640F0BD07
:108FF000000002400004024000080240000C024051
:10900000001002400014024000180240001C024000
:10901000002002400024024000280240F948006875
:1090200040F00100F74908600020F6490831086067
:10903000F4480068F4490840F2490860F348091D03
:109040000860F348EF4984310860F0481038091D82
:109050000860EC48006820F48020EA49086000209D
:10906000E8490C310860E7498C31086070470021FD
:10907000E44A921C117011460870704710B5014601
:109080000022002300204A11012A02D1DD4C23686E
:1090900008E0022A03D1DB4C7034236802E0D94C8B
:1090A0007434236801F01F02012494401C400CB169
:1090B000012000E0002010BD38B500200090002401
:1090C000002500BF3120FFF7D9FF05460098401C5E
:1090D00000900098B0F5A04F01D0002DF2D03120C3
:1090E000FFF7CCFF08B1012400E00024204638BD82
:1090F00001460020C34A106820F0F80040EAC10091
:1091000010607047C349086070470021BD4A703243
:1091100011701170012802D004280AD104E0012145
:10912000B84A7032117005E00521B64A70321170EC
:1091300000E000BF00BF7047B7490860704770B5D6
:10914000049C41EA82150126C6EB530645EA064512
:10915000054345EA0465AB4E361D356070BDAD492B
:1091600008667047820142EA0172A64B84331A6096
:109170007047A8498866704710B5830143EA0163C8
:1091800043EA02739F4C8834236010BDA1490867ED
:109190007047A049C864704702460020994B0833C5
:1091A000186820F0EC6042EA01031843954B08333D
:1091B0001860704702460020924B0833186820F070
:1091C000784042EA010318438E4B08331860704719
:1091D000014600208B4A0832106820F00300084343
:1091E0001060704787480830006800F00C00704736
:1091F00001460020834A0832106820F0F00008433E
:1092000010607047014600207E4A0832106820F442
:10921000E05008431060704701460020794A083248
:10922000106820F4604040EAC10010607047F0B55B
:10923000002100220024022500260223714F083756
:109240003F6807F00C0121B1042905D0082937D166
:1092500005E0724F076036E0714F076033E0694FF9
:109260003F1D3F68C7F38056664F3F1D3F6807F0BC
:109270003F036EB16A4FB7FBF3F7DFF888C10CF11B
:10928000040CDCF800C0CCF3881C07FB0CF40CE0E9
:10929000624FB7FBF3F7DFF86CC10CF1040CDCF89C
:1092A00000C0CCF3881C07FB0CF4564F3F1D3F68F1
:1092B000C7F301477F1C7D00B4FBF5F7076002E0B0
:1092C000564F076000BF00BF4E4F08373F6807F09A
:1092D000F0010909534F7A5C0768D7404760494F4E
:1092E00008373F6807F4E051890A4E4F7A5C4768B7
:1092F000D7408760434F08373F6807F46041490B08
:10930000484F7A5C4768D740C760F0BD002100F441
:109310004072B2F5407F0AD13A4A0832116821F40E
:10932000F811414A02401143364A08321160354A69
:1093300070321268C0F30B031A43324B70331A6059
:1093400070473549443908607047334940390860EF
:10935000704736490860704701460020294A8C3220
:10936000106820F01F004A1E1043264A8C321060FD
:10937000704701460020234A8C32106820F4F850D0
:109380004A1E40EA02201F4A8C3210607047014694
:1093900000201C4A8C32106820F4401008431060F2
:1093A000704701460020174A8C32106820F44000B4
:1093B00008431060704701460020124A8C32106842
:1093C00020F4403008431060704719490860704726
:1093D00039B10C4A3032126802430A4B30331A60FA
:1093E00006E0084A303212688243064B30331A6076
:1093F0007047F9B1034A343212680243014B3433E7
:109400001A601CE000380240FFFFF6EA103000242A
:109410000030002000004742800E47420024F40044
:1094200000127A006B000020FFFCFF0F5C01474236
:10943000E01147428F4A126882438E4B1A60704790
:1094400039B18C4A121D126802438A4B1B1D1A60E7
:1094500006E0884A121D12688243864B1B1D1A6063
:10946000704739B1834A0C3212680243814B0C3386
:109470001A6006E07F4A0C32126882437D4B0C333F
:109480001A60704739B17B4A103212680243794B37
:1094900010331A6006E0774A103212688243754B27
:1094A00010331A60704739B1724A243A1268024385
:1094B000704B243B1A6006E06E4A243A12688243DD
:1094C0006C4B243B1A60704739B16A4A203A1268E3
:1094D0000243684B203B1A6006E0664A203A126855
:1094E0008243644B203B1A60704739B1614A1C3A91
:1094F000126802435F4B1C3B1A6006E05D4A1C3A4F
:10950000126882435B4B1C3B1A60704739B1594A61
:10951000143A12680243574B143B1A6006E0554A4E
:10952000143A12688243534B143B1A60704739B1A6
:10953000504A103A126802434E4B103B1A6006E044
:109540004C4A103A126882434A4B103B1A607047EB
:1095500039B1484A1C3212680243464B1C331A6028
:1095600006E0444A1C3212688243424B1C331A60A4
:10957000704739B13F4A2032126802433D4B2033D5
:109580001A6006E03B4A203212688243394B20338E
:109590001A60704739B1374A243212680243354B9A
:1095A00024331A6006E0334A243212688243314B76
:1095B00024331A60704739B12E4A2C3212680243A4
:1095C0002C4B2C331A6006E02A4A2C321268824354
:1095D000284B2C331A60704739B1264A3032126852
:1095E0000243244B30331A6006E0224A30321268BC
:1095F0008243204B30331A607047012808D11D493F
:109600003C31096841F008011A4A3C32116007E018
:1096100018493C31096821F00801164A3C321160B2
:10962000704739B1134A273A12780243114B273B4E
:109630001A7006E00F4A273A127882430D4B273BF7
:109640001A7070470B484030006840F0807009493C
:1096500040310860704701460020064A283A1268E7
:109660000A400AB1012000E0002070470149263974
:10967000087070473438024010B50446FA488442F6
:1096800008D101211020FFF752FF00211020FFF721
:109690004EFF57E0F548844209D101214804FFF705
:1096A00035FF00214FF40030FFF730FF4AE0F0486B
:1096B000844209D101218804FFF728FF00214FF4DB
:1096C0008020FFF723FF3DE0EA48844209D10121D1
:1096D000C804FFF71BFF00214FF40020FFF716FF1F
:1096E00030E0E548844209D101210805FFF70EFF6B
:1096F00000214FF48010FFF709FF23E0DF48844288
:1097000008D101212020FFF712FF00212020FFF7C0
:109710000EFF17E0DA48844209D101218807FFF7DC
:10972000F5FE00214FF08040FFF7F0FE0AE0D5483B
:10973000844207D101214005FFF7E8FE00216005C2
:10974000FFF7E4FE10BD2DE9FF4705460E46002455
:10975000A14600BFA046B08900B100BF2C8A24F406
:109760004054F08804432C82AC8941F20C6084435D
:10977000B08831890843718908430443AC81AC8ABD
:1097800024F44074B0890443AC826846FFF74FFD6F
:10979000B548854202D0B948854202D1DDF80C9027
:1097A00001E0DDF80890A88900F4004040B109EB21
:1097B000C90000EB091031684900B0FBF1F707E080
:1097C00009EBC90000EB091031688900B0FBF1F723
:1097D0006420B7FBF0F004012009642101FB10783C
:1097E000A88900F4004040B1322000EBC800B0FB73
:1097F000F1F000F00700044308E0322000EB08100D
:109800006421B0FBF1F000F00F0004432C81BDE8AF
:10981000FF874FF41651016000218180C1800181D2
:109820000C21418100218181704710B50246002042
:10983000108A20F470600B884C8823438C88234363
:10984000CC8823431843108210BD00210180418041
:109850008180C180704721B1828942F400528281A7
:1098600004E082894DF6FF731A4082817047028BB3
:1098700002F47F420283028B0A430283704721B1C4
:10988000828942F40042828103E08289C2F30E029F
:109890008281704721B1828A42F40062828204E0B0
:1098A000828A4FF2FF731A4082827047C1F3080226
:1098B0008280704701468888C0F308007047028A9A
:1098C0004FF6F0731A400282028A0A4302827047FE
:1098D00021B1828942F00202828104E082894FF63E
:1098E000FD731A408281704782894FF2FF731A40DC
:1098F000828182890A4382817047028A4FF6DF7330
:109900001A400282028A0A430282704721B1028A07
:1099100042F48042028204E0028A4BF6FF731A404E
:1099200002827047818941F001018181704721B134
:10993000828A42F00802828204E0828A4FF6F7733C
:109940001A4082827047028BD2B20283028B42EAB3
:1099500001220283704721B1828A42F02002828272
:1099600004E0828A4FF6DF731A408282704721B189
:10997000828A42F01002828204E0828A4FF6EF73FC
:109980001A4082827047828A4FF6FB731A408282A5
:10999000828A0A438282704721B1828A42F002029F
:1099A000828204E0828A4FF6FD731A4082827047F9
:1099B0001AB1838A0B43838202E0838A8B438382BA
:1099C0007047F0B50346002400260025002040F62D
:1099D0006A17B94200D100BF1846C1F3421401F022
:1099E0001F06012707FA06F5012C01D10C3004E00F
:1099F000022C01D1103000E014301AB107682F4357
:109A0000076002E00768AF430760F0BD0246002030
:109A1000B1F5007F00D100BF13880B400BB10120CE
:109A200000E00020704701F40072B2F5007F00D121
:109A300000BFCA430280704770B50246002400236D
:109A40000025002040F66A16B14200D100BFC1F3E4
:109A5000421501F01F03012606FA03F3012D13D16D
:109A60009689334017E00000001001400044004098
:109A700000480040004C00400050004000140140ED
:109A800000780040007C0040022D02D1168A33404D
:109A900001E0968A33400C12012606FA04F4168877
:109AA000344013B10CB1012000E0002070BD10B5AE
:109AB0000022002340F66A14A14200D100BF0A121E
:109AC00001249440A3B2DC43048010BD10B50121F1
:109AD0000802FFF72CFD00214FF48070FFF727FDEF
:109AE00010BD30B50246002000235068F84C2040DD
:109AF0000D790C6844EA0524204350609068F54CC9
:109B00002040D1E903542C438D682C434D7944EA1D
:109B1000450420439060D06A20F470000C7D641EE0
:109B2000E4B2234340EA0350D06230BD002101601B
:109B3000017141718160C16001610121017570474E
:109B40000021E54A1168E54A1140D0E900231A4393
:109B500083681A43C3681A431143E14AC2F80413E5
:109B600070470021016041608160C160704721B190
:109B7000826842F00102826003E0826822F0010202
:109B8000826070470A4600214168D64B1940114354
:109B9000416070474162826270470A460021416815
:109BA00021F01F0111434160704738B1CA4909686B
:109BB00041F40001CA4AC2F8041306E0C649096824
:109BC00021F40001C64AC2F80413704738B1C249F3
:109BD000096841F48001C24AC2F8041306E0BE4994
:109BE000096821F48001BE4AC2F804137047F0B539
:109BF00004460D4600200021092D11DDE068A5F185
:109C00000A0606EB4607072606FA07F18843A5F180
:109C10000A0606EB460603FA06F10843E0600CE08C
:109C2000206905EB4507072606FA07F1884305EB8F
:109C3000450603FA06F108432061072A0FDA606B34
:109C4000561E06EB86071F2606FA07F18843561EA6
:109C500006EB860605FA06F10843606322E00D2A4A
:109C60000FDA206BD61F06EB86071F2606FA07F1D0
:109C70008843D61F06EB860605FA06F108432063E3
:109C800010E0E06AA2F10D0606EB86071F2606FA31
:109C900007F18843A2F10D0606EB860605FA06F1E8
:109CA0000843E062F0BD816841F080418160704707
:109CB000014600208A6802F080420AB1012000E0DB
:109CC0000020704721B1826842F48062826003E024
:109CD000826822F480628260704721B1826842F01B
:109CE0000202826003E0826822F002028260704712
:109CF00010B50A4600210023416821F46041531E3B
:109D000041EA4331416010BD21B1426842F4006232
:109D1000426003E0426822F40062426070470146FC
:109D2000C86C80B270476C48001D0068704721B154
:109D3000826842F48072826003E0826822F480725A
:109D40008260704721B1826842F40072826003E051
:109D5000826822F400728260704738B15E490968F7
:109D600041F400515E4AC2F8041306E05A490968FA
:109D700021F400515A4AC2F804137047F0B5044662
:109D80001546002000220026092911DDE068A1F116
:109D90000A0707EB470C072707FA0CF29043A1F1DB
:109DA0000A0707EB470703FA07F21043E0600CE0ED
:109DB000206901EB410C072707FA0CF2904301EBF5
:109DC000410703FA07F210432061A06BC0F301566C
:109DD000EF1C06F1010CA7EB0C0707EB870C1F2704
:109DE00007FA0CF29043EF1C06F1010CA7EB0C07ED
:109DF00007EB870701FA07F21043A063F0BD10B527
:109E00000A4600210023816B21F44011531E41EAD0
:109E10000351816310BD08B5002300930090009B9F
:109E20000B440093009B1A6008BD0A46002181681C
:109E300021F470211143816070470A460021816836
:109E400021F44011114381607047816841F4800121
:109E500081607047014600208A6802F480020AB1DE
:109E6000012000E00020704721B1426842F4806286
:109E7000426003E0426822F480624260704721B190
:109E8000426842F48052426003E0426822F4805209
:109E90004260704708B5024600200090009201F130
:109EA0002800009B184400900098006880B208BD0C
:109EB00010B50B460021D9B2012404FA01F11AB100
:109EC00044680C43446002E044688C43446010BD25
:109ED000FFFEFFFCFDF7FFC004230140E030FCFF64
:109EE00000200140FFFD3FFF0246002013680B40A9
:109EF0000BB1012000E000207047CA4302607047A8
:109F000070B502460020002300240B12556801267C
:109F10008E4005EA060415681D4015B10CB10120FC
:109F200000E0002070BD00220A12D3430360704796
:109F300008B5684602F0F0FF08BD08B5684603F0B2
:109F400035F808BD38B504466A460821204609F0B0
:109F50001BFB38BD10B542480078012805D102F03E
:109F600021FF09F09DFD02F02EFF10BD70B50446E3
:109F70006FF00400FEF706FC2046E11704EB517178
:109F8000C1F3C701374A1170E11704EB5171CD10CD
:109F9000354800683549B1FBF0F045433248006868
:109FA0004FF47A71B1FBF0F0314908804FF0E020B6
:109FB000006940F002004FF0E02108610846456169
:109FC000006940F00100086170BD2DE9F0470746C7
:109FD00000264FF0E020D0F814902248007807FBCC
:109FE00000F8FFF7A5FF4FF0E020856911E04FF082
:109FF000E0208469AC420CD0AC4202D2281B06445B
:10A0000003E0A9EB0400284406442546464500D356
:10A0100000E0ECE700BFFFF790FFBDE8F08770B508
:10A0200004460F480078A0B11248007888B910485B
:10A030000088844206DB0E48008894FBF0F5284631
:10A04000FFF780FF0A48008894FBF0F100FB114005
:10A0500084B24FF47A7104FB01F0FFF7B6FF70BDD4
:10A06000F90000207C000020CCF3010840420F00E2
:10A070007E000020F8000020014600BF704700BFAE
:10A08000504A128802F04002002AF9D0C2B24D4B69
:10A090009A80704710B588B0044601210846FFF742
:10A0A00097F901211020FFF7EDF907220921464811
:10A0B000FEF77BFF07220A214348FEF776FF4FF4A5
:10A0C000C060069002208DF81C008DF81D00002055
:10A0D0008DF81E0001208DF81F0006A93A48FEF7F2
:10A0E000D9FE02940020ADF80C00ADF80E00ADF8DA
:10A0F0001000ADF814000C20ADF8120002A9314890
:10A10000FFF721FB01212F48FFF7A5FB40212D4838
:10A11000FFF789FC012240F225512A48FFF751FC44
:10A1200025208DF8040003208DF805008DF8060029
:10A1300001208DF8070001A8FEF7D7FA08B010BD7E
:10A1400010B502F02FFE40F225511E48FFF774FCB7
:10A1500010B31C48FFF7AEFBC4B21C48008800F4E3
:10A160000040C8B91948008800F4804060B10A2C4A
:10A1700003D000201549088020E01448008840F4EE
:10A1800000401249088019E00D2C06D10F480088C4
:10A1900040F480400D49088010E00C480088C0F36E
:10A1A0000D000B490C5409480088401C07490880E1
:10A1B00008460088C72801DD0020088002F003FE61
:10A1C00010BD00000010014000000240840000208B
:10A1D000AE43002070B503460C4603E014F8015B63
:10A1E00003F8015B151EA2F10102F7D170BD30B575
:10A1F000034601E003F8011B141EA2F10102F9D18C
:10A2000030BD10B504467C4951F824104A007B4902
:10A2100051F824000021FFF7EAFF794951F8242082
:10A2200076490C3951F824000021FFF7E0FF0121A5
:10A2300072480C30015510BD10B5014600230022B4
:10A2400007E06E4850F8210030F8120000B15B1CA6
:10A25000521C694850F821009042F2D864205843BB
:10A26000654C54F82140B0FBF4F0C0B210BD2DE9AC
:10A27000F04704460F460025A94660480C30005DB3
:10A2800020B95E4814380168204688471FB94FF04E
:10A29000FF30BDE8F0875B4850F82400B7FBF0F0D2
:10A2A00086B2584850F82400B7FBF0F100FB11705B
:10A2B00008B1701C86B2504850F82400451E22E0B8
:10A2C0004E4850F8240030F8150020B909F101007B
:10A2D0001FFA80F901E04FF00009B14512D14FF0AB
:10A2E000000808E0454850F8240005EB080120F874
:10A2F000116008F10108B045F4D3424850F8240039
:10A300006843C6E76D1E002DDADA4FF0FF30C0E774
:10A310002DE9F04104460E4638480C30005D38B94E
:10A32000364814380168204688470120BDE8F0818E
:10A33000334850F82400B04217D9324850F824006E
:10A34000B6FBF0F12D4850F8240030F8112000251C
:10A3500007E00023294850F824004F1920F817304F
:10A360006D1C9542F5DB0020E0E70220DEE770B5CA
:10A3700005460C4604B970BD20480C3850F825003D
:10A38000261A31462846FFF7C3FF00BFF3E770B532
:10A3900004460E4631462046FFF769FF0546681C15
:10A3A00008B9002070BD15480C3850F82400284426
:10A3B000F8E72DE9F04104460F461646314620469F
:10A3C000FFF755FF0546681C10B90020BDE8F08175
:10A3D0000A490C3951F82410481932463946FFF71A
:10A3E000F9FE39462046FFF7C2FF04480C3850F802
:10A3F00024002844EAE700007CF101089C000020CA
:10A4000094F1010888F1010810B54FF47041002063
:10A41000FFF7BDFF04464FF4704120460BF0CAFB26
:10A4200080200BF0A1FC02480CF07CFE10BD000067
:10A43000F4FC010808B5684609F004FB08BD38B50E
:10A4400004464FF47A70604345490968B0FBF1F562
:10A450006A460821284609F097F838BD10B5012052
:10A46000FFF7EDFF10BD08B56B4601223DA1404846
:10A47000006806F010F96B4600223EA140480068D3
:10A4800006F009F908BD1CB501A800231A461946B3
:10A4900000903748006806F02DFA1CBD08B56A46E2
:10A4A00000213348006806F062FC08BD35480068AA
:10A4B00090F8370070471CB501A800231A461946CA
:10A4C00000902F48006806F015FA1CBD08B56A46D2
:10A4D00000212B48006806F04AFC08BD08B56B4611
:10A4E000002229A12A48006806F0D5F808BD10B559
:10A4F0002848007820B9012026490870FFF7EEFFB0
:10A5000010BD10B524480468FFF7F1FF0020224970
:10A510000860204610BD1CB5FFF7E9FF1E48006823
:10A5200040B901A800231A4619460090184800684F
:10A5300006F0E0F918480468002017490860204632
:10A540001CBD38B50446144804606A460021104812
:10A55000006806F00CFC38BD70477047704700007B
:10A56000CCF30108446973705F53454D000000004F
:10A57000AC0000204576656E745F53454D000000C9
:10A58000B0000020980100204B65795F53454D00D5
:10A59000B4000020BC000020B80000202DE9F041EC
:10A5A00007460C4615461E46B2B2A9B2A0B2F7F74E
:10A5B0008DFABDE8F0812DE9F04107460C461546BD
:10A5C000A9B2A0B2F6F7DEFF06463046BDE8F0813C
:10A5D0002DE9F04104460D461646324629462046EE
:10A5E000FFF7E9FF0746216988688047804687EAC8
:10A5F0000803324629462046FFF7D0FFBDE8F08128
:10A600002DE9F84380460C4615461E46089FFE4835
:10A610000068C06B008880B2BBB2B2B2A9B2009031
:10A62000A0B2FBF716FABDE8F883F8B505460E466A
:10A6300014461F463B462246314628460094FFF703
:10A64000DFFFF8BDF8B506460C4617461D46234603
:10A650003A46214630460095FFF7D2FFF8BD2DE976
:10A66000FF4F83B081460E461C46DDE9117A109DEE
:10A67000DAF800000290DAF8040001902E44E24873
:10A680000068007C00F0030030B1012836D00228B9
:10A690001CD0032855D130E000BF207880222A4109
:10A6A000104008B1019800E0029803463146761C3C
:10A6B0004846059AFFF772FF681C0546082801D135
:10A6C0000025641C781E071EE7D13AE000BF207801
:10A6D00080212941084028B131464846019B059A0E
:10A6E000FFF75CFF761C681C0546082801D1002591
:10A6F000641C781E071EEAD123E000BFD9F81010B1
:10A7000088688047804600BF207880212941084022
:10A7100060B131464846059AFFF74DFF83468BEA04
:10A72000080331464846059AFFF738FF761C681C37
:10A730000546082801D10025641C781E071EE3D1B8
:10A7400000BF00BF07B0BDE8F08F2DE9FF4F81B01B
:10A750000F469846DDE90F9A98F800B00E9D0E9DC1
:10A760002F44A9480068007C00F0030010B10228C3
:10A770004BD14BE0BAF1000F25D000BFC5F103006B
:10A780004400C4F10601C020084100EA0B0020FA91
:10A7900004F65AF82600009039467F1CDDE90030A7
:10A7A000039AFFF7FBFE681C0546042805D1002527
:10A7B00008F10100804690F800B0A9F10100B0F165
:10A7C0000009DBD121E000BFC5F103004400C4F162
:10A7D0000601C020084100EA0B0020FA04F63946C1
:10A7E0007F1C3346039A0198FFF7D8FE681C054684
:10A7F000042805D1002508F10100804690F800B03A
:10A80000A9F10100B0F10009DED14DE0BAF1000F6D
:10A8100026D000BFC5F103004400C4F10601C020EA
:10A82000084100EA0B0020FA04F646B15AF8260067
:10A8300000903946DDE90030039AFFF7AFFE7F1C38
:10A84000681C0546042805D1002508F10100804652
:10A8500090F800B0A9F10100B0F10009DAD122E0CE
:10A8600000BFC5F103004400C4F10601C020084147
:10A8700000EA0B0020FA04F62EB133463946039A5B
:10A880000198FFF78BFE7F1C681C0546042805D144
:10A89000002508F10100804690F800B0A9F1010000
:10A8A000B0F10009DDD100BF00BF05B0BDE8F08FF9
:10A8B0002DE9FF4F81B00F469846DDE90F9A98F8D1
:10A8C00000B00E9D0E9D2F444F480068007C00F0A4
:10A8D000030010B102284BD14BE0BAF1000F25D094
:10A8E00000BFC5F101008400C4F10401F02008415B
:10A8F00000EA0B0020FA04F65AF8260000903946C8
:10A900007F1CDDE90030039AFFF748FE681C05460E
:10A91000022805D1002508F10100804690F800B01A
:10A92000A9F10100B0F10009DBD121E000BFC5F1C0
:10A9300001008400C4F10401F020084100EA0B008A
:10A9400020FA04F639467F1C3346039A0198FFF734
:10A9500025FE681C0546022805D1002508F10100E6
:10A96000804690F800B0A9F10100B0F10009DED1F5
:10A9700050E0BAF1000F26D000BFC5F101008400FD
:10A98000C4F10401F020084100EA0B0020FA04F6AB
:10A9900046B15AF8260000903946DDE90030039AA6
:10A9A000FFF7FCFD7F1C681C0546022805D1002529
:10A9B00008F10100804690F800B0A9F10100B0F163
:10A9C0000009DAD125E000BFC5F101008400C4F11F
:10A9D0000401F020084100EA0B0020FA04F62EB131
:10A9E00033463946039A0198FFF7D8FD7F1C681C4F
:10A9F0000546022805D1002508F10100804690F89F
:10AA000000B0A9F1010001E0B8010020B0F1000997
:10AA1000DAD100BF00BF05B0BDE8F08F2DE9F047E7
:10AA200081460F4692461C46DDE90858F448006806
:10AA3000007C00F0030010B1022841D11EE0B8F103
:10AA4000000F0ED00AE0267858F8263052463946D4
:10AA50004846FFF7A3FD6D1E7F1C641C002DF2DC31
:10AA60000BE008E02378524639464846FFF796FD4A
:10AA70006D1E7F1C641C002DF4DC21E0B8F1000F7A
:10AA80000FD00BE0267836B158F8263052463946BA
:10AA90004846FFF783FD6D1E7F1C641C002DF1DC12
:10AAA0000DE00AE026782EB1334652463946484634
:10AAB000FFF774FD6D1E7F1C641C002DF2DC00BFCF
:10AAC00000BFBDE8F0872DE9F04781460C461746E8
:10AAD0001D46DDF82080B9B2A0B2F6F782FCC94865
:10AAE0000089C9490968088007E02E88C7480068BE
:10AAF0000680A8F10108641CAD1CB8F1000FF4DC5D
:10AB0000BDE8F0872DE9F04107460D4690461C460A
:10AB1000069E08E04246294638462368FFF73EFD78
:10AB2000761E6D1C241D002EF4DCBDE8F0812DE99D
:10AB3000FF4F83B015461E46DDE914BADDE91297D2
:10AB4000DDF84080119808283FD006DC012809D0A4
:10AB5000022818D0042863D126E0102844D02028E9
:10AB60005ED14FE000240BE062193B46CDE900B610
:10AB7000CDF808A0DDE90301FFF771FD4F44641C27
:10AB80004445F1DB4CE000240BE062193B46CDE983
:10AB900000B6CDF808A0DDE90301FFF7D6FD4F446C
:10ABA000641C4445F1DB3BE000240BE062193B46AA
:10ABB000CDE900B6CDF808A0DDE90301FFF778FE86
:10ABC0004F44641C4445F1DB2AE0002409E062198B
:10ABD0003B46CDE9006ADDE90301FFF71FFF4F4463
:10ABE000641C4445F3DB1BE0002408E062193B468B
:10ABF0000096DDE90301FFF766FF4F44641C4445FE
:10AC0000F4DB0DE0002408E062193B460096DDE924
:10AC10000301FFF777FF4F44641C4445F4DB00BF9A
:10AC200000BF07B0BDE8F08F70B50446A06858B902
:10AC30001C200AF0F1FFA060A568216988688047A0
:10AC400006460DF0BFFFA861A06808B9012070BDDD
:10AC50000020FCE703460A4699680F2A1FD2DFE866
:10AC600002F01E080A0C0E1E1E1E10121416181AD0
:10AC70001C00486870478868FCE7C868FAE70869FC
:10AC8000F8E78869F6E70020F4E70120F2E7012001
:10AC9000F0E70020EEE70020ECE70020EAE74FF0C5
:10ACA000FF30E7E70246012901D1594870470020EB
:10ACB000FCE7826800230B804B8093895B1E1BB2EC
:10ACC0008B80138A5B1E1BB2CB8070477CB5044619
:10ACD0000D461646002000900190009501966A46A8
:10ACE0000321A06900F080F97CBDF8B504460D464B
:10ACF000002000902046FFF797FFA06838B1A668B3
:10AD0000356000956A460221A06900F06DF9F8BD32
:10AD10002DE9F04105460E4617462846FFF784FF09
:10AD2000A86818B1AC68E66027616661BDE8F0818B
:10AD30002DE9FC4105460E46174600200090019083
:10AD40002846FFF771FFA86878B1AC68606908B958
:10AD5000304600E0606960616660A7600096019718
:10AD60006A460721A86900F03FF9BDE8FC8170B58B
:10AD700004462046FFF758FF054600220121A0693E
:10AD800000F032F90543284670BD10B50446002294
:10AD90000521A06900F028F910BD10B50446002275
:10ADA0000621A06900F020F910BD7CB504460D46CF
:10ADB00016460020009001908DF8045000966A46D7
:10ADC0000421A06900F010F97CBD0246A1F1090040
:10ADD000082813D2DFE800F00406080A120C0E104F
:10ADE0000C4870470C48FCE70C48FAE70C48F8E7B9
:10ADF0000C48F6E70C48F4E70C48F2E70020F0E7CF
:10AE0000B8010020A0430020C0000020C4000020A2
:10AE1000B01A0208EBAC000811AD000831AD000813
:10AE20006FAD00088BAD00089BAD0008ABAD00080E
:10AE300008B500231A46734973480BF0AFF87348FE
:10AE40004288018800200DF0A5FD704842880188E5
:10AE500000200DF0B5FD6D48808845F21051884204
:10AE600028D16A48807990B940F2DF100023421C53
:10AE70001946009018460CF03FFA40F21F300023AC
:10AE8000421C1946009001200CF036FAABE040F26B
:10AE9000DF100023421C1946009018460CF02CFAD3
:10AEA00040F21F300023421C1946009001200CF094
:10AEB00023FA98E05548808841F66311884228D1EA
:10AEC0005248807990B940F21F300023421C194645
:10AED000009018460CF010FA40F2DF100023421CDC
:10AEE0001946009001200CF007FA7CE040F21F3078
:10AEF0000023421C1946009018460CF0FDF940F260
:10AF0000DF100023421C1946009001200CF0F4F9D8
:10AF100069E03E48808845F21031884205D03B48C0
:10AF2000808846F6040188422FD138488079A0B93C
:10AF3000E22040F65B734FF4A072002100900846B7
:10AF40000CF0DAF9C42040F6E4634FF4F07200210B
:10AF5000009001200CF0D0F945E006200CF022FA18
:10AF6000E22040F65B734FF4A07200210090084687
:10AF70000CF0C2F9C42040F6E4634FF4F0720021F3
:10AF8000009001200CF0B8F92DE020488079A0B99C
:10AF900040F63F7000901D4802889B230021084620
:10AFA0000CF0AAF940F65F70009018484288BC2364
:10AFB000002101200CF0A0F915E006200CF0F2F9B8
:10AFC00040F63F709B23F0220021009008460CF0D1
:10AFD00093F940F65F70BC234FF4A07200210090FB
:10AFE00001200CF089F908BD10B50346144601296B
:10AFF00001D1002010BD4FF0FF3200BF00BF10464E
:10B00000F8E70000E8F50108A0F10108A0430020DE
:10B010001FB56846FEF70BF9019804B010BD10B5D6
:10B02000FFF7F6FF04461848006840F080701649A4
:10B0300008600020154948600846006840F001009B
:10B040000860204600F0B7F810BD10494868704706
:10B050002DE9F0478246FFF7DBFF4FF000098046FD
:10B060000B4A00234046494609F049FB0646324652
:10B070000B465046002109F042FB04460D4620468F
:10B080002946BDE8F0870000FCED00E0001000E07C
:10B0900040420F0010B5002400BF00BF00F052F97D
:10B0A000044600BF00BF1021A14800F0D1FA00BF44
:10B0B00000BF204600F04AF900BF00BF10BD10B528
:10B0C000FFF7E8FF10BD10B500209A490860FFF7B0
:10B0D000A6FF10BD10B5FFF7F6FFFFF7F0FF10BD9C
:10B0E00000BFFEE770B505460C46002614B900BF48
:10B0F000FFF7F6FF15B90A20208070BD00BF00BF22
:10B1000000F020F9064600BF00BF102288492846FB
:10B1100000F056FF00BF00BF304600F017F900BF37
:10B1200000BF0020208000BFE7E72DE9F041054681
:10B130000C46002714B900BFFFF7D2FF1DB90A2043
:10B140002080BDE8F0811021284600F021FF06464E
:10B15000102E15D200BF00BF00F0F4F8074600BF64
:10B1600000BF10222946724800F02AFF00BF00BF2E
:10B17000384600F0EBF800BF00BF0020208002E05E
:10B180004FF47A70208000BFDBE710B5FFF75DFF5A
:10B190000446204610BD704700B5014611B900BFF6
:10B1A000FFF79EFF634A106808B1002201E04FF4E8
:10B1B000FA620A8000BD5F490860704770B50546B5
:10B1C000284600F0CAF80446183C204670BD70B509
:10B1D0000546284600F0C1F80446103C204670BDE4
:10B1E00070B50546284600F0B8F8044600BF204672
:10B1F00070BD30B502460B460024D2F1FF359C41AC
:10B2000026D24FF6FF74D2F1FF359C410FD26FF07A
:10B210007F44D2F1FF359C4103D2190E464C605C4D
:10B2200044E0190C444C645C04F108003EE0FF2447
:10B23000D2F1FF359C4105D2190A3F4C645C04F100
:10B24000100033E019463C4C645C04F118002DE01A
:10B250004FF6FF750024AD1A9C4115D26FF07F4563
:10B260000024AD1A9C4107D2140E44EA0321324C4B
:10B27000645C04F1200019E0140C44EA03412E4CF4
:10B28000645C04F1280011E00024D2F1FF059C4128
:10B2900007D2140A44EA0361274C645C04F13000CD
:10B2A00004E01146244C645C04F1380030BD70B5F4
:10B2B00004460CB9082070BD204600F051F8054640
:10B2C0002846F8E770B504460CB9102070BD20463A
:10B2D00000F046F805462846F8E770B504460CB974
:10B2E000202070BD204600F03BF805462846F8E7D0
:10B2F0002DE9F04304460D46002184EA010069402F
:10B30000084302D14020BDE8F083E243E843521CE9
:10B3100040F1000102EA040601EA05073046394619
:10B32000FFF767FF8046C8F13F094846EBE700009A
:10B33000F8C20120C8000020D4F1010872B670479D
:10B3400062B67047EFF3108072B6704780F31088D2
:10B35000704730BF704720BF7047B0FA80F0704729
:10B3600090FAA0F0B0FA80F0704790FAA0F0704721
:10B370000146412903DB5A2901DC012200E00022B9
:10B38000012A08D0612903DB7A2901DC012200E0CF
:10B390000022012A01D1012200E00022104670475C
:10B3A0000146412903DB5A2901DC012200E0002289
:10B3B000012A08D0612903DB7A2901DC012200E09F
:10B3C0000022012A01D1012200E00022012A08D036
:10B3D000302903DB392901DC012200E00022012AA7
:10B3E00001D1012200E00022104670470146612988
:10B3F00003DB7A2901DC012200E0002210467047BD
:10B400000146412903DB5A2901DC012200E0002228
:10B41000104670470146302903DB392901DC01223F
:10B4200000E00022104670470146302903DB37292F
:10B4300001DC012200E0002210467047014630295D
:10B4400001DB392907DD412901DB462903DD6129BB
:10B4500003DB662901DC012200E000221046704770
:10B460000146202901D0092901D1012200E0002252
:10B47000104670470146202909D00D2907D00A2916
:10B4800005D00C2903D0092901D00B2901D10122B3
:10B4900000E00022104670470146202903DB7E2988
:10B4A00001DC012200E000221046704701462129FC
:10B4B00003DB7E2901DC012200E0002210467047F8
:10B4C0000146202903DB7E2901DC012200E0002265
:10B4D000012A35D1202909D00D2907D00A2905D004
:10B4E0000C2903D0092901D00B2901D1012200E048
:10B4F00000222ABB412903DB5A2901DC012200E09A
:10B500000022012A08D0612903DB7A2901DC01220B
:10B5100000E00022012A01D1012200E00022012ADC
:10B5200008D0302903DB392901DC012200E00022A8
:10B53000012A01D1012200E000220AB9012200E023
:10B5400000221046704701464AB2002A01DB1F293B
:10B5500001DD7F2901D1012200E000221046704761
:10B560000146412903DB5A2901DC012200E00022C7
:10B57000012A02D101F1200200E00A46D0B2704750
:10B580000146612903DB7A2901DC012200E0002267
:10B59000012A02D1A1F1200200E00A46D0B2704790
:10B5A000F0B504460B462046FFF7EAFF054618466D
:10B5B000FFF7E6FF0646B54201D1012000E000207A
:10B5C00007463846F0BD0000FC48FD4901600146D1
:10B5D000416000218160C160016141618161C1619F
:10B5E00001620163C1624162F6498163C1630A215C
:10B5F000016441640146F44A116070472DE9F0414D
:10B6000005460B4694460027002402E03F021F43F4
:10B61000641C042CFAD3604605F00306294646B1A3
:10B62000344603E001F8013B401E641C08B1042CC1
:10B63000F8D30A4601E080C2001F0428FBD211465D
:10B6400002E001F8013B401E0028FAD1BDE8F0817C
:10B6500030B505460C46224600212846FFF7CEFFAE
:10B6600030BD2DE9F04F85B00746884691464646E5
:10B670003D46AE4207D94A464146384601F01EF9DA
:10B6800005B0BDE8F08F4C4607EB0900451E08EBFE
:10B690000900461EA81B04900498042834D305F022
:10B6A0000300029006F003010191DDE901108842D8
:10B6B00001D1012000E0002000900098012823D152
:10B6C0000298032810D0029840B2039008E016F8C0
:10B6D000010905F80109641E0398401E40B2039059
:10B6E00014B103980028F2DAA5F1030AA6F1030BBE
:10B6F00004E05BF804094AF80409241F042CF8D27A
:10B700000AF103050BF1030604E016F8010905F838
:10B710000109641E002CF8D100BFB1E72DE9F84FF4
:10B7200080468946154615B90120BDE8F88FB8F165
:10B73000000F01D10020F8E7B9F1000F01D100207E
:10B74000F3E70124294608EB050209EB050302F0A3
:10B75000030C03F0030BDC4501D1012000E00020C5
:10B7600000900098012829D1BCF1000F12D0E246C8
:10B770000AE0521E5B1E107893F800E0704500D07E
:10B780000024491EAAF1010A012C03D111B1BAF11A
:10B79000000FEED1012C11D116461F4608E0361FCE
:10B7A0003F1F3068D7F800E0704500D00024091F23
:10B7B000012C01D10429F2D232463B4608E0521E48
:10B7C0005B1E107893F800E0704500D00024491EFD
:10B7D000012C01D10029F2D12046A6E7F0B503469D
:10B7E0000E461546D96BB1FBF5F005FB101CBCF1FC
:10B7F000000F02D0A5EB0C0200E000229419586C57
:10B80000A04201D20020F0BD0F191144DF63586C33
:10B81000001B58640846F6E72DE9F04106460F463E
:10B82000B6FBF3FC03FB1C6109B15C1A00E00024C9
:10B83000B2FBF3FC03FB1C2109B15D1A00E00025FB
:10B8400002EB0508A7F1010C08FB0C4C0CEB020005
:10B85000BDE8F0812DE9FE4F8046894614461E461C
:10B86000002000900CB901AC00BF00202060534FB5
:10B8700000BF00BFFFF766FD009000BF00BFF86B80
:10B880000290D7F844B04B46424601210298FFF798
:10B89000C3FF05465D450FD900BF00BF0098FFF705
:10B8A00055FD00BF00BFA5EB0B00206042F2E27027
:10B8B00030800020BDE8FE8F4A4641463846FFF7FB
:10B8C0008DFF8246BAF1000F0CD100BF00BF009877
:10B8D000FFF73CFD00BF00BF256042F2E270308000
:10B8E0000020E7E700BF00BF0098FFF72FFD00BF73
:10B8F00000BF42F2107030805046DBE72DE9FC5F5C
:10B9000007460C4690460020009000BF00BFFFF79E
:10B9100019FD009000BF00BFD7F80490D9F8380097
:10B9200008B1484600E025488246DAF84450DAF883
:10B930003CB000BF00BF0098FFF708FD00BF00BF8C
:10B94000012C0AD9BBFBF4F004FB10B60EB1A01B0E
:10B9500000E00020019001982D1A42F21070A8F822
:10B9600000002846BDE8FC9F70B504460D462A46F7
:10B9700021461248FFF7C2FF0646304670BD18B98F
:10B9800042F211720A807047104A0260002242603F
:10B990008260C260026142618261C261026282624F
:10B9A00042630263C26242628263C26302644264AF
:10B9B00042F210720A8000BFE5E7000008C30120D0
:10B9C0004845415050C30120CC0000204E4F4E4509
:10B9D0002DE9FF4F91B00446DDE920890020009059
:10B9E000B8F1000F02D10DF1180800BF0020C8F80F
:10B9F000000049462046FFF7C2FFB9F8000042F2B6
:10BA00001071884202D015B0BDE8F08FFE48006882
:10BA100020B942F2E770A9F80000F4E7DFF8ECA3E0
:10BA20000020059000BF00BFFFF78CFC009000BF16
:10BA300000BF129880BB5546AB462E46DAF83C0054
:10BA40000D9004231A4614990D98FFF7E5FE049013
:10BA500004990D9808440C90DDE91E2314990C9864
:10BA6000FFF7DAFE0390DDE9030108440590DAF8F8
:10BA700044700598B8427DD900BF00BF0098FFF719
:10BA800065FC00BF00BF0598C01BC8F8000042F26B
:10BA9000E270A9F80000B6E7FFE712980B90DDE925
:10BAA00012010844401E0A900025AB46D64806689D
:10BAB0003BE0B16B1298814205D1316C1398814201
:10BAC00001D1354633E0B06B0990316CB06B08445E
:10BAD000401E0890DDE90901814200D227E0099962
:10BAE0000B98884203D8DDE9091088420FD20999E2
:10BAF0000B98884203D308990A98884207D9089975
:10BB00000B9888420FD808990A9888420BD300BF37
:10BB100000BF0098FFF71AFC00BF00BF42F27F7021
:10BB2000A9F800006FE7B346F668002EC1D100BF48
:10BB300045B925461298A0631298E06313982064D3
:10BB400013986064DAF83C000D9004231A461499A7
:10BB50000D98FFF761FE0490DAF844700498B8423B
:10BB600011D900BF00BF0098FFF7F0FB00BF00BF76
:10BB7000049800E024E0C01BC8F8000042F2E27024
:10BB8000A9F800003FE7E86B0C90DDE91E2314994B
:10BB90000C98FFF741FE03906F6C0398B8420FD9E1
:10BBA00000BF00BF0098FFF7D1FB00BF00BF0398A4
:10BBB000C01BC8F8000042F2D870A9F8000022E7C4
:10BBC000149880000290042250460299FFF706FE66
:10BBD0000F900F9830BBDAF8447000BF00BF009898
:10BBE000FFF7B4FB00BF00BF129858B90598B842E0
:10BBF00004D90598C01BC8F800000EE00598C8F8E5
:10BC000000000AE00298B84204D90298C01BC8F8A4
:10BC1000000002E00298C8F8000042F2E270A9F8C1
:10BC20000000F0E60020019034E02846DDE91E1215
:10BC3000FFF7D4FD0E900E9820BBE86B0C906F6C54
:10BC400000BF00BF0098FFF781FB00BF00BF019954
:10BC50001498401A0790DDE91E2307990C98FFF706
:10BC6000DBFD05900598B84204D90598C01BC8F8BB
:10BC7000000002E00598C8F8000042F2D870A9F868
:10BC80000000C0E6019ADDE90E0141F822000198AA
:10BC9000401C0190149901988842C6D3A5420DD149
:10BCA000C4F808B0E660BBF1000F02D0CBF80C403E
:10BCB00001E0554804605EB1B46009E06869109025
:10BCC0002561109860616C61109808B1109804614A
:10BCD0004F48206065600C98A06103990C98084457
:10BCE000401EE0610F9820620398A0621F98606375
:10BCF0001E9820631498E0621498606200BF00BF31
:10BD00000098FFF723FB00BF00BF42F21070A9F8B4
:10BD1000000000BF77E62DE9F04104460D460027FC
:10BD200000BF00BFFFF70EFB074600BF00BF666AFB
:10BD300000BF00BF3846FFF709FB00BF00BF42F25B
:10BD4000107028803046BDE8F0812DE9F0410446AE
:10BD500088461546002700BF00BFFFF7F3FA0746E5
:10BD600000BF00BF606A60B900BF00BF3846FFF780
:10BD7000EDFA00BF00BF42F2DE7028800020BDE86F
:10BD8000F081E16A606A88420BD900BF00BF384683
:10BD9000FFF7DCFA00BF00BF42F295702880002058
:10BDA000EDE7606A401E6062D4E9080150F8216046
:10BDB00000BF00BF3846FFF7C9FA00BF00BF42F21C
:10BDC000107028803046DAE72DE9F04704460F4628
:10BDD00015464FF0000900BF00BFFFF7B3FA8146D8
:10BDE00000BF00BFE06AC01B461EE06AB04213D825
:10BDF00000BF00BF4846FFF7A9FA00BF00BF42F2EC
:10BE000095702880002005E0CC00002008C30120A8
:10BE1000504F4F4CBDE8F087606AB0420BD900BF6D
:10BE200000BF4846FFF792FA00BF00BF42F295708C
:10BE300028800020E7E7206A50F8268000BF00BF76
:10BE40004846FFF783FA00BF00BF42F21070288017
:10BE50004046D8E72DE9F04704460E4617464FF016
:10BE6000000A00BF00BFFFF76DFA824600BF00BFA7
:10BE7000E16A606A88420BD300BF00BF5046FFF7FB
:10BE800065FA00BF00BF42F2DD703880BDE8F08780
:10BE90004FF00008656A08E0206A50F82590B14527
:10BEA00002D14FF0010803E06D1CE06AA842F3D80C
:10BEB00000BFB8F1010F06D1D4E9080150F8210004
:10BEC000216A41F82500D4E9080140F82160606A40
:10BED000401C606200BF00BF5046FFF737FA00BF4A
:10BEE00000BF42F21070388000BFCFE72DE9F84F55
:10BEF00004460F461646002000904FF0FF3B00BF5F
:10BF000000BFFFF71FFA009000BF00BFE16A606A40
:10BF100088420CD300BF00BF0098FFF717FA00BF9C
:10BF200000BF42F2DD7030805846BDE8F88F4FF018
:10BF30000009656A08E0206A50F82580B84502D1FA
:10BF40004FF0010903E06D1CE06AA842F3D800BF7E
:10BF5000B9F1010F0FD1E06A401EA0EB050A00BF46
:10BF600000BF0098FFF7F2F900BF00BF42F2107067
:10BF700030805046D9E700BF00BF0098FFF7E6F9D0
:10BF800000BF00BF42F2887030805846CDE7000005
:10BF900010B502460B461146002001E0491C401C2A
:10BFA00019B10C780CB19842F8D310BD30B50446E5
:10BFB0004FF0FF312046FFF7EBFF0546284630BD26
:10BFC00070B504460D4616460CB9002070BD0DB97B
:10BFD0000020FBE721462A46002304E01078087081
:10BFE000491C521C5B1C21B11AB1107808B1B34234
:10BFF000F4D301B10AB90020E8E7B34201D200202E
:10C0000008702046E2E770B504460D464FF0FF3257
:10C0100029462046FFF7D4FF0646304670BD70B56E
:10C0200003460C4615460BB9002070BD0CB9002024
:10C03000FBE70DB91846F8E7194600E0491C11B1B5
:10C0400008780028FAD109B90020EEE72246002638
:10C0500004E010780870491C521C761C21B11AB1FA
:10C06000107808B1AE42F4D301B10AB90020DCE780
:10C07000002008701846D8E770B504460D464FF00A
:10C08000FF3229462046FFF7CAFF0646304670BDFC
:10C090002DE9F04305460B469446BCF1000F02D152
:10C0A0000020BDE8F08335B90BB90020F9E7187816
:10C0B00042421046F5E713B92A781046F1E72946BF
:10C0C0001C460F4626467F1C761C4FF0000805E0F4
:10C0D000491C641C7F1C761C08F10108087894F840
:10C0E0000090484505D1087818B117B10EB1E04568
:10C0F000EED3E04501D10020D3E7087894F8009012
:10C10000484505D0087894F80090A0EB09020BE0B0
:10C11000087808B9002207E02FB90EB9002203E021
:10C120003078424200E03A781046BAE770B50446EB
:10C130000D464FF0FF3229462046FFF7A9FF06467D
:10C14000304670BD2DE9F74F82B080460E46049808
:10C1500018B9002005B0BDE8F08FB8F1000F09D183
:10C160000EB90020F6E73078FFF7FAF907467C426F
:10C170002046EFE73EB998F80000FFF7F1F90546D1
:10C180002C462046E6E7C146B246C846C346564658
:10C19000CDF804A0D8460BF1010B019E701C019054
:10C1A000C84699F80000FFF7DBF9054656469AF8AD
:10C1B0000000FFF7D5F907460020009015E009F1CF
:10C1C00001090AF1010A0BF1010B0198401C0190D1
:10C1D0000098401C009099F80000FFF7C1F905464F
:10C1E0009AF80000FFF7BCF90746BD420BD199F859
:10C1F000000040B1BBF1000F05D0019818B10499BF
:10C2000000988842DBD304990098884201D100202D
:10C21000A0E7BD4201D0EC1B16E00DB9002413E0ED
:10C22000BBF1000F0AD1019808B900240CE0019974
:10C230000878FFF795F907467C4205E09BF8000077
:10C24000FFF78EF905462C46204683E770B5044675
:10C250000D464FF0FF3229462046FFF773FF064692
:10C26000304670BD30B504460B4615460CB900206B
:10C2700030BD0BB90020FBE72146002201E0491C3C
:10C28000521C31B1087820B10878A84201D09A42F6
:10C29000F5D309B90020EBE79A4201D30020E7E784
:10C2A0000878A84201D00020E2E70846E0E770B530
:10C2B00005460C4622464FF0FF312846FFF7D2FFD5
:10C2C0000646304670BD2DE9F04305460E4617463A
:10C2D00015B90020BDE8F0830EB90020FAE72C461E
:10C2E000A6F1010949462046FFF752FE8046444424
:10C2F0000CB90020EEE700E0641EAC4202D02078CA
:10C30000B842F9D12078B84201D00020E2E72046B7
:10C31000E0E770B505460C4622464FF0FF3128464F
:10C32000FFF7D1FF0646304670BD70B504460D4696
:10C3300016460CB9002070BD0BB90020FBE7214662
:10C340001A4605E00878A84200D10E70491C521E1A
:10C3500019B1087808B1002AF4D12046EBE7F0B50E
:10C3600004460D4616464FF0FF3332462946204616
:10C37000FFF7DBFF07463846F0BD2DE9FF4F0646C5
:10C380000F4615461EB9002004B0BDE8F08F0FB966
:10C390000020F9E70DB90020F6E7681C00B101E0C4
:10C3A0004FF0FF30039029463046FFF7F1FD8046FD
:10C3B00038460399FFF7ECFD04460CB93046E3E735
:10C3C000444501D90020DFE706EB080BBBF1000F65
:10C3D00001D10020D8E707EB040BBBF1000F01D11E
:10C3E0000020D1E7A8EB040002904FF000090020E4
:10C3F000019000BF06EB09000090224639460098E4
:10C40000FFF746FE8246BAF1000F01D1012000E09D
:10C410000020019009F10109019810B902988145A5
:10C42000E8D9BAF1000F01D00020ADE70098ABE7E2
:10C4300070B504460D464FF0FF3229462046FFF7FF
:10C440009CFF0646304670BD2DE9FF4F8DB00F466C
:10C4500015461A9E1D9818B9002011B0BDE8F08F3E
:10C46000002003900490012F01DA01200390022D97
:10C4700001D3242D01D90120039096B33046FFF754
:10C480000BF802900298012802D00120039028E0C6
:10C49000302E26D0A6F13000C0B207901B9801289C
:10C4A00004D0A6F14100C0B2069003E0A6F16100FD
:10C4B000C0B206900A2D02D80798A84209DB0A2DBF
:10C4C00009D907980A2804D3A5F10A0006998842D9
:10C4D00001D9012000E0002005900598012800D135
:10C4E00003901D9C0398002846D1DDF834A0DDF8A8
:10C4F00034A0CDF830A001200B9007E00B98401C31
:10C50000C0B20B900C98B0FBF5F00C900C98A842C0
:10C51000F4D21098012800D100E0002009900B9976
:10C5200009980844B84225DC002001900B98B842D5
:10C5300001DA0B9800E038460A903EB1B8460A98F6
:10C54000391A0998081AC0B2089006E0DDE9091006
:10C55000084400F0FF08002008900898002806DD35
:10C56000302E01D1012000E00020049004E00020E2
:10C57000049001E001200390039800B1B8464444C0
:10C580001C9808B100202070641E4FF0000941E0A3
:10C590000398A8BBBAF1000F02D1B9F1000F1CD16A
:10C5A000BAFBF5F005FB10A000F0FF0BBBF10A0F82
:10C5B00004D20BF1300004F801090BE01B980128AC
:10C5C00004D00BF1370004F8010903E00BF1570028
:10C5D00004F80109BAFBF5FA1AE01098012810D105
:10C5E000049808B9019828B1049850B1A8F1010045
:10C5F000484506D12D2004F801090120019007E0EB
:10C6000003E02EB104F8016902E03F2004F80109BB
:10C6100009F10109C145BBD3039808B100201CE70B
:10C620001D981AE72DE9FF5F05460E4617461C4682
:10C63000DDE90F9ADDF8388000233A463146284676
:10C640008DE81007FFF700FF8346584604B0BDE8A9
:10C65000F09F2DE9FF4F85B0044689461F46DDE96E
:10C6600013AB002C02DA6542012601E025460026C4
:10C6700012983346CDE902ABCDE900704946284611
:10C68000079AFFF7E1FE8046404609B0BDE8F08F0B
:10C690002DE9FF4F8BB0064689461546B9F1000FCC
:10C6A00002D10DF1240900BFC9F80060189810B933
:10C6B00007A8189000BF0021189801701EB900202B
:10C6C0000FB0BDE8F08F012D01D0242D01D900203D
:10C6D000F6E734462078FEF7CDFE039004E0641CB4
:10C6E0002078FEF7C7FE039003980128F7D0207842
:10C6F0002B2802D02D280BD103E0641C4FF0000B37
:10C7000009E00E98012800D1641C4FF0010B02E0F3
:10C710004FF0000B00BF00BF0A9425B1082D1CD0BC
:10C72000102D36D11EE02078302814D1641C2078DA
:10C73000582802D078280BD100BF102567783846DA
:10C74000FEF77CFE8246BAF1010F00D1641C01E0C5
:10C75000082500BF00E00A251CE02078302800D121
:10C76000641C17E02078302812D1641C20785828E7
:10C7700002D078280AD100BF67783846FEF75EFEFF
:10C780008246BAF1010F00D1641C00E000BF00BF77
:10C7900000E000BF00BF4FF00008002002900190B1
:10C7A00040E027783846FEF7FBFD05900598012804
:10C7B00036D13846FEF72EFE06900698012804D1A1
:10C7C000A7F13000C0B208900FE03846FEF70EFE29
:10C7D00004900498012804D1A7F15700C0B2089032
:10C7E00003E0A7F13700C0B208900898A84214DA15
:10C7F000029880B9304850F82500404509D308FB1D
:10C8000005F8089880440898804504D201200290D9
:10C8100001E001200290641C04E00120019001E08D
:10C820000120019001980028BBD00298012801D175
:10C830004FF0FF380A98844202D0C9F8004001E066
:10C84000C9F80060189880F800B0404638E7F8B59D
:10C8500004460D46164600200346324629460090FF
:10C860002046FFF715FF07463846F8BD2DE9FC4185
:10C8700005460E46174601A801233A463146009068
:10C880002846FFF705FF04469DF8040040B9B4F1BF
:10C89000004F02D36FF0004000E02046804607E0E2
:10C8A000B4F1004F02D34FF0004000E060428046F8
:10C8B0004046BDE8FC810000D8F20108002800D104
:10C8C0007047002900D17047002A00D170472DE938
:10C8D000F81F00F0030301F00304A34211D1C3F1D8
:10C8E000040303F00303012B1DD3012A00D2F2E05D
:10C8F00011F8014B00F8014BA3F10103A2F1010271
:10C90000F1E700F0010301F00104A34200D094E03C
:10C91000012B44D311F8014B00F8014BA3F10103A3
:10C92000A2F10102F4E7B2F5B47F26D3B1E8F81F13
:10C93000A0E8F81FB1E8F81FA0E8F81FB1E8F81F59
:10C94000A0E8F81FB1E8F81FA0E8F81FB1E8F81F49
:10C95000A0E8F81FB1E8F81FA0E8F81FB1E8F81F39
:10C96000A0E8F81FB1E8F81FA0E8F81FB1E8F81F29
:10C97000A0E8F81FA2F5B472D5E7282A06D3B1E8DB
:10C98000F81FA0E8F81FA2F12802F6E7042A06D350
:10C9900051F8043B40F8043BA2F10402F6E7202AD8
:10C9A00042D331F8023B20F8023B31F8023B20F839
:10C9B000023B31F8023B20F8023B31F8023B20F801
:10C9C000023B31F8023B20F8023B31F8023B20F8F1
:10C9D000023B31F8023B20F8023B31F8023B20F8E1
:10C9E000023B31F8023B20F8023B31F8023B20F8D1
:10C9F000023B31F8023B20F8023B31F8023B20F8C1
:10CA0000023B31F8023B20F8023B31F8023B20F8B0
:10CA1000023B31F8023B20F8023B31F8023B20F8A0
:10CA2000023BA2F12002BAE7022A06D331F8023B08
:10CA300020F8023BA2F10202F6E7102A42D311F8D5
:10CA4000013B00F8013B11F8013B00F8013B11F8F4
:10CA5000013B00F8013B11F8013B00F8013B11F8E4
:10CA6000013B00F8013B11F8013B00F8013B11F8D4
:10CA7000013B00F8013B11F8013B00F8013B11F8C4
:10CA8000013B00F8013B11F8013B00F8013B11F8B4
:10CA9000013B00F8013B11F8013B00F8013B11F8A4
:10CAA000013B00F8013B11F8013B00F8013B11F894
:10CAB000013B00F8013B11F8013B00F8013BA2F1FA
:10CAC0001002BAE7012A06D311F8013B00F8013B36
:10CAD000A2F10102F6E7BDE8F81F704715481648B5
:10CAE00016481748174818481848194819481A4846
:10CAF0001A481B481B481C481C481D481D481E4816
:10CB00001E481F481F4820482048214821482248E5
:10CB100022482348234824482448254825482648B5
:10CB2000264827482748284828482948294800BF38
:10CB3000704700000CF401086CF3010870F3010861
:10CB400074F3010878F301087CF3010880F301080D
:10CB500084F3010888F301088CF3010890F30108BD
:10CB600094F3010898F301089CF30108A0F301086D
:10CB7000A4F30108A8F30108ACF30108B0F301081D
:10CB8000B4F30108B8F30108BCF30108C0F30108CD
:10CB9000C4F30108C8F30108CCF30108D0F301087D
:10CBA000D4F30108D8F30108DCF30108E0F301082D
:10CBB000E4F30108E8F30108ECF30108F0F30108DD
:10CBC000F4F30108F8F30108FCF3010800F401088C
:10CBD00004F4010808F40108002400BF19E000BFB4
:10CBE00000BFFEF7AFFB044600BF00BFF948006876
:10CBF000401CF8490860F8480068401CF649086085
:10CC000000BF00BF2046FEF7A1FB00BF00BF07F03A
:10CC100079FBE4E710B58AB004460020ED490860CE
:10CC20000B2000210591CDE9070406910846EB4948
:10CC30000968EB4A1268EB4B1B68CDE90132CDE97C
:10CC400003103F200023AFF26F02E7A10090EB48F2
:10CC500004F084FD0AB010BD00210AE001EB41029E
:10CC6000E74B03EB820000220281026042604A1C13
:10CC7000D1B24029F2D3704770B5044607F04AFBA1
:10CC80000020E0490870E0490870E0490870E04978
:10CC90000860E0490860E0490870E0490870E04930
:10CCA0000870E0490860E0490860E0490860E04930
:10CCB0000870E04800680A21B0FBF1F0DE49086026
:10CCC000DE48006858B1DE48056845B1DB480668B3
:10CCD00003E0761E002028602D1D002EF9D10020D3
:10CCE000D8490860D8490860D8490860D849086020
:10CCF000D8490860D8490860D8490860D849087000
:10CD000003F00CF8FFF7A8FF204601F035FE20885D
:10CD100000B170BD204602F070F9208800B1F8E73C
:10CD2000204602F096F9208800B1F2E7204602F092
:10CD3000DDFF208800B1ECE7204603F089FC208865
:10CD400000B1E6E7204604F09FF8208800B1E0E754
:10CD5000204606F073F9208800B1DAE7204601F09A
:10CD600090FF208800B1D4E72046FFF753FF2088CA
:10CD700000B1CEE7204606F0B8FA208800B1C8E737
:10CD8000204604F03AFB208800B1C2E7204607F0B5
:10CD900014FA208800B1BCE700F016FEFFF79EFEF3
:10CDA00000BFB6E798480078012800D07047954842
:10CDB0000078FA2800DBF9E792480078401C914996
:10CDC000087000BFF2E710B500248F4800780128F2
:10CDD00000D010BD00BFFEF7B5FA044600BF894879
:10CDE000007828B900BF2046FEF7B0FA00BFF0E790
:10CDF00084480078401E834908700846007800285F
:10CE000005DD00BF2046FEF7A1FA00BFE1E77F483D
:10CE10000078002805DD00BF2046FEF797FA00BF26
:10CE2000D7E702F085FF7D4908700846007800EBDF
:10CE30004000734951F820007649086008460068B0
:10CE400073490968884205D100BF2046FEF77EFA83
:10CE500000BFBEE76F480068D0F89000401C6D49E5
:10CE60000968C1F890007F480068401C7D4908604F
:10CE700008F036F900BF2046FEF768FA00BF00BF91
:10CE8000A7E710B500245F480078002800DD10BD3A
:10CE90005E480078002800DDF9E700BFFEF752FA8F
:10CEA000044600BF02F044FF5C4908700846007861
:10CEB00000EB4000524951F82000564908600846EE
:10CEC000006853490968884205D100BF2046FEF733
:10CED0003DFA00BFDBE74F480068D0F89000401CE7
:10CEE0004C490968C1F890005E480068401C5D49E3
:10CEF000086008F0F0F800BF2046FEF727FA00BFF0
:10CF000000BFC4E710B541480078012803D1FEF7FF
:10CF10009CF84449086010BD70B5044600253948A6
:10CF20000078002803DD46F66250208070BD364848
:10CF30000078012803D045F689602080F6E7334861
:10CF40000078FA2803DB45F209202080EEE700BFD5
:10CF500000BFFEF7F7F9054600BF00BF2B48007879
:10CF6000401C2A490870FFF7CDFF00BF00BF2846CC
:10CF7000FEF7ECF900BF00BF0020208000BFD5E71E
:10CF800010B52248007880B9FEF75FF82549096896
:10CF9000441A25480068A04201D22348046023486F
:10CFA0000068A04201D22148046010BD70B504465B
:10CFB000002514480078002803DD46F665502080DF
:10CFC00070BD1148007801284ED045F68960208058
:10CFD000F6E70000F40000205801002074F3010877
:10CFE00070F301086CF3010875432F4F532D494925
:10CFF000492049646C65205461736B00ECD70120B3
:10D0000080D90120F8000020F90000204001002014
:10D01000980100209C01002026010020270100200B
:10D020002801002034010020380100203C010020AC
:10D0300048010020CCF30108440100209CF30108C2
:10D0400098F30108D8000020DC000020E000002058
:10D05000E4000020E8000020EC000020F0000020A8
:10D06000760100206C010020F948007818B946F6D6
:10D0700064502080A4E700BF00BFFEF763F90546B7
:10D0800000BF00BFF2480078401EF1490870084612
:10D09000007800280ADD00BF00BF2846FEF756F9D9
:10D0A00000BF00BF46F66350208089E7FFF768FFA6
:10D0B00000BF00BF2846FEF749F900BF00BFFFF7D9
:10D0C000E0FE0020208000BF7AE72DE9F041054610
:10D0D0000C461646002700BF00BFFEF733F907468F
:10D0E00000BF00BF012D03D00020DA49087002E024
:10D0F0000120D849087014B1D748046006E0D74829
:10D1000000680A21B0FBF1F0D349086000BF00BFFE
:10D110003846FEF71BF900BF00BF00203080BDE895
:10D12000F08110B501460C8924B1012C03D0022CEA
:10D130000CD101E000BF14E008684A6802610024D5
:10D14000C4601461D0600A6048600AE008684A68F8
:10D15000C36800241C61C4600261D0600B60486039
:10D1600000BF00BF10BD2DE9F04104460027BC48B8
:10D170000078002804DD48F2D1402080BDE8F0812D
:10D18000B3480078002803DD46F663502080F5E7B9
:10D19000B0480078012803D046F67B102080EDE7E8
:10D1A00000BF00BFFEF7CEF8074600BF00BFAD4886
:10D1B000007800EB4000AC4901EB80063089022882
:10D1C0000ADA00BF00BF3846FEF7C0F800BF00BF54
:10D1D00046F67A102080D1E73046FFF7A2FF356887
:10D1E000686D18B99C480068A86501E0686DA8657D
:10D1F00000BF00BF3846FEF7A9F800BF00BFFFF729
:10D2000040FE0020208000BFB8E710B504469748D4
:10D210000078E8B902F08CFD95490870084600785E
:10D22000904908709248007800EB40008E4951F810
:10D23000200090490860084600688F490860012076
:10D240008A49087007F036FF43F69920208002E0F3
:10D2500045F68A60208010BD01460020088047F214
:10D260005C60704730B548B14568C1F8C05000F106
:10D270000804226893681D6AC56113E091F8345070
:10D28000022D02D0072D08D103E07CA5C1F8C050C3
:10D2900007E07CA5C1F8C05003E07DA5C1F8C050EF
:10D2A00000BF00BF30BDF0B58E6896F837500789D3
:10D2B0003FB90127078100274F600F60016041607F
:10D2C00023E007897F1C0781026806E0946894F8D0
:10D2D0003770AF4200DD02E05268002AF6D100BF8D
:10D2E00032B900274F6043680B60596041600CE021
:10D2F00017682FB9116000270F604A60016004E0D1
:10D3000013680B604A6059601160F0BD10B5C287A8
:10D31000016300230AE000244C600C600C614C6146
:10D320000C83CC61886020315C1CA3B29342F2DB99
:10D3300010BD2DE9F041054695F8370000EB40009F
:10D34000494901EB80042F69EE6887B946B900208E
:10D3500020812060606095F8370002F00BFD0EE040
:10D360002089401E208100203061266007E020894E
:10D37000401E2081FE600EB9676000E0376100202A
:10D380002861E860BDE8F08138B504460D4685B1F6
:10D390006B4602222946204605F0E8FFBDF8000052
:10D3A00018B9032084F8360006E0022084F836001D
:10D3B00002E0022084F836002046FFF7BAFF38BDAD
:10D3C0002DE9F04105460C4616461F462A480068DE
:10D3D00080F8346000202849096881F83500394612
:10D3E00025480068FFF7D0FF6CB104F10808EC6035
:10D3F0000122294620480068FFF788FF2946404659
:10D40000FFF751FF06E000201B490968C8871A4949
:10D4100009680863184801682046FFF723FFBDE844
:10D42000F08110B50489012C03D10024046044600C
:10D4300034E00C6824B94A680024146002602DE0CE
:10D440004C6824B90B6800245C60436026E021E04E
:10D45000400100204801002044010020CCF30108D5
:10D46000F80000202601002080D90120F9000020CA
:10D47000270100209C010020980100205461736B5B
:10D48000205100005461736B2053656D0000000053
:10D49000200000000B684A685A6013600489641E0B
:10D4A000048100244C600C6010BD2DE9F04104465D
:10D4B000256BE68F0AE0D5F80C8008F108072946AD
:10D4C0003846FFF7AEFF2035701E86B2002EF2DC24
:10D4D0000020E0872063BDE8F08130B50346086B8B
:10D4E000CC8F08E0C5689D4202D10361C26104E0AF
:10D4F0002030651EACB2002CF4DC00BF30BD10B58E
:10D5000090F8373003EB4303F94C04EB83010B89AC
:10D510003BB901230B810023C360036108604860AD
:10D5200009E00B895B1C0B810B68C360002303615E
:10D530000A681061086010BD10B590F8373003EB31
:10D540004303EB4C04EB83010B893BB901230B81B3
:10D550000023C36003610860486008E00B895B1C1E
:10D560000B810023C3604A680261D060486010BD2F
:10D5700010B5044694F8370002F0ECFB94F837003D
:10D58000DC490978884203D12046FFF7D5FF02E045
:10D590002046FFF7B4FF10BD10B50446204605F045
:10D5A00075FD94F8360000F0040010B92046FFF72E
:10D5B000DFFF10BD70B505460C46164694F83600E0
:10D5C000082847D2DFE800F00405080906072728E5
:10D5D00000BF00BF00BF3EE000BF94F83400032846
:10D5E00004D1324621462846FFF777FF0020E06548
:10D5F000A4F86000266415B12046FFF756FF2046C8
:10D60000FFF7CAFF00203434A070012060700020B2
:10D6100004F834091FE000BF94F83400032804D153
:10D62000324621462846FFF758FF0020E065A4F85F
:10D630006000266415B12046FFF737FF204605F04D
:10D6400025FD04203434A07001206070002004F80F
:10D65000340900E000BF00BF70BD30B5AFF2D01597
:10D66000C1F8C05000F1080422681AB193681D6A1D
:10D67000C56102E0AFF2E815C56130BD2DE9F043A8
:10D6800004460F4684F83770256BB4F83E8013E0EB
:10D69000D5F80C9009F108063089012807D92946E8
:10D6A0003046FFF7BEFE29463046FFF7FCFD203529
:10D6B000A8F101001FFA80F8B8F1000FE8D1BDE829
:10D6C000F0830021016041600181704703895B1C88
:10D6D000038103684B6000230B60026802B1116094
:10D6E00001600389012B00D14160704730B50346CA
:10D6F000086BCC8F08E0C5689D4202D10361C2610E
:10D7000004E02030651EACB2002CF4DC00BF30BD5C
:10D7100070B506460C46154694F83600082845D2E2
:10D72000DFE800F0040508090607262700BF00BF50
:10D7300000BF3CE000BF94F83400032804D12A461F
:10D7400021463046FFF7D2FF0020E065A4F86000D4
:10D7500025642046FFF7A9FE2046FFF71DFF0020A5
:10D760003434A07002206070002004F834091EE0F8
:10D7700000BF94F83400032804D12A4621463046DD
:10D78000FFF7B4FF0020E065A4F8600025642046A0
:10D7900005F07CFC2046FFF788FE04203434A0709E
:10D7A00002206070002004F8340900E000BF00BFD0
:10D7B00070BDF0B50446059E086BCD8F0AE0C768C2
:10D7C000A74204D1046142610383C66104E02030B2
:10D7D0006F1EBDB2002DF2DC00BFF0BD2DE9F84395
:10D7E00006460C4617469846089D94F836000828C9
:10D7F00050D2DFE800F00405080906072B2C00BF13
:10D8000000BF00BF47E000BF94F83400032807D1F1
:10D8100043463A46214630460095FFF7CAFF03E0EB
:10D82000E765A4F86080256436B12046FFF73DFE29
:10D8300021463046FFF711FF2046FFF7ADFE0020DE
:10D840003434A070607004F8340924E000BF94F808
:10D850003400032807D143463A4621463046009516
:10D86000FFF7A7FF03E0E765A4F860802564204682
:10D8700005F00CFC36B12046FFF717FE2146304676
:10D88000FFF7EBFE04203434A0700020607004F831
:10D89000340900E000BF00BFBDE8F88310B50024E4
:10D8A00000BFFDF74FFD044600BF0020124908707D
:10D8B00012481349086008460068D0F89000401CE0
:10D8C0000968C1F890000F480068401C0D490860C5
:10D8D00007F001FC00BF2046FDF738FD00BF10BD7A
:10D8E00070B5054600260848007801280ED070BDA6
:10D8F00080D901202601002027010020B0D8012076
:10D900009C0100206C0100204801002000BF00BFE6
:10D91000FDF718FD064600BF00BF2C683CB900BFEC
:10D9200000BF3046FDF712FD00BF00BFDFE7234810
:10D93000844207D100BF00BF3046FDF707FD00BF9E
:10D9400000BFD4E7A06D10B1A06D401EA065A06D12
:10D9500038B100BF00BF3046FDF7F8FC00BF00BF84
:10D96000C5E72889022807DA00BF00BF3046FDF767
:10D97000EDFC00BF00BFBAE711480078002807DDC2
:10D9800000BF00BF3046FDF7E1FC00BF00BFAEE7BF
:10D990002846FFF7C6FB2C68606D18B90948006877
:10D9A000A06501E0606DA06500BF00BF3046FDF7D7
:10D9B000CDFC00BF00BF00BF99E70000ECD70120FD
:10D9C00040010020440100202448254825482648DD
:10D9D00026482748274828482848294829482A48C7
:10D9E0002A482B482B482C482C482D482D482E4897
:10D9F0002E482F482F483048304831483148324867
:10DA00003248334833483448344835483548364836
:10DA100036483748374838483848394839483A4806
:10DA20003A483B483B483C483C483D483D483E48D6
:10DA30003E483F483F4840484048414841484248A6
:10DA40004248434843484448444845484548464876
:10DA500046484748474800BF7047000010F4010897
:10DA600078F5010812F4010813F4010814F4010810
:10DA700018F401081CF4010819F4010844F4010821
:10DA800045F4010846F4010848F401084AF4010885
:10DA90004CF401084EF4010850F4010870F4010838
:10DAA00072F4010874F4010876F4010878F40108AE
:10DAB0007AF401087CF40108A8F40108A9F401082B
:10DAC000AAF40108ACF40108AEF40108AFF40108AF
:10DAD000B0F40108B2F40108B4F40108B6F4010886
:10DAE000B8F40108BAF40108BCF40108ECF4010828
:10DAF000EDF40108EEF40108EFF40108F0F4010878
:10DB0000F2F40108F4F401081CF501081DF5010800
:10DB10001EF501081FF5010820F5010822F501088E
:10DB200024F5010828F5010829F501082AF501085E
:10DB30002BF501082CF501082DF501082EF501083B
:10DB40002FF5010830F5010832F5010833F5010819
:10DB500034F5010836F5010838F5010839F50108F2
:10DB60003CF5010870F5010871F5010872F501082E
:10DB700074F5010876F50108F7A1C1610021416142
:10DB8000F649096811B90021816105E0F349096886
:10DB90008161F24909684861F049086070472DE9E0
:10DBA000F04104460E4617461D464FF00008EC486B
:10DBB0000078002804DD42F6E1602880BDE8F081AD
:10DBC0001CB945F6C3502880F8E700BF00BF00BF6E
:10DBD000FDF7B8FB804600BF00BFE2480078401C5C
:10DBE000E049087000BF00BF4046FDF7AFFB00BF33
:10DBF00000BF00BFDC4820606660276200206062D2
:10DC000004F10800FFF75DFD2046FFF7B5FFD74898
:10DC10000088401CD549088000BF00BF00BFFDF749
:10DC200091FB804600BF00BFCE480078401ECD4922
:10DC3000087000BF00BF4046FDF788FB00BF00BF73
:10DC400000BF0020288000BFB8E770B50446C84870
:10DC50002060C8A060600020206204F1080528460A
:10DC6000FFF72FFD70BD426981693AB9BB4B19605E
:10DC700009B100234B610023836109E019B9002336
:10DC80009361436104E091614A61002383614361D0
:10DC900070472DE9FC5F0546884614460020009039
:10DCA000AF480078002805DD43F2C920208000201D
:10DCB000BDE8FC9F25B945F6C35020800020F7E75A
:10DCC000B8F1000F03D0B8F1010F02D100E000BF9E
:10DCD00004E045F6256020800020E9E700BFA24966
:10DCE0002868884204D045F6C45020800020DFE731
:10DCF00000BF00BF00BFFDF725FB009000BF00BFC5
:10DD000098480078401C9749087000BF00BF0098F1
:10DD1000FDF71CFB00BF00BF00BF05F10809B9F803
:10DD200008603746B8F1000F03D0B8F1010F6ED18B
:10DD30006EE07FBB2846FFF796FF8C480088401EA8
:10DD40008A4908802846FFF780FF00BF00BF00BF58
:10DD5000FDF7F8FA009000BF00BF82480078401E2F
:10DD60008049087008460078A8B9844800880028CF
:10DD700009DD00BF00BF0098FDF7E8FA00BF00BF53
:10DD8000FFF78CFD0EE000BF00BF0098FDF7DEFA44
:10DD900000BF07E00AE000BF00BF0098FDF7D6FA19
:10DDA00000BF00BF00BF002020802FE000BF00BFE9
:10DDB00000BFFDF7C7FA009000BF00BF69480078B8
:10DDC000401E6849087008460078A0B96B48008872
:10DDD000002809DD00BF00BF0098FDF7B7FA00BFBB
:10DDE00000BFFFF75BFD0DE000BF00BF0098FDF72F
:10DDF000ADFA00BF06E000BF00BF0098FDF7A6FA2D
:10DE000000BF00BF00BF47F25F10208067E035E031
:10DE1000FDF71BF901900AE0D9F800A0DAF808B084
:10DE200059462846019AFFF773FC701E86B2002EF1
:10DE3000F2D12846FFF717FF4C480088401E4B4997
:10DE400008802846FFF701FF00BF00BF00BFFDF7B5
:10DE500079FA009000BF00BF42480078401E414957
:10DE6000087000BF00BF0098FDF770FA00BF00BF48
:10DE700000BFFFF706F80020208030E000BF00BFA1
:10DE800000BFFDF75FFA009000BF00BF3548007883
:10DE9000401E3449087008460078A0B93748008809
:10DEA000002809DD00BF00BF0098FDF74FFA00BF52
:10DEB00000BFFFF7F3FC0DE000BF00BF0098FDF7C7
:10DEC00045FA00BF06E000BF00BF0098FDF73EFA2C
:10DED00000BF00BF00BF45F62560208000BF00BF27
:10DEE0003846E5E62DE9F04106460F4614461D4644
:10DEF000DDF8188022480068C0F88040204800689B
:10DF0000A0F8885000201E490968C1F884004346E3
:10DF1000012239463046FFF753FABDE8F0812DE97A
:10DF2000F04F8BB00446884693469946DDE9147558
:10DF3000002001900A480078002806DD46F2AE1065
:10DF4000288000200BB0BDE8F08FDCB945F6C35047
:10DF500028800020F6E700002000000010010020CB
:10DF6000F800002040010020464C414714010020E9
:10DF70004E4F4E453F464C414700000004010020F3
:10DF80009801002048F20101A9EB0100894536D033
:10DF90001ADC40F20111A9EB010089452BD00CDC01
:10DFA000B9F1010F23D0B9F1020F21D0B9F1040F5B
:10DFB0001FD0B9F1080F2AD11CE001281CD003287A
:10DFC0001BD0072823D119E0B0F5807F1BD006DCD9
:10DFD000012815D0032814D0072818D112E0A0F288
:10DFE000011088B1022810D0062810D10EE000BF21
:10DFF00000BF00BF00BF00BF00BF00BF00BF00BF29
:10E0000000BF00BF00BF00BF00BF00BF04E045F677
:10E0100025602880002095E700BFF94920688842E4
:10E0200004D045F6C450288000208BE709F48070A6
:10E0300010B14FF0010A01E04FF0000A0FB10020CB
:10E04000386009F00F000A9000BF00BFFDF77AF9B1
:10E05000019000BF00BF0A9801286ED002286DD041
:10E06000042802D008286AD16AE0206A00EA08067B
:10E07000464517D1BAF1010F02D1206AB0432062A0
:10E08000E0480068C0F884600FB1606A386000BF83
:10E0900000BF0198FDF75AF900BF00BF002028809B
:10E0A00030464FE709F4004058B100BF00BF019867
:10E0B000FDF74CF900BF00BF46F2B01028800020E9
:10E0C00040E7D148007800280BDD00BF00BF019871
:10E0D000FDF73CF900BF00BF46F6635028800020E2
:10E0E00030E700BFC8480078401CC749087000BF2F
:10E0F00000BF0198FDF72AF900BF00BF00BF4B46E3
:10E100004246214602A8CDF800B0FFF7EBFE00BF63
:10E1100000BF00BFFDF716F9019000BF00BFBA486D
:10E120000078401EB849087000BF00BF0198FDF795
:10E130000DF900BF00BF00BF44E168E0CFE035E16A
:10E14000206A00EA0806BEB1BAF1010F02D1206AC6
:10E15000B0432062AB480068C0F884600FB1606AC9
:10E16000386000BF00BF0198FDF7F0F800BF00BFA6
:10E17000002028803046E5E609F4004058B100BF91
:10E1800000BF0198FDF7E2F800BF00BF46F2B010F3
:10E1900028800020D6E69C48007800280BDD00BFD0
:10E1A00000BF0198FDF7D2F800BF00BF46F66350EC
:10E1B00028800020C6E600BF93480078401C9249A2
:10E1C000087000BF00BF0198FDF7C0F800BF00BF96
:10E1D00000BF4B464246214602A8CDF800B0FFF7EB
:10E1E00081FE00BF00BF00BFFDF7ACF8019000BF8B
:10E1F00000BF85480078401E8349087000BF00BFFB
:10E200000198FDF7A3F800BF00BF00BFDAE0206A65
:10E2100028EA0006464517D1BAF1010F02D1206A5B
:10E220003043206277480068C0F884600FB1606AAC
:10E23000386000BF00BF0198FDF788F800BF00BF3D
:10E240000020288030467DE609F4004058B100BF28
:10E2500000BF0198FDF77AF800BF00BF46F2B0108A
:10E26000288000206EE66848007800280BDD00BF9B
:10E2700000BF0198FDF76AF800BF00BF46F6635083
:10E28000288000205EE600BF5F480078401C5E49A1
:10E29000087000BF00BF0198FDF758F800BF00BF2D
:10E2A00000BF4B464246214602A8CDF800B0FFF71A
:10E2B00019FE00BF00BF00BFFDF744F8019000BF8A
:10E2C00000BF51480078401E4F49087000BF00BF92
:10E2D0000198FDF73BF800BF00BF00BF72E0206A65
:10E2E00028EA0006BEB1BAF1010F02D1206A30431C
:10E2F000206244480068C0F884600FB1606A3860EA
:10E3000000BF00BF0198FDF721F800BF00BF00204B
:10E310002880304616E609F4004058B100BF00BF1F
:10E320000198FDF713F800BF00BF46F2B010288037
:10E33000002007E63448007800280BDD00BF00BF4E
:10E340000198FDF703F800BF00BF46F66350288030
:10E350000020F7E500BF2C480078401C2A490870CF
:10E3600000BF00BF0198FCF7F1FF00BF00BF00BF76
:10E370004B464246214602A8CDF800B0FFF7B2FD59
:10E3800000BF00BF00BFFCF7DDFF019000BF00BF72
:10E390001D480078401E1C49087000BF00BF01984E
:10E3A000FCF7D4FF00BF00BF00BF0BE000BF00BF01
:10E3B0000198FCF7CBFF00BF00BF45F62560288021
:10E3C0000020BFE500BFFEF75CFD00BF00BFFCF70B
:10E3D000B9FF019000BF00BF0A48006890F83500FF
:10E3E00030B1012812D0022830D003283FD11EE0DE
:10E3F0001FB104480068006C38600020288042E0AB
:10E40000464C414798010020400100201FB1FC48C4
:10E410000068006C386000BF00BF0198FCF796FFF1
:10E4200000BF00BF46F2A910288000208AE50FB186
:10E430000020386000BF00BF0198FCF787FF00BFD5
:10E4400000BF47F2D920288000207BE51FB1EC48AF
:10E450000068006C386000BF00BF0198FCF776FFD1
:10E4600000BF00BF45F6C250288000206AE500BF0B
:10E4700000BF0198FCF76AFF00BF00BF46F62E60A0
:10E48000288000205EE500BFDD480068D0F8846089
:10E49000BAF1010F20D10A9801280BD002280AD026
:10E4A000042802D008280AD100E000BF206AB04347
:10E4B000206210E000BF206A304320620BE000BF02
:10E4C00000BF0198FCF742FF00BF00BF45F6256082
:10E4D0002880002036E500BF00BF00BF0198FCF790
:10E4E00035FF00BF00BF0020288030462AE52DE917
:10E4F000F05F05460E4614464FF0000AC14800780A
:10E50000002805DD46F2AA1020800020BDE8F09F1B
:10E5100025B945F6C35020800020F7E74EB1B6F587
:10E52000807F07D0B6F5004F05D0B6F5014F04D176
:10E5300002E000BF00BF00BF04E045F62560208078
:10E540000020E3E700BFB0492868884204D045F6C0
:10E55000C45020800020D9E700BF00BFFCF7F2FEC6
:10E56000824600BF00BF05F10807388958B900BFCF
:10E5700000BF5046FCF7EAFE00BF00BF46F2AB10FA
:10E5800020800020C2E700BFA0480078401C9F49BF
:10E59000087000BF00BF5046FCF7D8FE00BF00BFA8
:10E5A00000BF4FF00008FCF750FD83460FE03868CD
:10E5B000D0F808905A4649462846FEF7FBFF08F176
:10E5C00001001FFA80F8B6F5807F00D002E038899C
:10E5D0000028ECDC00BF00BF00BF00BFFCF7B2FEAC
:10E5E000824600BF00BF89480078401E87490870F6
:10E5F00000BF00BF5046FCF7A9FE00BF00BF00BF30
:10E6000006F4004008B9FEF73CFC0020208040469C
:10E610007CE770B5044600267A480078002804DDBF
:10E6200046F2AE102080002070BD00BF00BFFCF796
:10E6300089FE064600BF00BF71480068D0F88450CC
:10E6400000BF00BF3046FCF781FE00BF00BF0020C6
:10E6500020802846E8E770B504460E461546343457
:10E660002665002060702070E560A078343C0828A2
:10E6700016D2DFE800F0040508090706101100BFF4
:10E6800000BF00BF0DE000BF2046FEF785FF002061
:10E6900084F8360005E000BF042084F8360000E06E
:10E6A00000BF00BF2046FEF700FF70BD2DE9F04F10
:10E6B00085B00446894692469B46DDF838800020A6
:10E6C000009000BF00BFFCF73DFE009000BF00BF00
:10E6D000BAF1000F0AD0BAF1010F0DD0BAF5004F10
:10E6E00005D06FF40040504460B906E000BF206AD6
:10E6F00040EA0900206214E000BF206A20EA090015
:10E7000020620EE000BF00BF0098FCF71FFE00BFB4
:10E7100000BF45F62560A8F80000002005B0BDE860
:10E72000F08F00BFC4F824B004F1080001900198F4
:10E73000008958B900BF00BF0098FCF707FE00BF72
:10E7400000BF0020A8F80000206AE7E700BF2F48BC
:10E750000078401C2D49087000BF00BF0098FCF7EE
:10E76000F5FD00BF00BF00BF01980768BD6888E0E5
:10E770007868029095F8880000F00F0003900398E5
:10E78000012821D002282ED0042802D008283FD109
:10E790000EE0206AD5F8801000EA0106D5F8800066
:10E7A000B04204D15A4631462846FFF754FF62E092
:10E7B000206AD5F8801000EA010626B15A46314693
:10E7C0002846FFF748FF56E0D5F88000216A20EA86
:10E7D0000106D5F88000B04204D15A463146284699
:10E7E000FFF739FF47E0D5F88000216A20EA0106EB
:10E7F00026B15A4631462846FFF72DFF3BE0000080
:10E8000098010020F8000020464C414740010020BC
:10E8100000BF00BF00BFFCF795FD009000BF00BF28
:10E8200059480078401E5849087008460078A0B939
:10E8300056480088002809DD00BF00BF0098FCF79B
:10E8400085FD00BF00BFFFF729F80DE000BF00BF46
:10E850000098FCF77BFD00BF06E000BF00BF0098FA
:10E86000FCF774FD00BF00BF00BF43F6FF20A8F80F
:10E870000000002052E700BF029F0FB1BD6800E01A
:10E880000025002D7FF474AF00BF00BF00BFFCF770
:10E8900059FD009000BF00BF3B480078401E3A4938
:10E8A000087000BF00BF0098FCF750FD00BF00BF1C
:10E8B00000BF0AF4004008B9FEF7E3FA00BF00BF4A
:10E8C000FCF740FD009000BF00BF206A049000BF2D
:10E8D00000BF0098FCF73AFD00BF00BF0020A8F879
:10E8E000000004981AE72DE9FF47054688461746B9
:10E8F0001C4635B945F6C3502080002004B0BDE861
:10E90000F0874FB1012F08D0B7F5004F06D06FF454
:10E910000040384420B902E000BF00BF00BF04E05F
:10E9200045F6256020800020E8E700BF18492868E8
:10E93000884204D045F6C45020800020DEE7FCF772
:10E9400084FB06461348007800280BDD00231A4696
:10E9500029460F48CDE90087CDE9026400F020F890
:10E960000020CBE733463A46414628460094FFF75D
:10E970009DFE81464846C1E70021074A1160074ACB
:10E980001180018070470000400100200401002038
:10E99000464C4147F80000201001002014010020DF
:10E9A0002DE9F84F04460D4616461F46DDE90BAB30
:10E9B000DDF82890DDF834800020009000BF00BF13
:10E9C000FCF7C0FC009000BF00BFE2480088E249AD
:10E9D000098888423EDADF480088401CDD4908800B
:10E9E000DE4800880988884203DADA480088DB4973
:10E9F0000880DB4800680460D94800688560D84812
:10EA00000068C660D64800680782D5480068C0F82C
:10EA10001490D3480068A0F818A0D1480068C0F846
:10EA20001CB0CF4800684068CD4908600120CD493E
:10EA30000881CD4808604860002001F08BF9CB4880
:10EA4000007818B1C9480078C94908700020A8F8B2
:10EA5000000008E0C7480088401CC649088044F20E
:10EA60005360A8F8000000BF00BF0098FCF76EFCE0
:10EA700000BF00BFBDE8F88F3EB5BF480068006822
:10EA8000BE4A811A904279D00FDCBD490844002863
:10EA90003ED0BC490844A8B1BB490844002860D016
:10EAA000BA49084400286AD13FE0B9480844002820
:10EAB00050D0B8490844002862D0B749084400281B
:10EAC000F1D110E002A8AC4D00902D68EB69AA4D81
:10EAD0002D682A8BA84D2D686969A74D2D68A868F7
:10EAE000FFF7E4FD7AE002A9A3480068C069A24DDF
:10EAF000CDE900012D682B8B9F4D2D682A8A9E4DF4
:10EB00002D68E9689C4D2D68A86801F09CFC65E0C3
:10EB1000994B1B68DA69984B1B68198B964B1B68DD
:10EB2000986802AB02F074F858E002A992480068B5
:10EB3000C069914DCDE900012D682B8B8E4D2D685C
:10EB40002A8A8D4D2D68E9688B4D2D68A86803F0E1
:10EB500026FA43E088490968886802A903F0D7FBD0
:10EB60003CE0854B1B68DA69834B1B68198B824B31
:10EB70001B68986802AB03F039FE2FE007E02CE039
:10EB80007D490968886802A904F05DF926E07849A2
:10EB9000097801EB4101734A02EB8100FEF7A0FE08
:10EBA0007548006802AB0021C2697C4803F01EFE74
:10EBB0007B480068401E7A4908600846006858B9DA
:10EBC000784800680860FCF740FA044602AB224629
:10EBD0000021754803F00AFE00E000BF00BF3EBD03
:10EBE000002700BF4CE0002648E000BF00BFFCF754
:10EBF000A9FB074600BF00BF5648008888B900201F
:10EC0000584908810860486001F0B4F800BF00BFAF
:10EC10003846FCF79BFB00BF00BFFEF732F9012628
:10EC20002CE000BF00BF3846FCF790FB00BF00BFE0
:10EC3000FCF70BFA0546FFF71FFFFCF706FA441B2B
:10EC40005A480068A04201D25848046000BF00BF83
:10EC5000FCF778FB074600BF00BF474800684068E4
:10EC6000454908603B480088401E3A49088000BF7B
:10EC700000BF3846FCF76AFB00BF00BF002EB4D0CF
:10EC8000B1E7F0B589B0054600203A490880484808
:10EC9000006820B944F25260288009B0F0BD2E48C7
:10ECA0000088022803DA44F254602880F5E7002047
:10ECB0003E4908603E4804682646203600270CE09E
:10ECC0003C4820600020A060E060208260612083DA
:10ECD000666020342036781C87B21F48008887423F
:10ECE000EEDB203C3248066866601D48066022481C
:10ECF0000660002017490880184908802E480068DF
:10ED000018B944F255602880C7E72C4800682C49A0
:10ED10000968884203D244F256602880BDE7032088
:10ED200000210591CDE90705069124480068254A90
:10ED30001268214B1B68CDE90301CDE90132009136
:10ED40000B46AFF2631220A1074802F007FD00BF97
:10ED5000A3E700000401002080F301080601002061
:10ED6000FC00002080D90120B0D80120260100201D
:10ED70002801002008010020000100205449434BD5
:10ED8000ADBAB2BE0DF90BFAF2F8F7FF0006F6FFC6
:10ED900000F7FDF700FFEFFF03FE0FFE44DD01204B
:10EDA000940100209001002008DE01200C010020C9
:10EDB0007CF301084E4F4E4588F3010890F301089B
:10EDC000C8F301088CF3010875432F4F532D4949AF
:10EDD0004920495352205175657565205461736B04
:10EDE00000000000002181618749096811B90021F4
:10EDF000C16105E084490968C16183490968886186
:10EE00008149086070472DE9FF4F83B004461546DD
:10EE10001F46DDE91096002000907C48007800280D
:10EE200005DD45F2B960308007B0BDE8F08F1DB94F
:10EE300045F2BB603080F7E7022F03DA45F2BC6091
:10EE40003080F1E7B9F1040F03D245F2C1603080A0
:10EE5000EAE74FF0030ABAF1000F0DD005EA0A0005
:10EE600018B145F2BB603080DEE709EA0A0018B14C
:10EE700045F2C1603080D7E7AB46A846781E80B225
:10EE800001900020029007E0C844CBF80080C34600
:10EE90000298401C80B20290DDE901108842F3DB49
:10EEA0000020CBF8000000BF00BF00BFFCF74AFA0B
:10EEB000009000BF00BF56480078401C54490870BD
:10EEC00000BF00BF0098FCF741FA00BF00BF00BFC1
:10EED000504820600498A0606560E560A782678262
:10EEE000A4F810902046FFF77DFF4B480088401C97
:10EEF0004949088000BF00BF00BFFCF723FA00901B
:10EF000000BF00BF42480078401E4149087000BF62
:10EF100000BF0098FCF71AFA00BF00BF00BF002036
:10EF2000308000BF80E72DE9F04104460D46002700
:10EF30002CB945F2BF6028800020BDE8F08100BFF9
:10EF400000BFFCF7FFF9074600BF00BFA08A58B911
:10EF500000BF00BF3846FCF7F9F900BF00BF45F21B
:10EF6000C26028800020E8E7E6683068E060A08A98
:10EF7000401EA08200BF00BF3846FCF7E7F900BF83
:10EF800000BF002028803046D7E72DE9F041044635
:10EF90000E461546002724B945F2BF602880BDE81B
:10EFA000F0811EB945F2BE602880F8E700BF00BFBF
:10EFB000FCF7C8F9074600BF00BFA08A618A8842F3
:10EFC0000ADB00BF00BF3846FCF7C0F900BF00BF36
:10EFD00045F2BA602880E2E7E0683060E660A08A27
:10EFE000401CA08200BF00BF3846FCF7AFF900BF4D
:10EFF00000BF0020288000BFD1E70021024A116035
:10F00000054A11800180704718010020F800002097
:10F01000400100204D454D201C01002070B50246E6
:10F020000B461046114610315E1EB5B2002408E0B2
:10F030000160002646600681C66010301031661CF3
:10F04000B4B2AC42F4DB0026066046600681C660BE
:10F0500070BD10B504467948006818B945F21E70B5
:10F06000208010BD7648008818B945F21D702080B8
:10F07000F7E77348018871480068FFF7CFFF6F48D2
:10F080000068704908606E48008888800020C88049
:10F090000881208000BFE4E710B5014648894B890C
:10F0A000002B17DD0A68674B1B681360654C4B68C3
:10F0B00023602346DB884C891B1B624CE38023467C
:10F0C0009B884C8923445F4CA38000234B818B8118
:10F0D0000B604B6010BD0181002242818281026081
:10F0E00042607047F0B504460D46608940B9002083
:10F0F000288002B1106046F2925018800020F0BDC6
:10F1000061684E68088928800AB1C868106008687C
:10F110006060606818B900202060608102E060894A
:10F12000401E60814748006808604648016080884A
:10F13000401C444FB8803846C088401EF8800020EC
:10F1400018803046DBE72DE9F0410D46DDE9067415
:10F15000B0F80AC0B0F80880C44505DB46F2935CFD
:10F16000A4F800C0BDE8F081DFF8D8C0BCF804C046
:10F17000BCF1000F04D145F21D7CA4F800C0F1E7FA
:10F18000DFF8C0C0DCF80010DFF8B880D1F800C0AC
:10F19000C8F800C0C446BCF804C0ACF1010CA8F823
:10F1A00004C0C446BCF806C00CF1010CA8F806C0A7
:10F1B000C446BCF808C0B8F80680C44507DADFF8D2
:10F1C00084C0BCF806C0DFF87C80A8F808C0B0F89E
:10F1D0000AC0BCF1000F06D1016041604FF0010C84
:10F1E000A0F80AC017E003F0100CBCF1000F07D123
:10F1F000066831604FF0000CC1F800C0016004E007
:10F20000D0F804C0C1F800C04160B0F80AC00CF1E9
:10F21000010CA0F80AC0B0F80CC0B0F80A80C445D0
:10F2200003DAB0F80AC0A0F80CC04D600A81CF60C4
:10F230004FF0000CA4F800C000BF93E7ACF3010846
:10F24000A4F3010874D90120F8A1C1610021416132
:10F25000F749096811B90021816105E0F44909689D
:10F260008161F34909684861F149086070472DE9F7
:10F27000F04104460E4615460027EE480078002867
:10F2800004DD42F6E1602880BDE8F0811CB945F656
:10F29000C3502880F8E700BF00BF00BFFCF752F85A
:10F2A000074600BF00BFE4480078401CE2490870F0
:10F2B00000BF00BF3846FCF749F800BF00BF00BFE1
:10F2C000DE48206066600020206284F82500A0628D
:10F2D000402084F8240004F10800FEF7F2F92046EB
:10F2E000FFF7B2FFD6480088401CD549088000BF10
:10F2F00000BF00BFFCF726F8074600BF00BFCE489E
:10F300000078401ECC49087000BF00BF3846FCF7AB
:10F310001DF800BF00BF00BF0020288000BFB3E77A
:10F3200010B50446C7482060C7A060600020206276
:10F3300084F82500A062402084F8240004F108002D
:10F34000FEF7BFF910BD426981693AB9B84B19603F
:10F3500009B100234B610023836109E019B900233F
:10F360009361436104E091614A61002383614361D9
:10F3700070472DE9FE4F054689461446002000904F
:10F38000AC480078002805DD43F2C9202080002029
:10F39000BDE8FE8F25B945F6C35020800020F7E771
:10F3A000B9F1000F03D0B9F1010F02D100E000BFA5
:10F3B00004E045F6256020800020E9E700BF9F4972
:10F3C0002868884204D045F6C45020800020DFE73A
:10F3D00000BF00BF00BFFBF7B5FF009000BF00BF3C
:10F3E00095480078401C9449087000BF00BF009801
:10F3F000FBF7ACFF00BF00BF00BF05F1080ABAF879
:10F400000870B846B9F1000F03D0B9F1010F6FD100
:10F410006FE0B8F1000F3AD12846FFF794FF884813
:10F420000088401E864908802846FFF779FF00BF04
:10F4300000BF00BFFBF786FF009000BF00BF7E4803
:10F440000078401E7C49087008460078A0B98048C2
:10F450000088002809DD00BF00BF0098FBF776FF99
:10F4600000BF00BFFEF71AFA0DE000BF00BF009812
:10F47000FBF76CFF00BF06E000BF00BF0098FBF782
:10F4800065FF00BF00BF00BF002020802FE000BF4D
:10F4900000BF00BFFBF756FF009000BF00BF6648EB
:10F4A0000078401E6449087008460078A0B9684892
:10F4B0000088002809DD00BF00BF0098FBF746FF69
:10F4C00000BF00BFFEF7EAF90DE000BF00BF0098E3
:10F4D000FBF73CFF00BF06E000BF00BF0098FBF752
:10F4E00035FF00BF00BF00BF47F25F102080E2E0A1
:10F4F000B0E02E6A002E61D096F8370095F82410FF
:10F5000088425BD096F83600082824D2DFE800F065
:10F5100004131A1B14151C1D3046FDF70AFF95F83D
:10F52000240086F8370096F8370000F013FC3046C8
:10F53000FEF702F841E000BF00BF95F8240086F80E
:10F5400037003AE000BF00BF00BF95F824103046F6
:10F55000FEF794F831E000BF00BF00BFFBF7F2FEFA
:10F56000009000BF00BF34480078401E3249087048
:10F5700008460078A0B936480088002809DD00BF99
:10F5800000BF0098FBF7E2FE00BF00BFFEF786F960
:10F590000DE000BF00BF0098FBF7D8FE00BF06E0FB
:10F5A00000BF00BF0098FBF7D1FE00BF00BF00BF47
:10F5B00046F62D6020800020EAE600BFFBF745FDFF
:10F5C00001900BE0DAF800B0DBF808000290284662
:10F5D000DDE90121FEF79CF8781E87B2002FF1D1FA
:10F5E0002846FFF7B0FE16480088401E14490880E0
:10F5F0002846FFF795FE00BF00BF00BFFBF7A2FE45
:10F60000009000BF00BF0C480078401E0A490870F7
:10F6100000BF00BF0098FBF799FE00BF00BF00BF0E
:10F62000FDF72FFC0020208045E0000020000000B6
:10F6300020010020F8000020400100204D555458C2
:10F64000240100204E4F4E453F4D55544558000073
:10F650000401002000BF00BF00BFFBF773FE009055
:10F6600000BF00BFFE480078401EFD4908700846F4
:10F670000078A0B9FB480088002809DD00BF00BF62
:10F680000098FBF763FE00BF00BFFEF707F90DE02F
:10F6900000BF00BF0098FBF759FE00BF06E000BFA7
:10F6A00000BF0098FBF752FE00BF00BF00BF45F649
:10F6B0002560208000BF00BF404669E62DE9F04785
:10F6C00088B00546894690461C46109E4FF0000AB9
:10F6D000E5480078002805DD46F2AE10308008B01D
:10F6E000BDE8F0871DB945F6C3503080F7E7B8F1A3
:10F6F000000F03D0B8F5004F02D100E000BF03E0D7
:10F7000045F625603080EAE700BFD849286888427E
:10F7100003D045F6C4503080E1E70CB100202060F2
:10F7200000BF00BFFBF70EFE824600BF00BF95F88A
:10F730002500C0B9CE4800682862CD48006890F81E
:10F74000370085F82400012085F825000CB1A86A4F
:10F75000206000BF00BF5046FBF7F8FD00BF00BFB0
:10F7600000203080BBE7C249286A0968884212D16C
:10F7700095F82500401C85F825000CB1A86A20608A
:10F7800000BF00BF5046FBF7E1FD00BF00BF45F2E0
:10F7900082703080A3E708F4004050B100BF00BF82
:10F7A0005046FBF7D3FD00BF00BF46F2B0103080DB
:10F7B00095E7AB48007800280ADD00BF00BF50463F
:10F7C000FBF7C4FD00BF00BF46F66350308086E7FC
:10F7D00000BFA3480078401CA149087000BF00BFCB
:10F7E0005046FBF7B3FD00BF00BF00BF2F6A97F87C
:10F7F00037009F49096891F83710884260DD97F813
:10F80000360008282AD2DFE800F004151E1F17165C
:10F8100020213846FDF78DFD9548006890F83700A7
:10F8200087F8370097F8370000F094FA3846FDF76C
:10F8300066FE44E000BF00BF8D48006890F83700C6
:10F8400087F837003BE000BF00BF00BF8848006872
:10F8500090F837103846FDF711FF30E000BF00BFC9
:10F8600000BFFBF76FFD824600BF00BF7C480078F9
:10F87000401E7B49087008460078A0B97948008886
:10F88000002809DD00BF00BF5046FBF75FFD00BF49
:10F8900000BFFEF703F80DE000BF00BF5046FBF7C6
:10F8A00055FD00BF06E000BF00BF5046FBF74EFD10
:10F8B00000BF00BF00BF46F62D6030800FE700BFDD
:10F8C0004B46042229466846FDF77AFD00BF00BF7B
:10F8D00000BFFBF737FD824600BF00BF60480078DD
:10F8E000401E5F49087000BF00BF5046FBF72EFD69
:10F8F00000BF00BF00BFFDF7C4FA00BF00BFFBF7A9
:10F9000021FD824600BF00BF5948006890F83500CD
:10F9100030B101280CD002281AD0032821D110E0E0
:10F920001CB153480068006C2060002030801CE04F
:10F930001CB14F480068006C206046F2A91030806E
:10F9400013E00CB10020206047F2D92030800CE099
:10F950001CB147480068006C206045F6C2503080FA
:10F9600003E046F62E60308000BF00BF00BF00BF3E
:10F970005046FBF7EBFC00BF00BF00BFAFE62DE930
:10F98000F05F05460E4614464FF0000A36480078F0
:10F99000002805DD46F2AA1020800020BDE8F09F77
:10F9A00025B945F6C35020800020F7E74EB1B6F5E3
:10F9B000807F07D0B6F5004F05D0B6F5014F04D1D2
:10F9C00002E000BF00BF00BF04E045F625602080D4
:10F9D0000020E3E700BF25492868884204D045F6A7
:10F9E000C45020800020D9E700BF00BFFBF7AAFC6D
:10F9F000824600BF00BF05F10807388958B900BF2B
:10FA000000BF5046FBF7A2FC00BF00BF46F2AB10A0
:10FA100020800020C2E700BF11480078401C104938
:10FA2000087000BF00BF5046FBF790FC00BF00BF4E
:10FA300000BF4FF00008FBF708FB83461AE0386868
:10FA4000D0F808905A4649462846FDF7B3FD08F11C
:10FA500001001FFA80F8B6F5807F0BD00DE00000A2
:10FA60004001002004010020F80000204D555458AA
:10FA70009801002038890028E1DC00BF00BF00BFEA
:10FA800000BFFBF75FFC824600BF00BF9B480078C9
:10FA9000401E9A49087000BF00BF5046FBF756FC55
:10FAA00000BF00BF00BF06F4004008B9FDF7E9F948
:10FAB00000202080404671E72DE9F84F0446884633
:10FAC00015464FF0000A8E480078002804DD46F203
:10FAD0000E202880BDE8F88F1CB945F6C350288059
:10FAE000F8E7B8F1000F03D0B8F5004F02D100E0FD
:10FAF00000BF03E045F625602880EBE700BF8149A1
:10FB00002068884203D045F6C4502880E2E700BF51
:10FB100000BFFBF717FC824600BF00BF7A49206A8E
:10FB2000096888420AD000BF00BF5046FBF70EFCB0
:10FB300000BF00BF45F281702880CBE700BF6F484F
:10FB40000078401C6D49087000BF00BF5046FBF7AD
:10FB5000FDFB00BF00BF00BFFBF777FA0746A762B7
:10FB600094F82500401E84F8250094F8250000280C
:10FB700030DD00BF00BF00BFFBF7E4FB824600BFE3
:10FB800000BF5E480078401E5C4908700846007857
:10FB9000A0B95E480088002809DD00BF00BF5046BC
:10FBA000FBF7D4FB00BF00BFFDF778FE0DE000BF00
:10FBB00000BF5046FBF7CAFB00BF06E000BF00BF16
:10FBC0005046FBF7C3FB00BF00BF00BF45F2837088
:10FBD00028807FE704F10809B9F8080098BB0020E5
:10FBE000206284F8250000BF00BF00BFFBF7AAFB1E
:10FBF000824600BF00BF41480078401E3F49087060
:10FC000008460078A0B941480088002809DD00BFF7
:10FC100000BF5046FBF79AFB00BF00BFFDF73EFE5A
:10FC20000DE000BF00BF5046FBF790FB00BF06E0B1
:10FC300000BF00BF5046FBF789FB00BF00BF00BFFD
:10FC40000020288046E7FFE72F48006890F837003B
:10FC500094F82410884219D02B480068FDF769FBFE
:10FC600094F824002849096881F837002649096872
:10FC700091F8370000F06EF823480068FDF75CFC4F
:10FC80002148006890F8370021490870D9F8000031
:10FC90008668266296F8370084F82400012084F8EC
:10FCA000250000231A46314620460097FDF796FDB1
:10FCB00000BF00BF00BFFBF745FB824600BF00BF8F
:10FCC0000E480078401E0D49087000BF00BF504626
:10FCD000FBF73CFB00BF00BF00BF08F4004008B9C1
:10FCE000FDF7CFF80020288000BFF3E60021094A85
:10FCF0001160094A11800180704700004001002016
:10FD0000F80000204D5554589801002004010020AF
:10FD1000260100202001002024010020002004E012
:10FD200000211C4A42F82010401C0228F8D37047DA
:10FD300070B50025174C03E005F12000C5B2241D65
:10FD400020680028F8D02068FBF707FB2844C5B2DC
:10FD5000284670BD30B5420900F01F030121C3F1F0
:10FD60001F04A1400B4C54F822400C43094D45F8A8
:10FD7000224030BD30B5420900F01F030121C3F11C
:10FD80001F04A140034C54F822408C43014D45F818
:10FD9000224030BDD0000020F8A1C16100214161A6
:10FDA000F749096811B90021816105E0F449096842
:10FDB0008161F34909684861F149086070472DE99C
:10FDC000F04104460F4616461D464FF00008ED4828
:10FDD0000078002804DD42F6E1602880BDE8F0816B
:10FDE0001CB945F6C3502880F8E71EB946F2945076
:10FDF0002880F3E700BF00BF00BFFBF7A3FA8046EF
:10FE000000BF00BFE0480078401CDF49087000BF19
:10FE100000BF4046FBF79AFA00BF00BF00BFDB48B7
:10FE200020606760314604F12000FFF754F904F1C7
:10FE30000800FDF746FC2046FFF7AEFFD4480088D7
:10FE4000401CD349088000BF00BF00BFFBF77AFA0F
:10FE5000804600BF00BFCC480078401ECA490870E9
:10FE600000BF00BF4046FBF771FA00BF00BF00BFF4
:10FE70000020288000BFB1E710B5044604F120003F
:10FE8000FFF70AF9C3482060C3A06060002104F1B5
:10FE90002000FFF720F904F10800FDF712FC10BD67
:10FEA000426981693AB9B64B196009B100234B61C7
:10FEB0000023836109E019B900239361436104E0E1
:10FEC00091614A6100238361436170472DE9FC5FC2
:10FED00005468846144600200090AA48007800286D
:10FEE00005DD43F2C92020800020BDE8FC9F25B934
:10FEF00045F6C35020800020F7E7B8F1000F03D08B
:10FF0000B8F1010F02D100E000BF04E045F6256022
:10FF100020800020E9E700BF9C492868884204D07F
:10FF200045F6C45020800020DFE700BF00BFFBF78C
:10FF300009FA009000BF00BF05F10809B9F8086090
:10FF40003746B8F1000F03D0B8F1010F65D120E0BA
:10FF5000A7B92846FFF7A4FF8D480088401E8C49AA
:10FF600008802846FFF788FF00BF00BF0098FBF716
:10FF7000EDF900BF00BF0020208009E000BF00BFF6
:10FF80000098FBF7E3F900BF00BF47F25F10208045
:10FF90004EE000BF7C480078401C7B49087000BFE1
:10FFA00000BF0098FBF7D2F900BF00BF00BFFBF70E
:10FFB0004CF801900AE0D9F800A0DAF808B05946E8
:10FFC0002846019AFDF7A4FB701E86B2002EF2D1DE
:10FFD0002846FFF765FF6E480088401E6C49088080
:10FFE0002846FFF749FF00BF00BF00BFFBF7AAF993
:10FFF000009000BF00BF64480078401E624908704E
:020000040801F1
:1000000000BF00BF0098FBF7A1F900BF00BF00BF11
:10001000FCF737FF002020800AE000BF00BF0098F7
:10002000FBF794F900BF00BF45F62560208000BFB4
:1000300000BF384659E72DE9F04105460C46002639
:1000400050480078002805DD4FF46C5020800020D7
:10005000BDE8F08125B945F6C35020800020F7E7C0
:100060004A492868884204D045F6C45020800020C0
:10007000EEE700BF00BF00BFFBF764F9064600BF14
:1000800000BF41480078401C3F49087000BF00BFD6
:100090003046FBF75BF900BF00BF00BF05F1200051
:1000A000FEF7FAFF074600BF00BF00BFFBF74AF9A3
:1000B000064600BF00BF34480078401E3249087031
:1000C00008460078A0B935480088002809DD00BF3F
:1000D00000BF3046FBF73AF900BF00BFFDF7DEFB7B
:1000E0000DE000BF00BF3046FBF730F900BF06E06F
:1000F00000BF00BF3046FBF729F900BF00BF00BFBB
:10010000002020803846A3E72DE9F04F89B007464C
:10011000894690461E46DDE912544FF0000B1948FF
:100120000078002806DD46F2AE102080002009B0DD
:10013000BDE8F08F27B945F6C35020800020F6E7D0
:1001400026B946F2D52020800020F0E7B8F1000F54
:1001500003D0B8F5004F02D100E000BF04E045F63F
:10016000256020800020E2E700BF08493868884207
:1001700016D045F6C45020800020D8E720000000AB
:100180002C010020F8000020400100205155455569
:10019000300100204E4F4E453F5100000401002029
:1001A0000DB10020286000BF00BFFBF7CBF88346ED
:1001B00000BF00BF23462A46314607F12000FEF764
:1001C00091FF8246208840B900BF00BF5846FBF728
:1001D000BDF800BF00BF5046A9E708F4004058B181
:1001E00000BF00BF5846FBF7B1F800BF00BF46F2A2
:1001F000B010208000209AE7F748007800280BDD37
:1002000000BF00BF5846FBF7A1F800BF00BF46F68D
:100210006350208000208AE700BFEF480078401C30
:10022000ED49087000BF00BF5846FBF78FF800BFCC
:1002300000BF00BF4B460522394601A8FDF7C0F8B4
:1002400000BF00BF00BFFBF77DF8834600BF00BFC3
:10025000E1480078401EE049087000BF00BF5846E2
:10026000FBF774F800BF00BF00BFFCF70AFE00BF39
:1002700000BFFBF767F8834600BF00BFD7480068A0
:1002800090F8350030B1012815D002282AD0032873
:1002900035D11DE0D1480068D0F85CA0CF48006897
:1002A000B0F8600030801DB1CC480068006C286058
:1002B000002020802BE04FF0000A002030801DB18C
:1002C000C6480068006C286046F2A91020801EE035
:1002D0004FF0000A0020308005B1286047F2D92095
:1002E000208014E04FF0000A002030801DB1BB4890
:1002F0000068006C286045F6C250208007E04FF08F
:10030000000A0020308046F62E60208000BF00BF2B
:1003100000BF00BF5846FBF719F800BF00BF5046AA
:1003200005E72DE9F05F05460E4614464FF0000A3A
:10033000AB480078002805DD46F2AA102080002096
:10034000BDE8F09F25B945F6C35020800020F7E7AF
:100350004EB1B6F5807F07D0B6F5004F05D0B6F5A3
:10036000014F04D102E000BF00BF00BF04E045F62A
:10037000256020800020E3E700BF9A492868884272
:1003800004D045F6C45020800020D9E700BF00BF4C
:10039000FAF7D8FF824600BF00BF05F10807388989
:1003A00058B900BF00BF5046FAF7D0FF00BF00BFEA
:1003B00046F2AB1020800020C2E700BF86480078DC
:1003C000401C8549087000BF00BF5046FAF7BEFFC9
:1003D00000BF00BF00BF4FF00008FAF736FE8346AB
:1003E0000FE03868D0F808905A4649462846FDF78D
:1003F000E1F808F101001FFA80F8B6F5807F00D01F
:1004000002E038890028ECDC00BF00BF00BF00BF5D
:10041000FAF798FF824600BF00BF6F480078401E81
:100420006D49087000BF00BF5046FAF78FFF00BF4C
:1004300000BF00BF06F4004008B9FCF722FD002011
:10044000208040467CE72DE9F04F85B007468A467C
:1004500093461C460020029000BF00BF00BFFAF781
:1004600071FF029000BF00BF5B480078401C5A49F2
:10047000087000BF00BF0298FAF768FF00BF00BF16
:1004800000BF07F108063089002842D104F01000AF
:1004900010B94FF0000801E04FF01008DDE90E013F
:1004A00043465A46CDE90001514607F12000FEF7C8
:1004B0004AFE00BF00BF00BFFAF744FF029000BF32
:1004C00000BF45480078401E434908700846007840
:1004D000A0B945480088002809DD00BF00BF029888
:1004E000FAF734FF00BF00BFFDF7D8F90DE000BFF9
:1004F00000BF0298FAF72AFF00BF06E000BF00BF66
:100500000298FAF723FF00BF00BF00BF05B0BDE8A7
:10051000F08F04F4007008B1358900E00125D6F8A9
:10052000009011E0D9F808000390D9F80400049075
:100530000E985B465246009038460399FDF74EF9F7
:10054000DDF81090681E85B2002DEBD100BF00BF12
:1005500000BFFAF7F7FE029000BF00BF1E48007808
:10056000401E1D49087000BF00BF0298FAF7EEFE5A
:1005700000BF00BF00BF04F4004008B9FCF781FCD5
:1005800000210F98018000BFC0E72DE9FF47054615
:10059000884691461F460C9C25B945F6C3502080DD
:1005A000BDE8FF87B7F5004F24D009DCF7B1102F65
:1005B0001DD0B7F5007F1BD0B7F5047F1ED118E022
:1005C000A7F500401038B0B1B0F5F87F14D0B0F501
:1005D000007F13D111E000004001002098010020AD
:1005E000F8000020515545550401002000BF00BF10
:1005F00000BF00BF00BF00BF00BF03E045F625609D
:100600002080CDE700BF16492868884203D045F610
:10061000C4502080C4E7FAF718FD06461148007858
:1006200000280BDD00204B4642462946CDE90176E5
:10063000039400900A48FEF7B3F9B1E73B464A46F7
:1006400041462846CDE90064FFF7FDFE00BFA7E75D
:100650000021054A1160054A1180018070470000A1
:1006600051554555F80000202C0100203001002094
:10067000F8A1C16100214161F749096811B9002160
:10068000816105E0F44909688161F34909684861BD
:10069000F149086070472DE9F04104460E461746BF
:1006A0001D464FF00008ED480078002804DD42F6B2
:1006B000E1602880BDE8F0811CB945F6C350288070
:1006C000F8E700BF00BF00BFFAF73CFE804600BF5E
:1006D00000BFE3480078401CE149087000BF00BF3C
:1006E0004046FAF733FE00BF00BF00BFDD48206080
:1006F000276200206062666004F10800FCF7E1FFF9
:100700002046FFF7B5FFD8480088401CD64908802E
:1007100000BF00BF00BFFAF715FE804600BF00BF54
:10072000CF480078401ECE49087000BF00BF404649
:10073000FAF70CFE00BF00BF00BF0020288000BFFA
:10074000B8E710B50446C948206000202062606206
:10075000C7A0606004F10800FCF7B3FF10BD426958
:1007600081693AB9BC4B196009B100234B61002380
:10077000836109E019B900239361436104E0916149
:100780004A6100238361436170472DE9FC5F0546A0
:100790008846144600200090B0480078002805DD07
:1007A00043F2C92020800020BDE8FC9F25B945F612
:1007B000C35020800020F7E7B8F1000F03D0B8F154
:1007C000010F02D100E000BF04E045F62560208063
:1007D0000020E9E700BFA3492868884204D045F615
:1007E000C45020800020DFE700BF00BFFAF7AAFD59
:1007F000009000BF00BF05F10809B9F8086037464E
:10080000B8F1000F03D0B8F1010F65D120E0A7B90E
:100810002846FFF7A4FF94480088401E92490880AC
:100820002846FFF78EFF00BF00BF0098FAF78EFD45
:1008300000BF00BF0020208009E000BF00BF00987B
:10084000FAF784FD00BF00BF47F25F1020804EE042
:1008500000BF83480078401C8149087000BF00BF7A
:100860000098FAF773FD00BF00BF00BFFAF7EDFB79
:1008700001900AE0D9F800A0DAF808B059462846F5
:10088000019AFCF745FF701E86B2002EF2D1284671
:10089000FFF765FF74480088401E734908802846AA
:1008A000FFF74FFF00BF00BF00BFFAF74BFD0090FE
:1008B00000BF00BF6A480078401E6949087000BF49
:1008C00000BF0098FAF742FD00BF00BF00BFFCF771
:1008D000D8FA002020800AE000BF00BF0098FAF795
:1008E00035FD00BF00BF45F62560208000BF00BF7A
:1008F000384659E72DE9F04788B0064689469046C4
:100900001C46109D4FF0000A54480078002806DD70
:1009100046F2AE102880002008B0BDE8F08726B966
:1009200045F6C35028800020F6E7B8F1000F03D049
:10093000B8F5004F02D100E000BF04E045F62560A5
:1009400028800020E8E700BF46493068884204D08C
:1009500045F6C45028800020DEE70CB1002020605E
:1009600000BF00BFFAF7EEFC824600BF00BF306A4E
:1009700088B1306A401E30620CB1706A2060376AFC
:1009800000BF00BF5046FAF7E1FC00BF00BF0020E7
:1009900028803846C0E708F4004060B1376A00BFDD
:1009A00000BF5046FAF7D2FC00BF00BF46F2B010BD
:1009B00028803846B0E72A48007800280BDD00BFC1
:1009C00000BF5046FAF7C2FC00BF00BF46F66350B6
:1009D00028800020A0E700BF21480078401C204963
:1009E000087000BF00BF5046FAF7B0FC00BF00BF60
:1009F00000BF4B46062231466846FCF7E1FC00BFCB
:100A000000BF00BFFAF79EFC824600BF00BF14483B
:100A10000078401E1249087000BF00BF5046FAF728
:100A200095FC00BF00BF00BFFCF72BFA00BF00BF62
:100A3000FAF788FC824600BF00BF0F48006890F8B4
:100A40003500D8B1012821D002282FD0032836D173
:100A500025E00000200000004C010020F8000020EC
:100A60004001002053454D41500100204E4F4E455E
:100A70003F53454D00000000980100201CB1F8488C
:100A80000068006C20600020288024E01CB1F4483D
:100A90000068006C206046F2A91028801BE00CB1B1
:100AA0000020206047F2D920288014E01CB1EC48D7
:100AB0000068006C206045F6C25028800BE046F6C6
:100AC0002E60288000BF00BF5046FAF73FFC00BFF1
:100AD00000BF002020E700BF376A00BF00BF5046BC
:100AE000FAF734FC00BF00BF384615E72DE9F05F88
:100AF00005460E4614464FF0000ADA4800780028F2
:100B000005DD46F2AA1020800020BDE8F09F25B93F
:100B100045F6C35020800020F7E74EB1B6F5807F40
:100B200007D0B6F5004F05D0B6F5014F04D102E06D
:100B300000BF00BF00BF04E045F625602080002014
:100B4000E3E700BFC8492868884204D045F6C4508E
:100B500020800020D9E700BF00BFFAF7F3FB8246F0
:100B600000BF00BF05F10807388958B900BF00BFB2
:100B70005046FAF7EBFB00BF00BF46F2AB102080F7
:100B80000020C2E700BFB9480078401CB749087090
:100B900000BF00BF5046FAF7D9FB00BF00BF00BF3F
:100BA0004FF00008FAF751FA83460FE03868D0F8A2
:100BB00008905A4649462846FCF7FCFC08F101001B
:100BC0001FFA80F8B6F5807F00D002E0388900284F
:100BD000ECDC00BF00BF00BF00BFFAF7B3FB8246EA
:100BE00000BF00BFA1480078401EA049087000BFA8
:100BF00000BF5046FAF7AAFB00BF00BF00BF06F4D3
:100C0000004008B9FCF73DF90020208040467CE711
:100C10002DE9FF5F0446884691461D46002001905D
:100C200000BF00BFFAF78EFB019000BF00BF04F1C8
:100C30000807388900284FD10420012804D0022851
:100C400014D0042834D123E0206AFF280DD100BF3E
:100C500000BF0198FAF77AFB00BF00BF46F6C55007
:100C60002880002004B0BDE8F09F22E04FF6FF711D
:100C7000206A88420BD100BF00BF0198FAF766FBDB
:100C800000BF00BF46F6C55028800020EAE710E00C
:100C9000206A401C58B900BF00BF0198FAF756FB04
:100CA00000BF00BF46F6C55028800020DAE700E00C
:100CB00000BF00BF206A401C2062D4F820A0C4F806
:100CC000249000BF00BF0198FAF740FB00BF00BFAF
:100CD000002028805046C5E700BF64480078401CCB
:100CE0006249087000BF00BF0198FAF72FFB00BFF0
:100CF00000BF00BF08F4007008B13E8900E0012683
:100D0000D7F800B011E0DBF808000290DBF804002F
:100D1000039000231A46CDF8009020460299FCF774
:100D20005DFDDDF80CB0701E86B2002EEBD1D4F85C
:100D300020A000BF00BF00BFFAF704FB019000BF76
:100D400000BF4A480078401E4849087000BF00BFF5
:100D50000198FAF7FBFA00BF00BF00BF08F400409B
:100D600008B9FCF78EF80020288050467AE72DE974
:100D7000FF4105460F46144635B945F6C35020805D
:100D8000002004B0BDE8F0814FB1B7F5007F07D077
:100D9000B7F5004F05D0B7F5024F04D102E000BF10
:100DA00000BF00BF04E045F6256020800020E8E792
:100DB00000BF2D492868884204D045F6C4502080E1
:100DC0000020DEE7FAF741F90646264800780028B9
:100DD0000CDD0020034602462946CDE90176039446
:100DE00000902148FDF7DCFD0020CAE7234632468B
:100DF00039462846FFF70CFF80464046C1E72DE9FB
:100E0000F04104460E4615464FF00008154800789C
:100E1000002804DD46F6C6502880BDE8F0811CB9E4
:100E200045F6C3502880F8E70F492068884203D070
:100E300045F6C4502880F0E70020288000BF00BF9E
:100E4000FAF780FA804600BF00BF206A08B1266228
:100E500011E004F10807388950B926620BE0000060
:100E600098010020F800002053454D41400100202A
:100E700047F25F10288000BF00BF4046FAF766FACD
:100E800000BF00BF00BFC8E70021034A1160034A4A
:100E900011800180704700004C01002050010020AB
:100EA0002DE9F04107464FF0000800BF00BFFAF7F8
:100EB00049FA804600BF00BF0020F8490860F849A1
:100EC0000880F8490880F8490860F8490860F8493E
:100ED0000860F8490860F849088100BF00BF404633
:100EE000FAF734FA00BF00BF00BF00BFFAF72AFAD2
:100EF000804600BF00BFF148046800BF00BF404605
:100F0000FAF724FA00BF00BF21E000BF00BFFAF7E4
:100F100019FA804600BF00BF00207834E0632060EB
:100F20002063A061A082E0826062A062FAF78DF87F
:100F30002062783C04F164060020B081D4F8BC4003
:100F400000BF00BF4046FAF701FA00BF00BF002C07
:100F5000DBD100BF00BFFAF7F5F9804600BF00BF44
:100F6000D748056800BF00BF4046FAF7EFF900BF59
:100F700000BF12E000BF00BFFAF7E4F9804600BFEF
:100F800000BF05F120060020B081AD6900BF00BFA1
:100F90004046FAF7DBF900BF00BF002DEAD102F0AE
:100FA000E0FA03F072F900203880BDE8F081F8B56E
:100FB000044600266946C34801F0E9FFBDF8000079
:100FC00018B1BDF800002080F8BD6A46002102205B
:100FD00002F0DAFABDF8000018B1BDF80000208078
:100FE000F2E700BF00BFFAF7ADF9064600BF00BF49
:100FF0000020B549086000BF00BF3046FAF7A6F9E7
:1010000000BF00BF0025B1480068B14909688842A7
:1010100005D9AE480068AE490968B0FBF1F525B9BD
:10102000AA4800680A21B0FBF1F56A46002128466B
:1010300002F0AAFA6946A34801F006FABDF80000DA
:1010400018B1BDF800002080BEE700BF00BFFAF76E
:1010500079F9064600BF00BF0020934908609A480E
:1010600000689C49086001209B49087000BF00BFD0
:101070003046FAF76BF900BF00BF0020208000BFA8
:10108000A2E786B00020009000BF06E09049096802
:10109000480001AA002102F077FA8F480078012861
:1010A000F4D101A8FFF7FCFE0027884800688849B2
:1010B0000968884205D98548006885490968B0FBF8
:1010C000F1F727B9814800680A21B0FBF1F793E1F5
:1010D000F9F7BBFF804600BF00BFFAF733F9009075
:1010E00000BF00BF784800687C490860002076494E
:1010F000086000BF00BF0098FAF728F900BF00BFE2
:101100007448006875490968884248D97148006880
:101110007349884205D242F2107003900120029078
:1011200023E06C4800686F49884205D24FF47A701A
:1011300003900A20029018E0664800686A498842D5
:1011400003D26420039002900FE062480068674970
:10115000884205D20A2003904FF47A70029004E08E
:101160000120039042F2107002905A4801680298E0
:10117000B1FBF0FA5949039809684843B0FBFAF00B
:1011800042F21071081A5A490880464800880988B6
:10119000884208DA564800884249088003E042F253
:1011A00010705349088003F0C3F8002500BF00BF4A
:1011B000FAF7C8F8009000BF00BF4048046800BFBD
:1011C00000BF0098FAF7C2F800BF00BF5AE000BFA6
:1011D00000BF00BFFAF7B6F8009000BF00BF454857
:1011E0000078401C4349087000BF00BF0098FAF720
:1011F000ADF800BF00BF00BF54F89C0F6060002036
:1012000044F89C0900BF00BF00BFFAF79BF80090AC
:1012100000BF00BF37480078401E364908700846B6
:101220000078A0B934480088002809DD00BF00BF5D
:101230000098FAF78BF800BF00BFFCF72FFB0DE01A
:1012400000BF00BF0098FAF781F800BF06E000BFBA
:1012500000BF0098FAF77AF800BF00BF00BFD4F8CB
:10126000A000054400BF00BFFAF76CF8009000BF73
:1012700000BFD4F8BC4000BF00BF0098FAF766F882
:1012800000BF00BF002CA2D1C5B31548854236D29D
:1012900042F2107005904FF0010B4CE00C01002061
:1012A0000601002056010020680100207C0100207A
:1012B000880100203801002074D90120700100202D
:1012C0002C01002008DE012058010020CCF3010889
:1012D000B4F301085C0100206401002060010020DB
:1012E000801A060000093D00005A62020084D717E8
:1012F0005401002040010020040100201FE061484B
:10130000854205D24FF47A7005904FF00A0B12E037
:101310005D48854203D26420059083460BE05B481C
:10132000854204D20A2005904FF47A7B03E0012025
:10133000059042F2107BB5FBFBF0049003E0002027
:1013400005900120049000BF00BFF9F7FBFF00905B
:1013500000BF00BF4E48046800BF00BF0098F9F707
:10136000F5FF00BF00BF2BE0D4F8A000059948436B
:101370000499B0FBF1F086B242F21070864200D9B7
:101380000646A4F88C60B4F88E00B04201DAA4F8E6
:101390008E6001AB04F1AC02111D204601F0E3FCAC
:1013A00000BF00BFF9F7CEFF009000BF00BFD4F828
:1013B000BC4000BF00BF0098F9F7C8FF00BF00BFE6
:1013C000002CD1D133480078012805D100203149C3
:1013D000087001A8FFF764FDF9F737FEA0EB0809D4
:1013E0002D480068484502D22B48C0F8009001AA59
:1013F0000021384602F0C8F86AE610B58AB0044603
:1014000000202649086026490860264908602649C8
:101410000870204908702548006820B946F62B60FE
:1014200020800AB010BD224800682249096888421D
:1014300003D246F62C602080F3E71F4800783F284F
:1014400003D346F62A602080EBE7032000210591B4
:10145000CDE907040691084615490968174A12683C
:10146000124B1B68CDE90132CDE903101248007818
:101470000023AFF2F13212A10090164800F06EF98D
:1014800000BFCEE700093D00005A62020084D71772
:101490007001002052010020680100205801002046
:1014A000600100205C01002064010020B8F3010805
:1014B000C0F30108C8F30108B0F30108BCF3010848
:1014C00075432F4F532D494949205374617420545B
:1014D00061736B0080DC01202DE9F04104460D466C
:1014E00016464FF00008FE480078002804DD47F259
:1014F00049103080BDE8F0811DB946F2732030807C
:10150000F8E73F2D03D346F273203080F2E78CB921
:1015100000BF00BFF9F716FF804600BF00BFF148CB
:10152000046800BF00BF4046F9F710FF00BF00BFCE
:10153000012700E0002700BF00BF00BFF9F702FF4E
:10154000804600BF00BFE8480078401CE6490870AC
:1015500000BF00BF4046F9F7F9FE00BF00BF00BF63
:1015600094F8360008283AD2DFE800F004171C1D72
:1015700018191E1F2046FBF7DCFE84F8375094F83C
:101580003700FEF7E7FB012F03D12046FBF7B7FF3B
:1015900002E02046FBF7D0FF52E000BF00BF84F816
:1015A00037504DE000BF00BF00BF94F8340008285A
:1015B00012D2DFE800F01106040A090B0C0500BF87
:1015C00000BF84F8375008E000BF00BF00BF2946C5
:1015D0002046FCF753F800E000BF00BF30E000BF3A
:1015E00000BF00BFF9F7AEFE804600BF00BFBE4897
:1015F0000078401EBC49087008460078A0B9BB4876
:101600000088002809DD00BF00BF4046F9F79EFEB4
:1016100000BF00BFFCF742F90DE000BF00BF40462D
:10162000F9F794FE00BF06E000BF00BF4046F9F79F
:101630008DFE00BF00BF00BF46F62D60308059E729
:1016400000BF00BF00BF00BFF9F77CFE804600BFAF
:1016500000BFA5480078401EA349087000BF00BF26
:101660004046F9F773FE00BF00BF00BFFBF709FC5F
:101670000020308000BF3DE70021C0F8B8109C4931
:10168000096819B90021C0F8BC1007E09849096839
:10169000C0F8BC1096490968C1F8B80094490860C0
:1016A000704770B5044600202060A0606060E06074
:1016B00020616061A061E0618EA020620020606214
:1016C000A062E0622064E065A4F86000002104F1FB
:1016D0006400FDF700FD002044F8740F6060E060D6
:1016E000A0822061743C002506E0002104F17C000A
:1016F00040F82510681CC5B2002DF6D00020343407
:10170000206120676067606084F85600E067A0672A
:1017100020814FF0004060610020A061E061206204
:101720006062A4F85800A4F85A00E0652066F9F752
:101730008CFC064666660020A066C4F88000207017
:101740006070A0704020E0700020C4F88400C4F8ED
:1017500088006AA0C4F88C00343C70BD2DE9FF4FAE
:1017600087B004469046DDE91BA5DDE91496179F76
:10177000002003905A480078002805DD47F24A10FF
:1017800028800BB0BDE8F08F1CB947F2AD1028805F
:10179000F7E7B8F1000F03D147F24F102880F0E7C8
:1017A0001EB946F62F602880EBE75548006887424F
:1017B00003D246F630602880E3E71698B84203D398
:1017C00046F631602880DCE7B9F1400F03D346F2DA
:1017D00073202880D5E7B9F1000F06D1494884422B
:1017E00003D046F273202880CBE7B9F13F0F06D132
:1017F0004548844203D046F273202880C1E7204642
:10180000FFF74FFF002028800AF0010090B10AF096
:10181000020078B105960020069008E000210598A6
:1018200001600598001D05900698401C06900698DA
:10183000B842F3D3169806EB80000490CDE9007A05
:1018400032464046049B0A9902F098FD0590C4F880
:1018500028800A98E0620898206284F837900598FA
:1018600020600498A06019986065199818B92748F5
:101870000068A06501E01998A0651A98606066622A
:10188000A763A4F83CA04FF0000B08E0002104F18E
:101890007C0040F82B100BF1010000F0FF0BBBF1B6
:1018A000000FF3D004F164001899FDF714FC2046F2
:1018B00002F046FD00BF00BF00BFF9F743FD0390F3
:1018C00000BF00BF08480078401C0749087000BFEF
:1018D00000BF0398F9F73AFD00BF00BF00BF17E053
:1018E000F8000020980100204001002004010020A1
:1018F000700100203F5461736B0000002000000065
:10190000C8F30108B0D80120ECD701204401002021
:1019100094F83700FEF71EFA2046FBF70DFE20462E
:10192000FFF7AAFEFE480088401CFD490880FD48DC
:10193000007801282DD000BF00BF00BFF9F702FDDD
:10194000039000BF00BFF8480078401EF6490870B9
:1019500008460078A0B9F5480088002809DD00BFD6
:1019600000BF0398F9F7F2FC00BF00BFFBF796FF3A
:101970000DE000BF00BF0398F9F7E8FC00BF06E0E8
:1019800000BF00BF0398F9F7E1FC00BF00BF00BF34
:10199000F7E600BF00BF00BFF9F7D4FC039000BF1B
:1019A00000BFE1480078401EDF49087000BF00BF5B
:1019B0000398F9F7CBFC00BF00BF00BFFBF761FA4B
:1019C00000BFDEE6D0F8B820D0F8BC104AB9D84B3A
:1019D000196011B10023C1F8B8300023C0F8BC3041
:1019E0000FE029B90023C2F8BC30C0F8B83008E0D5
:1019F000C2F8BC10C1F8B8200023C0F8BC30C0F851
:101A0000B830704770B504460D460026C9480078C6
:101A1000002803DD47F24E10288070BDC64884427E
:101A200003D147F24C102880F7E7C448844203D121
:101A300047F24D102880F0E77CB900BF00BFF9F7EE
:101A400081FC064600BF00BFBD48046800BF00BF60
:101A50003046F9F77BFC00BF00BF00BF00BF00BFEE
:101A6000F9F770FC064600BF00BFAF480078401C85
:101A7000AD49087000BF00BF3046F9F767FC00BFF2
:101A800000BF00BF94F8360008282DD2DFE800F030
:101A900004090E10080A0F112046FBF74AFC54E017
:101AA00053E000BF204601F0F1FA4EE000BF00BF56
:101AB00000BF204601F0EAFA94F83400082810D25A
:101AC000DFE800F004070508090A0B0600BF00BFA5
:101AD00008E000BF00BF00BF00BF2046FBF7E5FCE9
:101AE00000E000BF00BF30E000BF00BF00BFF9F75B
:101AF00029FC064600BF00BF8B480078401E8A497B
:101B0000087008460078A0B988480088002809DDD8
:101B100000BF00BF3046F9F719FC00BF00BFFBF75C
:101B2000BDFE0DE000BF00BF3046F9F70FFC00BF5F
:101B300006E000BF00BF3046F9F708FC00BF00BF59
:101B400000BF46F62D60288067E700BF04F16400FF
:101B5000FDF7A2FA204602F0FDFB2046FFF732FF18
:101B60006F480088401E6E4908802046FFF799FDA7
:101B7000FF2084F8360000BF00BF00BFF9F7E2FB8A
:101B8000064600BF00BF68480078401E66490870DE
:101B900000BF00BF3046F9F7D9FB00BF00BF00BF50
:101BA00000202880FBF76DF900BF36E72DE9F041F2
:101BB00004460D4600265F480078002805DD4FF4F6
:101BC0006C5028800020BDE8F0817CB900BF00BFC8
:101BD000F9F7B8FB064600BF00BF5948046800BFCC
:101BE00000BF3046F9F7B2FB00BF00BF00BF00BF27
:101BF00000BFF9F7A7FB064600BF00BF4A480078C0
:101C0000401C4949087000BF00BF3046F9F79EFBF1
:101C100000BF00BF00BF04F16400FDF73DFA0746B6
:101C200000BF00BF00BFF9F78DFB064600BF00BF35
:101C30003D480078401E3C49087008460078A0B92D
:101C40003A480088002809DD00BF00BF3046F9F798
:101C50007DFB00BF00BFFBF721FE0DE000BF00BF12
:101C60003046F9F773FB00BF06E000BF00BF304607
:101C7000F9F76CFB00BF00BF00BF0020288038468A
:101C8000A1E72DE9F05F80460F4616461C460A9DE7
:101C90004FF0000B27480078002805DD46F2AE1013
:101CA00028800020BDE8F09F26B946F2D520288084
:101CB0000020F7E71FB1B7F5004F02D100E000BFE9
:101CC00004E045F6256028800020EBE700BF0CB15A
:101CD0000020206000BF00BFF9F734FB834600BF3F
:101CE00000BF1748006800F164092B4622463146C0
:101CF0004846FDF7F7F98246288888BB3CB3F9F7D8
:101D0000A4F92168401A0E49096848670C48006820
:101D1000806F0B490968496F884218D2084811E062
:101D200074010020F900002040010020040100207F
:101D300070010020F8000020ECD70120B0D801206D
:101D4000980100200068406FF5490968886700BF66
:101D500000BF5846F9F7FAFA00BF00BF5046A1E7A6
:101D6000FFE707F4004058B146F2B010288000BFEA
:101D700000BF5846F9F7EAFA00BF00BF002091E71C
:101D8000E848007800280BDD00BF00BF5846F9F78F
:101D9000DDFA00BF00BF46F663502880002081E7CF
:101DA00000BFE0480078401CDE49087000BF00BF5B
:101DB0005846F9F7CBFA00BF00BF00BF43460222E6
:101DC00000210846FBF7FCFA00BF00BF00BFF9F78F
:101DD000B9FA834600BF00BFD2480078401ED149FF
:101DE000087000BF00BF5846F9F7B0FA00BF00BF47
:101DF00000BFFBF746F800BF00BFF9F7A3FA834620
:101E000000BF00BFC648006890F8350020B1012827
:101E10002AD0032832D132E0C1480068D0F85CA053
:101E2000BF480068B0F860003080D4B1BC4800689A
:101E3000006C2060F9F709F9B9490968096C401A82
:101E4000B74909684867B6480068806FB4490968AF
:101E5000496F884205D2B2480068406FB0490968AE
:101E600088670020288017E04FF0000A00203080AB
:101E700004B1206046F2A91028800DE000BF4FF0A9
:101E8000000A002030801CB1A5480068006C20606A
:101E900047F2D920288000BF00BF00BF00BF5846CE
:101EA000F9F754FA00BF00BF5046FBE62DE9F041B8
:101EB00005460E46144600279B480078002805DD9D
:101EC00046F2AA1020800020BDE8F0811EB1B6F5D0
:101ED000004F02D100E000BF04E045F625602080FD
:101EE0000020F1E700BF00BF00BFF9F72BFA07465B
:101EF00000BF00BF1DB18A48006885420BD100BFFA
:101F000000BF3846F9F722FA00BF00BF46F2AC1016
:101F100020800020D8E795F8340002280BD000BFBD
:101F200000BF3846F9F712FA00BF00BF46F2AB1007
:101F300020800020C8E700BF7A480078401C79491B
:101F4000087000BF00BF3846F9F700FA00BF00BFB5
:101F500000BFF9F77AF88046424629460020FBF791
:101F600029FB00BF00BF00BFF9F7ECF9074600BF2F
:101F700000BF6C480078401E6A49087000BF00BF6F
:101F80003846F9F7E3F900BF00BF00BF06F4004090
:101F900008B9FAF776FF00202080012094E72DE9A8
:101FA000FC4704460F4690469946DDE90A654FF026
:101FB000000A00BF00BF00BFF9F7C4F9824600BFA6
:101FC00000BF58480078401C5649087000BF00BF49
:101FD0005046F9F7BBF900BF00BF00BF0CB950482D
:101FE00004680020288094F8360008287ED2DFE8B4
:101FF00000F004053E3F0607404100BF00BF00BFA0
:102000004B464246394604F16400CDE90065FDF7D0
:102010009AF800BF00BF00BFF9F794F9824600BFED
:1020200000BF40480078401E3E49087008460078CE
:10203000A0B93E480088002809DD00BF00BF504617
:10204000F9F784F900BF00BFFBF728FC0DE000BFE3
:1020500000BF5046F9F77AF900BF06E000BF00BFA5
:102060005046F9F773F900BF00BF00BF9BE000BF07
:1020700000BF00BF94F83400022821D143463A46FD
:10208000214600200096FBF7A9FB00BF00BF00BF60
:10209000F9F758F9824600BF00BF22480078401E79
:1020A0002049087000BF00BF5046F9F74FF900BF44
:1020B00000BF00BF09F40040D0BBFAF7E2FE40E0E9
:1020C0004B464246394604F16400CDE90065FDF710
:1020D0003AF800BF00BF00BFF9F734F9824600BFED
:1020E00000BF10480078401E0E4900E02AE008704A
:1020F00008460078E8B90D480088002809DD00BFCF
:1021000000BF5046F9F722F900BF00BFFBF7C6FB3E
:1021100016E000BF00BF5046F9F718F900BF0FE006
:102120009801002040010020F80000200401002058
:1021300007E000BF00BF5046F9F708F900BF00BF35
:1021400000BF30E000BF00BF00BFF9F7FBF88246D8
:1021500000BF00BFFE480078401EFD4908700846D9
:102160000078A0B9FB480088002809DD00BF00BF47
:102170005046F9F7EBF800BF00BFFBF78FFB0DE00F
:1021800000BF00BF5046F9F7E1F800BF06E000BF0E
:1021900000BF5046F9F7DAF800BF00BF00BF46F6AF
:1021A0002D60288000BF00BFBDE8FC872DE9FF47F8
:1021B0000746884691461D460C9E4DB1102D08D00D
:1021C000B5F5004F06D0A5F50040103820B902E063
:1021D00000BF00BF00BF04E045F625603080BDE8C9
:1021E000FF8700BFF8F731FF0446DB48007800287E
:1021F0000BDD00204B4642463946CDE90246CDE98B
:102200000005D648FCF7CCFBE9E72B464A46414699
:102210003846CDE90046FFF7C2FE00BFDFE72DE9F3
:10222000F04104460D4616464FF000082DB146F623
:10223000791030800020BDE8F08100BF00BFF9F7C1
:1022400081F8804600BF00BF0CB9C548046804F19E
:102250007C0050F8257000BF00BF4046F9F776F8C3
:1022600000BF00BF002030803846E4E770B5044668
:10227000002600BF00BFF9F765F8064600BF00BFA3
:10228000B848007858B145F6DA10208000BF00BF8A
:102290003046F9F75BF800BF00BF012070BDB148C0
:1022A00005780078401CAF49087000BF00BF304679
:1022B000F9F74CF800BF00BF002020802846EDE76A
:1022C0002DE9F04104460D4617461E464FF0000822
:1022D00025B146F679103080BDE8F08100BF00BF1F
:1022E000F9F730F8804600BF00BF0CB99C4804687D
:1022F00004F17C0040F8257000BF00BF4046F9F7AC
:1023000025F800BF00BF0020308000BFE4E770B5B3
:1023100004460D46002600BF00BFF9F713F8064635
:1023200000BF00BF0020288094F8360008287BD228
:10233000DFE800F0040506071243556700BF00BF41
:1023400000BF00BF00BF3046F9F700F800BF00BF74
:1023500047F25310288072E000BF7D480078401C8F
:102360007B49087000BF00BF3046F8F7EFFF00BFA1
:1023700000BF00BF14F88A0F401E207014F88A09AD
:1023800028B9002084F836002046FBF705F900BF85
:1023900000BF00BFF8F7D6FF064600BF00BF6C487D
:1023A0000078401E6A49087000BF00BF3046F8F749
:1023B000CDFF00BF00BF00BF41E014F88A0F401EF0
:1023C000207014F88A0910B9012084F8360000BF83
:1023D00000BF3046F8F7BAFF00BF00BF2FE014F887
:1023E0008A0F401E207014F88A0910B9022084F860
:1023F000360000BF00BF3046F8F7A8FF00BF00BF9F
:102400001DE014F88A0F401E207014F88A0910B9D4
:10241000032084F8360000BF00BF3046F8F796FF6F
:1024200000BF00BF0BE0FFE700BF00BF3046F8F77A
:102430008DFF00BF00BF46F62D60288070BD00BF35
:10244000FAF71FFD00BFF9E77FB504460D460026E9
:1024500000BF00BFF8F776FF064600BF00BF1CB103
:102460003F48006884420AD100BF00BF3046F8F7F9
:102470006DFF00BF00BF47F2571028807FBD00BF2F
:1024800000BF3046F8F762FF00BF00BF3248007857
:1024900000280BDD002000900190034602462146F3
:1024A000CDE902053048FCF77BFAE7E729462046EC
:1024B000FFF72DFF00BFE1E72DE9F04780460E460C
:1024C00014461D464FF0000923480078002805DD1A
:1024D00046F2AE1028800020BDE8F0871EB1B6F5A8
:1024E000004F02D100E000BF04E045F625602880DF
:1024F0000020F1E700BF0CB10020206000BF00BF4A
:10250000F8F720FF814600BF00BF15480068406C07
:1025100060B313480068406C401E11490968486464
:102520000F480068476C1CB10D480068006C2060C3
:10253000F8F78BFD0A490968096C401A08490968CF
:10254000C1F8A40006480068D0F8A80004490EE0CD
:102550004001002004010020F8000020544D5347A2
:1025600098010020760100205452455317E0096875
:10257000D1F8A410884207D2FE480068D0F8A40021
:10258000FC490968C1F8A80000BF00BF4846F8F739
:10259000DDFE00BF00BF0020288038469CE706F41F
:1025A000004058B100BF00BF4846F8F7CFFE00BF5B
:1025B00000BF46F2B010288000208DE7EE4800787A
:1025C00000280BDD00BF00BF4846F8F7BFFE00BF84
:1025D00000BF46F66350288000207DE700BFE64834
:1025E0000078401CE449087000BF00BF4846F8F777
:1025F000ADFE00BF00BF00BF4346072200210846D2
:10260000FAF7DEFE00BF00BF00BFF8F79BFE814671
:1026100000BF00BFD8480078401ED749087000BFEF
:1026200000BF4846F8F792FE00BF00BF00BFFAF7B0
:1026300028FC00BF00BFF8F785FE814600BF00BF41
:10264000CC48006890F8350020B1012826D0032836
:1026500034D12CE0FCB1C7480068006C2060F8F76A
:10266000F4FCC4490968096C401AC2490968C1F8F8
:10267000A400C0480068D0F8A800BE490968D1F895
:10268000A410884207D2BB480068D0F8A400B9491A
:102690000968C1F8A8000020288013E01CB1B548E3
:1026A0000068006C206046F2A91028800AE00CB196
:1026B0000020206047F2D920288003E046F62E60F3
:1026C000288000BF00BFAB480068476C00BF00BF58
:1026D0004846F8F73BFE00BF00BF3846FCE62DE950
:1026E000F04105460E4614460027A448007800280D
:1026F00005DD46F2AA1020800020BDE8F0811EB161
:10270000B6F5004F02D100E000BF04E045F62560B9
:1027100020800020F1E700BF00BF00BFF8F712FEE5
:10272000074600BF00BF1DB19248006885420BD12B
:1027300000BF00BF3846F8F709FE00BF00BF46F2F1
:10274000AC1020800020D8E795F8340007280BD083
:1027500000BF00BF3846F8F7F9FD00BF00BF46F2E2
:10276000AB1020800020C8E700BF00BF3846F8F754
:10277000EDFD00BF00BF00BF00BF00BFF8F7E2FDE6
:10278000074600BF00BF7C480078401C7A490870AB
:1027900000BF00BF3846F8F7D9FD00BF00BF00BF3B
:1027A000F8F753FC8046424629460020FAF702FF1C
:1027B00000BF00BF00BFF8F7C5FD074600BF00BF60
:1027C0006D480078401E6C49087000BF00BF384655
:1027D000F8F7BCFD00BF00BF00BF06F4004008B919
:1027E000FAF74FFB00202080012086E72DE9F8430F
:1027F0000446884617461D464FF0000900BF00BF3B
:1028000000BFF8F79FFD814600BF00BF5A4800781F
:10281000401C5949087000BF00BF4846F8F796FDB4
:1028200000BF00BF00BF0CB95248046827640020F5
:10283000288094F83600082871D2DFE800F00405FB
:10284000F8F90607FAFB00BF00BF00BF042001280B
:1028500004D0022839D004286FD170E0606CFF28C2
:1028600032D100BF00BF00BFF8F76CFD814600BF4A
:1028700000BF41480078401E3F4908700846007874
:10288000A0B93F480088002809DD00BF00BF4846C6
:10289000F8F75CFD00BF00BFFBF700F80DE000BFDC
:1028A00000BF4846F8F752FD00BF06E000BF00BF7A
:1028B0004846F8F74BFD00BF00BF00BF46F6C550C5
:1028C00028800020BDE8F8837AE04FF6FF71606C45
:1028D000884233D100BF00BF00BFF8F733FD814607
:1028E00000BF00BF24480078401E234908700846F6
:1028F0000078A8B922480088002809DD00BF00BF81
:102900004846F8F723FD00BF00BFFAF7C7FF0EE007
:1029100000BF00BF4846F8F719FD00BF07E094E18B
:1029200000BF00BF4846F8F711FD00BF00BF00BF61
:1029300046F6C55028800020C4E740E040E0606CC7
:10294000401CD0BB00BF00BF00BFF8F7FBFC8146B6
:1029500000BF00BF08480078401E074908700846BD
:102960000078E8B906480088002812DD00BF00BFE3
:10297000484607E09801002040010020F8000020B0
:1029800004010020F8F7E2FC00BF00BFFAF786FF61
:102990000DE000BF00BF4846F8F7D8FC00BF06E0D6
:1029A00000BF00BF4846F8F7D1FC00BF00BF00BF22
:1029B00046F6C5502880002084E7FFE700E000BF0E
:1029C00000BF606C401C6064666C00BF00BF00BF4D
:1029D000F8F7B8FC814600BF00BFFD480078401EF4
:1029E000FB49087008460078A0B9FA48008800281A
:1029F00009DD00BF00BF4846F8F7A8FC00BF00BFD4
:102A0000FAF74CFF0DE000BF00BF4846F8F79EFC08
:102A100000BF06E000BF00BF4846F8F797FC00BFC4
:102A200000BF00BF43E105E003E001E0FFE700BFB6
:102A300000BF00BF94F83400072823D100231A46B2
:102A4000214618460097FAF7C9FE666C00BF00BF22
:102A500000BFF8F777FC814600BF00BFDC48007874
:102A6000401EDB49087000BF00BF4846F8F76EFC07
:102A700000BF00BF00BF08F40040002801D1FAF7F2
:102A800000FAE1E00420012804D0022838D004280C
:102A90007ED16DE0606CFF2831D100BF00BF00BF68
:102AA000F8F750FC814600BF00BFC9480078401EBF
:102AB000C749087008460078A0B9C64800880028B1
:102AC00009DD00BF00BF4846F8F740FC00BF00BF6B
:102AD000FAF7E4FE0DE000BF00BF4846F8F736FC09
:102AE00000BF06E000BF00BF4846F8F72FFC00BF5C
:102AF00000BF00BF46F6C55028800020E2E671E026
:102B00004FF6FF71606C884231D100BF00BF00BF3B
:102B1000F8F718FC814600BF00BFAD480078401EA2
:102B2000AB49087008460078A0B9AA480088002878
:102B300009DD00BF00BF4846F8F708FC00BF00BF32
:102B4000FAF7ACFE0DE000BF00BF4846F8F7FEFB09
:102B500000BF06E000BF00BF4846F8F7F7FB00BF24
:102B600000BF00BF46F6C55028800020AAE639E025
:102B7000606C401C98BB00BF00BF00BFF8F7E2FBD1
:102B8000814600BF00BF92480078401E904900E097
:102B900027E0087008460078A0B98E480088002811
:102BA00009DD00BF00BF4846F8F7D0FB00BF00BFFB
:102BB000FAF774FE0DE000BF00BF4846F8F7C6FB09
:102BC00000BF06E000BF00BF4846F8F7BFFB00BFEC
:102BD00000BF00BF46F6C5502880002072E6FFE720
:102BE00000E000BF00BF606C401C6064666C00BF0A
:102BF00000BF00BFF8F7A6FB814600BF00BF7448C6
:102C00000078401E7249087008460078A0B97148E3
:102C10000088002809DD00BF00BF4846F8F796FB92
:102C200000BF00BFFAF73AFE0DE000BF00BF484604
:102C3000F8F78CFB00BF06E000BF00BF4846F8F77E
:102C400085FB00BF00BF00BF31E000BF00BF00BF79
:102C5000F8F778FB814600BF00BF5D480078401E52
:102C60005B49087008460078A0B95A4800880028D7
:102C700009DD00BF00BF4846F8F768FB00BF00BF92
:102C8000FAF70CFE0DE000BF00BF4846F8F75EFB08
:102C900000BF06E000BF00BF4846F8F757FB00BF83
:102CA00000BF00BF46F62D602880002600BF00BF91
:102CB000304607E62DE9FF4106460F4614461FB190
:102CC000B7F5004F02D100E000BF06E045F62560F1
:102CD0002080002004B0BDE8F08100BFF8F7B5F90E
:102CE00005463D48007800280CDD00200090034692
:102CF00002463146CDE9025401903848FBF750FEB8
:102D00000020E7E723462A4639463046FFF76EFDA6
:102D100080464046DEE72DE9F04104460F46154661
:102D20004FF000082C480078002805DD46F6C65014
:102D300028800020BDE8F08100BF00BFF8F702FB4B
:102D4000804600BF00BF0CB925480468666C676404
:102D500000BF00BF4046F8F7F9FA00BF00BF0020EF
:102D600028803046E6E72DE9F04705460E4617462F
:102D70001C464FF0000A18480078002804DD47F28E
:102D800059102080BDE8F0871EB946F2D52020807A
:102D9000F8E71FB946F2D5202080F3E700BF00BF57
:102DA000F8F7D0FA824600BF00BF0DB90C4805689D
:102DB0002868B8B900BF00BF5046F8F7C7FA00BF8F
:102DC00000BF00203060386047F252102080D9E701
:102DD0004001002004010020F8000020545349471E
:102DE0009801002095F83C0000F0010068B900BF90
:102DF00000BF5046F8F7AAFA00BF00BF00203060BD
:102E0000386047F254102080BCE700BF00BF504636
:102E1000F8F79CFA00BF00BF4FF00008D5F82490E7
:102E200003E009F1040908F10108D9F800000028BD
:102E3000F7D0C6F80080A86BA0EB0800386000202F
:102E4000208000BF9EE770B504460D46002600BFF7
:102E500000BFF8F777FA064600BF00BF0CB98148FB
:102E600004688048006884420ED17F4800780028BA
:102E70000ADD00BF00BF3046F8F768FA00BF00BFA8
:102E800046F66350288070BD0020288094F83600F4
:102E900008286CD2DFE800F004313F4D5B5C5D5EDA
:102EA00000BF71480078401C6F49087000BF00BF28
:102EB0003046F8F74BFA00BF00BF00BF042084F88B
:102EC0003600012084F88A002046FAF732FA00BF63
:102ED00000BF00BFF8F736FA064600BF00BF6248E1
:102EE0000078401E6049087000BF00BF3046F8F708
:102EF0002DFA00BF00BF00BF44E0052084F8360073
:102F0000012084F88A0000BF00BF3046F8F71EFA9F
:102F100000BF00BF36E0062084F83600012084F8A8
:102F20008A0000BF00BF3046F8F710FA00BF00BFAC
:102F300028E0072084F83600012084F88A0000BFCA
:102F400000BF3046F8F702FA00BF00BF1AE000BF2A
:102F500000BF00BF94F88A00401C84F88A0000BFBC
:102F600000BF3046F8F7F2F900BF00BF0AE000BF2B
:102F700000BF3046F8F7EAF900BF00BF46F62D6003
:102F8000288080E700BFF9F77CFF00BF7BE77FB5B3
:102F900005460C463548854203D147F25B10208038
:102FA0007FBD3348854203D147F25C102080F7E7AC
:102FB0003048007800280BDD002000900190034687
:102FC00002462946CDE902042B48FBF7E9FCE7E776
:102FD00021462846FFF737FF00BFE1E72DE9F04122
:102FE00004460D461646002722480078002804DDD6
:102FF00046F6C6503080BDE8F08100BF00BFF8F74C
:10300000A1F9074600BF00BF0CB9164804681DB9F6
:103010001A480068606500E06565D4E915018842DA
:1030200001D9606DA06500BF00BF3846F8F78EF982
:1030300000BF00BF0020308000BFDCE70021104A45
:103040001160104A1180104A11600180704708B564
:103050000448006801F088F969460020FEF7D2FCB8
:1030600008BD00009801002040010020ECD701209D
:10307000B0D80120F80000205453555344010020DB
:1030800070010020740100206C01002010B5C2699D
:10309000BAB1002404651468844205D14169116005
:1030A00039B100248C6104E0816943694B6103B14B
:1030B0009961002444618461C461C4649488641E7D
:1030C000948010BD2DE9F05F4FF0000B00BF00BFF2
:1030D00000BFF8F737F9834600BF00BFF748007814
:1030E000401CF649087000BF00BF5846F8F72EF99B
:1030F00000BF00BF00BFF7F7A8FF0546F048006813
:10310000401CEF49086008460068EE490988B0FB9A
:10311000F1F201FB12001FFA80FAEB4800EBCA083B
:10312000D8F80040002782E0002C7FD0D4F814901B
:1031300094F83600082875D2DFE800F00408051B73
:10314000063D075000BF00BF00BF6CE0DC49E06CEB
:103150000968401A2065DA49E06C0968884206D19E
:10316000002084F836002046FAF716FA00E001271E
:1031700059E0D349E06C0968401A2065D049E06CF9
:103180000968884215D10020E065A4F86000F7F7CF
:103190005CFF20642046FAF788F92046FAF7FCF92C
:1031A00000203434A07003206070002004F834093B
:1031B00000E0012737E0C249E06C0968401A206549
:1031C000BF49E06C0968884206D1042084F83600C3
:1031D0002046FFF75BFF00E0012724E0B849E06CE0
:1031E0000968401A2065B649E06C0968884217D121
:1031F0000020E065A4F86000F7F727FF2064204670
:10320000FAF753F92046FFF741FF04203434A07049
:1032100003206070002004F8340902E006E001E0B9
:10322000012700E000BF00BF4C4600E00127002F4F
:103230003FF47AAFF7F709FF461BA4480068B04295
:1032400001D2A248066000BF00BF00BFF8F77AF8BD
:10325000834600BF00BF99480078401E9749087018
:1032600008460078A0B99A480088002809DD00BF08
:1032700000BF5846F8F76AF800BF00BFFAF70EFB28
:103280000DE000BF00BF5846F8F760F800BF06E049
:1032900000BF00BF5846F8F759F800BF00BF00BF95
:1032A000BDE8F09F1CB500BF0EE001AB6A460021EF
:1032B0000846FFF701F9BDF8040028B985480078F1
:1032C000012801D1FFF7FEFEEFE7002108E07E4A6A
:1032D00002EBC100002202608280C2804A1C91B2CF
:1032E000784A12889142F2DB704710B58AB00446E2
:1032F00000207349086075490860FFF7E6FF7648CB
:10330000006820B947F2122020800AB010BD73482F
:10331000006873490968884203D247F2132020806D
:10332000F3E7704800783F2803D347F2112020804C
:10333000EBE70B20002105910A46CDE90704069131
:103340006648006868490968634B1B68CDE901312C
:10335000CDE90302634800780023AFF2B70263A10E
:1033600000906748FEF7FAF900BFCEE72DE9F04F6D
:103370000C4616461D46042E1ED1DFF84491D9F89E
:103380000090A4EB0909A9F1010313F5803F0DD9C1
:103390004FF00009C0F84C90C0F85090C0F81C9055
:1033A00047F27E29A5F80090BDE8F08FC46403F1D0
:1033B0000109C0F850903FE084B3082E25D1D0F821
:1033C000489009EB0407DFF8F890D9F80090A7EBD4
:1033D0000909A9F10103A34201D2C76406E0DFF89D
:1033E000E090D9F80090A144C0F84C90DFF8D0A04C
:1033F000D0F84C90DAF800A0A9EB0A09C0F8509078
:10340000D0F84C90C0F8489016E0DFF8B490D9F8A6
:103410000090A144C0F84C9004650DE0FFE74FF028
:103420000009C0F84C90C0F85090C0F81C9047F2CA
:103430007E29A5F80090B7E7DFF888A0BAF800A0C9
:10344000D0F84C90B9FBFAFB0AFB1B991FFA89F8DC
:10345000DFF8749009EBC802B2F80490B9F1000FDC
:103460000BD14FF00009C0F81490C0F8189010600C
:103470004FF00109A2F8049062E0116858E0DFF80B
:1034800040A0D1F84C90DAF800A0A9EB0A09C1F8E5
:103490005090D0F85090D1F850A0D14532D9D1F801
:1034A0001490B9F1000F01D0496941E04FF00009D3
:1034B000C0F8149081614861002139E0400100208A
:1034C00078010020E4F30108DCD401207C01002015
:1034D00004010020F9000020D4F30108DCF3010806
:1034E000C8F30108D0F30108D8F3010875432F4F42
:1034F000532D494949205469636B205461736B0013
:1035000044DD0120D1F81890B9F1000F07D14FF038
:103510000009C0F8189041618861106007E0D1F897
:1035200018C0C0F818C04161CCF8140088610021AF
:103530000029A4D1B2F8049009F10109A2F804907D
:10354000B2F80690B2F804A0D14503DAB2F80490BC
:10355000A2F80690C2614FF00009A5F8009000BFE4
:1035600022E7002006E0064A02EBC0010022CA80E2
:10357000421C90B2034A12889042F4DB704700006C
:10358000DCD40120E4F301082DE9F04105460E46A4
:1035900014460027F7480078002804DD47F275201C
:1035A0002080BDE8F081F4480078002803DD46F66D
:1035B00063502080F5E736B1022E05D0042E0AD0E4
:1035C000082E09D101E000BF00BF1DB947F27E20DF
:1035D0002080E6E704E003E045F625602080E0E790
:1035E00000BF00BF00BF00BFF7F7ACFE074600BF3B
:1035F00000BFE1480078401CDF49087000BF00BFF1
:103600003846F7F7A3FE00BF00BF00BF0120DB492B
:10361000096881F83600234632462946D7480068B3
:10362000FFF7A4FE2088A8B100BF00BF00BFF7F7D6
:1036300089FE074600BF00BFCF480078401ECE4934
:10364000087000BF00BF3846F7F780FE00BF00BF1C
:1036500000BFA6E7C9480068F9F76BFE00BF00BFCE
:1036600000BFF7F76FFE074600BF00BFC2480078F3
:10367000401EC149087000BF00BF3846F7F766FE1C
:1036800000BF00BF00BFF9F7FCFB0020208000BF97
:1036900087E72DE9FF5F05460E4617469846DDE9A8
:1036A0000EA400200090B3480078002804DD47F203
:1036B00075202080BDE8FF9FAF480078002803DD1B
:1036C00046F663502080F5E70AF00E0BBBF1000FC1
:1036D00009D0BBF1020F07D0BBF1040F10D0BBF132
:1036E000080F0ED101E000BF00BFB8F1000F06D1F6
:1036F0002FB926B91DB947F27E202080DAE704E011
:1037000003E045F625602080D4E700BF2AF01E00C4
:1037100008B1012000E0002003900398012803D1A4
:1037200045F625602080C5E7CAF300100290029894
:10373000C0B9B8F57A7F03D347F27B202080B9E780
:103740003B2F03DD47F27A202080B3E73B2E03DDD9
:1037500047F279202080ADE7632D12DD47F2782013
:103760002080A7E742F20F70864203DD47F27920FE
:1037700020809FE7B5F57A7F03DB47F27820208031
:1037800098E77F48D0F800904FF4FA70B0FBF9F05A
:10379000404400FB09F04FF47A71B0FBF1F14FF4B3
:1037A00061606843C6EB061200EB8200384400FB00
:1037B000091001900198002856D000BF00BF00BF3B
:1037C000F7F7C0FD009000BF00BF6B480078401CB9
:1037D0006949087000BF00BF0098F7F7B7FD00BF48
:1037E00000BF00BF01206549096881F83600234603
:1037F0005A46624801990068FFF7B8FD2088A8B1D1
:1038000000BF00BF00BFF7F79DFD009000BF00BFE5
:1038100059480078401E5849087000BF00BF009802
:10382000F7F794FD00BF00BF00BF43E753480068AF
:10383000F9F77FFD00BF00BF00BFF7F783FD0090E1
:1038400000BF00BF4C480078401E4B49087000BFC5
:1038500000BF0098F7F77AFD00BF00BF00BFF9F77F
:1038600010FB0020208002E047F27E20208000BF75
:1038700020E770B505460C4600263E480078002833
:1038800003DD47F27620208070BD1DB947F251104C
:103890002080F9E700BF00BFF7F754FD064600BFE0
:1038A00000BF3648006885420AD147F25110208097
:1038B00000BF00BF3046F7F749FD00BF00BFE3E798
:1038C00095F8360008287DD2DFE800F0040F3E4965
:1038D0005C6796A100BF00BF3046F7F737FD00BF19
:1038E00000BF47F251102080A7E000BF22480078B7
:1038F000401C2149087000BF00BF3046F7F726FD85
:1039000000BF00BF00BF002085F836002846FFF743
:10391000BDFB2846F9F72CFE00BF00BF00BFF7F73C
:1039200011FD064600BF00BF13480078401E124933
:10393000087000BF00BF3046F7F708FD00BF00BFAA
:1039400000BF0020208078E000BF00BF3046F7F7BE
:10395000FDFC00BF00BF47F2511020806DE000BFAA
:1039600000BF3046F7F7F2FC00BF00BF47F251102E
:10397000208062E0F8000020400100209801002033
:10398000CCF3010800BF00BF3046F7F7DFFC00BFF3
:1039900000BF47F2511020804FE000BF4E48007832
:1039A000401C4D49087000BF00BF3046F7F7CEFC01
:1039B00000BF00BF00BF042085F836002846FFF78F
:1039C00065FB00E02EE000BF00BF00BFF7F7BAFCC8
:1039D000064600BF00BF40480078401E3E490870C0
:1039E00000BF00BF3046F7F7B1FC00BF00BF00BF0B
:1039F00047F25A10208020E000BF00BF3046F7F7A2
:103A0000A5FC00BF00BF47F25110208015E000BFA9
:103A100000BF3046F7F79AFC00BF00BF47F25110D5
:103A200020800AE000BF00BF3046F7F78FFC00BFE0
:103A300000BF46F62D60208000BF00BFF9F721FAD5
:103A400000BF21E770B50446002600BF00BFF7F7AE
:103A500079FC064600BF00BF2048056800BF00BFD4
:103A60003046F7F773FC00BF00BF002020802846D7
:103A700070BD70B504460D46002600BF00BFF7F7C5
:103A800061FC064600BF00BF1448046000BF00BFD1
:103A90003046F7F75BFC00BF00BF0020288070BDF8
:103AA00010B586B000F0D2FDF7F7CFFA044605A8AE
:103AB00000210091CDE9011403900948007800EB42
:103AC0004000084A02EB800100231A460648FAF734
:103AD00067FF06B010BD0000400100207801002003
:103AE0002601002080D901205449434B0021C162A6
:103AF000FC49096811B90021016305E0F949096829
:103B00000163F8490968C862F649086070472DE901
:103B1000F84F0446884616461F46DDE90BABDDF834
:103B200028900D9D00200090EF480078002804DDCB
:103B300047F243302880BDE8F88F1CB945F6C350E2
:103B40002880F8E7B9F1010F08D0B9F1020F0BD1C5
:103B50001FB947F240302880EDE709E01EB947F26F
:103B60003F302880E7E703E045F625602880E2E75C
:103B700000BF00BF00BF00BFF7F7E4FB009000BF2D
:103B800000BFDA480078401CD849087000BF00BF69
:103B90000098F7F7DBFB00BF00BF00BF012084F8EF
:103BA0002A00D3482060C4F8048026620020A06167
:103BB000E0616762A4F82890C4F808A0C4F80CB0CB
:103BC000206160612046FFF791FFCA480088401CD1
:103BD000C849088000BF00BF00BFF7F7B3FB0090E3
:103BE00000BF00BFC1480078401EC049087000BF38
:103BF00000BF0098F7F7AAFB00BF00BF00BF00207E
:103C0000288000BF97E7002180F82A10BA49016098
:103C1000BAA14160002101628161C16141620185F7
:103C20008160C160016141617047F0B5B54E368871
:103C30008569B5FBF6F706FB1755ACB2B24D05EB3F
:103C4000C4021568854205D10169116039B10025AA
:103C50004D6104E0416903690B6103B159610125BC
:103C600080F82A5000250561456195886D1E958074
:103C7000F0BDC26A016B3AB99A4B196009B10023D1
:103C8000CB620023036309E019B900231363C36205
:103C900004E01163CA6200230363C362704738B54E
:103CA00005460C4690480078002804DD47F2433072
:103CB0002080002038BD25B947F242302080002006
:103CC000F8E78B492868884204D045F6C450208024
:103CD0000020EFE76846F9F71FF92846FFF7C9FF0C
:103CE00084480088401E8349088095F82A00F0B176
:103CF000012811D0022802D0032820D10DE0284647
:103D0000FFF793FF2846FFF77EFF6846F9F74EF965
:103D1000002020800120CDE700BF2846FFF773FF79
:103D20006846F9F743F9002020800120C2E7684681
:103D3000F9F73CF947F23D3020800020BAE76846A9
:103D4000F9F734F947F2413020800020B2E7F8B5A6
:103D500004460D4664480078002804DD47F24330ED
:103D600028800020F8BD24B947F242302880002086
:103D7000F8E75F492068884204D045F6C45028809F
:103D80000020EFE76846F9F7C7F894F82A0050B327
:103D9000012810D0022802D003282CD11DE05B4955
:103DA000A0690968461AE6616846F9F7FFF800203D
:103DB00028803046D6E7208D022805D1206A08B930
:103DC000666A02E0266A00E0266AE6616846F9F75C
:103DD000EDF8002028803046C4E76846F9F7E6F899
:103DE00000202880BEE76846F9F7E0F847F23D304A
:103DF00028800020B6E76846F9F7D8F847F2413046
:103E000028800020AEE7F0B50C46022680F82A6034
:103E1000012C05D13D4F466A3F683E4486610CE067
:103E2000066A2EB9394F466A3F683E44866104E00F
:103E3000364F066A3F683E448661324F3F88866946
:103E4000B6FBF7FC07FB1C66B5B22F4E06EBC502AE
:103E5000166836B900260661466110600126968014
:103E60002CE02A4F86693F68F61BC661116820E086
:103E7000264F8E693F68F61BCE61C669CF69BE4288
:103E800009D90E690EB1096913E000260661416186
:103E9000086100210DE04E692EB9002646610161DE
:103EA0004861106004E04B69436101611861486139
:103EB00000210029DCD19688761C9680D6889788C8
:103EC000BE4201DA9688D680F0BD38B505460C466C
:103ED0000548007800281BDD47F243302080002091
:103EE00038BD000080010020F800002040010020C3
:103EF000544D5220840100204E4F4E453F544D52A8
:103F00000000000004F4010864D701208C010020A7
:103F100025B947F242302080002038BDE2492868A8
:103F2000884204D045F6C45020800020F5E768465A
:103F3000F8F7F2FF95F82A0000B3012812D0022802
:103F400002D0032822D10EE02846FFF76EFE0021A2
:103F50002846FFF758FF6846F9F728F80020208028
:103F60000120DAE700BF00212846FFF74CFF684632
:103F7000F9F71CF8002020800120CEE76846F9F709
:103F800015F847F23D3020800020C6E76846F9F773
:103F90000DF847F2413020800020BEE72DE9F041C6
:103FA00005460C460027C1480078002805DD47F289
:103FB000433020800020BDE8F08125B947F242302F
:103FC00020800020F7E7B8492868884204D045F6E9
:103FD000C45020800020EEE700BF00BFF7F7B2F921
:103FE000074600BF00BF95F82A6036B1012E05D004
:103FF000022E05D0032E06D101E000BF00BF00BF96
:104000000020208003E047F24130208000BF00BF45
:1040100000BF00BF3846F7F799F900BF00BF304630
:10402000C9E72DE9F84305460F4690461C469F48D0
:104030000078002805DD47F2433020800020BDE8ED
:10404000F88325B947F2423020800020F7E79649EF
:104050002868884204D045F6C45020800020EEE74E
:104060006846F8F759FF95F82A0000283DD0012846
:1040700033D0022802D003283FD12DE02846FFF795
:10408000D4FD00202080C7B1032F02D0042F15D10A
:1040900009E0AE681EB12846E968B04702E047F281
:1040A0004430208012E0AE681EB141462846B04739
:1040B00002E047F24430208008E007E06846F8F765
:1040C00075FF45F6256020800020B8E700BF6846F0
:1040D000F8F76CFF0120B2E700BF6846F8F766FF0B
:1040E00047F2493020800120A9E76846F8F75EFFD3
:1040F00047F23D3020800020A1E76846F8F756FFE0
:1041000047F241302080002099E71CB500BF53E002
:1041100001AB6A4600210846FEF7CEF901A8F8F780
:10412000FBFEF6F792FF064661480068401C6049B6
:104130000860084600685F490988B0FBF1F201FB9E
:1041400012001FFA80FA5C4800EBCA08D8F8004059
:104150004FF0000B21E0F4B1D4F810905449A0695D
:104160000968884214D12046FFF75FFD208D0228A0
:1041700004D101212046FFF746FE02E0032084F827
:104180002A00A56815B12046E168A8474C4604E01E
:104190004FF0010B01E04FF0010BBBF1000FDAD043
:1041A000F6F753FF871B01A8F8F700FF43480068A4
:1041B000B84201D241480760AAE770B58AB0044608
:1041C00000203F4908603F48006840B13E48006811
:1041D0003C490968B0FBF1F03C49086006E03A4808
:1041E00000680A21B0FBF1F03849086037480068E0
:1041F0003749086000202E490860304908600025D2
:1042000008E02D4800EBC5060020B080F08030604B
:10421000681C85B2274800888542F2DB2D4800687B
:1042200020B947F2473020800AB070BD2A480068A4
:104230002A490968884203D247F248302080F3E7D0
:10424000274800783F2803D347F246302080EBE729
:104250000B2000210591CDE90704069108461E496F
:104260000968204A12681B4B1B68CDE90132CDE971
:1042700003101B4800780023AFF271121AA10090BE
:104280001F48FDF76BFA00BFCEE7002006E00A4AA0
:1042900002EBC0010022CA80421C90B2054A12887B
:1042A0009042F4DB70470000544D5220F80000208B
:1042B0008C01002004F4010864D70120880100204B
:1042C00080010020F0F30108CCF3010890010020E8
:1042D00094010020F4F30108FCF30108C8F301087D
:1042E000ECF30108F8F3010875432F4F532D4949AA
:1042F000492054696D6572205461736B00000000A1
:1043000008DE012010B5ED48006810B1EB480068E8
:10431000804710BDEA480068EA49096800EB81005F
:10432000E94908600846006820F007000860704707
:1043300010B5E648006810B1E4480068804710BD39
:1043400010B50446E248006818B12046E049096803
:10435000884710BD10B50446DE48006818B12046F5
:10436000DC490968884710BD10B50446DA48006882
:1043700018B12046D8490968884710BDF0B50446F1
:10438000DDE9055602EB850020F007004FF0000C38
:10439000071F3846C7F800C04FF4805C071F384637
:1043A000C7F800C04FF0150C071F3846C7F800C00B
:1043B0004FF0140C071F3846C7F800C04FF0130C1D
:1043C000071F3846C7F800C04FF0120C071F3846C9
:1043D000C7F800C04FF0110C071F3846C7F800C0DF
:1043E0004FF0100C071F3846C7F800C04FF0090CFB
:1043F000071F3846C7F800C04FF0080C071F3846A3
:10440000C7F800C04FF0070C071F3846C7F800C0B8
:104410004FF0060C071F3846C7F800C04FF0050CD8
:10442000071F3846C7F800C04FF0040C071F384676
:10443000C7F800C04FF0030C071F3846C7F800C08C
:104440004FF0020C071F3846C7F800C04FF0010CB0
:10445000071F3846C7F800C04FF0000C071F38464A
:10446000C7F800C04FF0807C071F3846C7F800C06F
:10447000071F38463C60DFF864C2071F3846C7F89C
:1044800000C04FF0123C071F3846C7F800C04FF07D
:10449000033C071F3846C7F800C04FF0023C071F17
:1044A0003846C7F800C0071F38463B60071F38462C
:1044B00039604FF0310C071F3846C7F800C04FF085
:1044C000300C071F3846C7F800C04FF0290C071FF3
:1044D0003846C7F800C04FF0280C071F3846C7F809
:1044E00000C04FF0270C071F3846C7F800C04FF038
:1044F000260C071F3846C7F800C04FF0250C071FD1
:104500003846C7F800C04FF0240C071F3846C7F8DC
:1045100000C04FF0230C071F3846C7F800C04FF00B
:10452000220C071F3846C7F800C04FF0210C071FA8
:104530003846C7F800C04FF0200C071F3846C7F8B0
:1045400000C04FF0190C071F3846C7F800C04FF0E5
:10455000180C071F3846C7F800C04FF0170C071F8C
:104560003846C7F800C04FF0160C071F3846C7F88A
:1045700000C04FF0113C071F3846C7F800C04FF08D
:10458000103C071F3846C7F800C04FF0093C071F12
:104590003846C7F800C04FF0083C071F3846C7F838
:1045A00000C04FF0073C071F3846C7F800C04FF067
:1045B000063C071F3846C7F800C04FF0053C071FF0
:1045C0003846C7F800C04FF0043C071F3846C7F80C
:1045D00000C0F0BD10B54248006810B14048006806
:1045E0008047F6F732FD04463E4800683E490968B8
:1045F000884215D03B480068D0F89800201A394905
:104600000968C1F8940037480068D0F89C00354923
:104610000968D1F89410084432490968C1F89C002F
:1046200031480068C0F898402E480068D0F8B400BF
:104630002E490968884205D22C4800682949096832
:10464000C1F8B40000202949086010BD10B5284801
:10465000006810B126480068804710BD10B50024DE
:1046600000BF00BFF6F76EFE044600BF00BF214842
:104670000078401C1F49087000BF00BF2046F6F7B5
:1046800065FE00BF00BFFFF70BFAF8F79CFB10BDFB
:1046900001464A1E4FF0E0235A61174A106820F085
:1046A0007F4000BF10601A46126942F005021A618D
:1046B0001A46126942F002021A617047E4000020B3
:1046C00098F301089CF30108A0010020E8000020F5
:1046D000D8000020DC000020E00000204F3001085E
:1046E000EC000020980100209C0100203C010020EB
:1046F000F0000020F800002020ED00E0704753EAB1
:10470000020C00F069802DE9F04B4FF00006002B01
:104710001FBFB3FA83F503FA05F424FA05F65E40E9
:1047200012BF1643B2FA82F502FA05F4C5F120056C
:104730001EBF22FA05FC44EA0C04203556EA044C5C
:104740004FEA144418BF641C4FF000084FF00009F2
:10475000904271EB030C39D3002919BFB1FA81F7EC
:1047600001FA07F6B0FA80F700FA07F6C7F120075A
:104770001EBF20FA07FC46EA0C062037B6FBF4FC05
:10478000A7EB0507103F07F01F0BCBF120060CFA33
:104790000BFB2CFA06F644BFB3460026202FA4BF1D
:1047A0005E464FF0000B5BEA060C08BF4FF0010BB2
:1047B00019EB0B09ABFB027C48EB0608C01B06FBA0
:1047C00002CC0BFB03CC71EB0C01C1E70B4602469C
:1047D00041464846BDE8F08B13B54FF000004FF05E
:1047E0000001AFF30080BDE81C4070470FB40449DE
:1047F00010B503AA029800F035FB10BC5DF814FB5D
:104800008000002070B5044685690068C10601D5A6
:10481000302600E02026C00707D070BDD4E9012172
:1048200030469047206A401C20626D1EF6D570BD50
:1048300070B5044685690078C00707D170BDD4E91A
:10484000012120209047206A401C20626D1EF6D571
:1048500070BD70B50C460546012A05D02878800643
:1048600000D5EA69002302E0012305E05B1C9342C6
:1048700002D2E05C0028F9D1A869E618C01AA86144
:10488000286A184428622846FFF7BCFF04E0D5E9EF
:10489000012114F8010B9047B442F8D32846FFF7E2
:1048A000C7FF70BD2DE9F041064600241068752948
:1048B000314616A510D0AFF30080002802DA40423E
:1048C00013A507E031688A0701D512A502E0490760
:1048D00004D511A5012401E0AFF3008000210A22D4
:1048E00006F1240709E0B0FBF2FCB0FBF2F302FB97
:1048F0001C00303078541846491C0028F3D1234658
:104900002A463046BDE8F04100F025BA000000001C
:104910002D0000002B0000002000000070B50446B0
:104920000D4621461068AFF300802188090502D5A5
:104930000F4A7A4402E00E4A7A440E32002104F112
:10494000240305E000F00F060009965D5E54491C43
:104950000028F7D120780023000704D5702D02D05D
:1049600009B1022311322046BDE8704000F0F3B9CE
:10497000FED500002DE9F0474FF0000A89460446B5
:10498000C0F820A02046E1688847002876D0252876
:1049900006D0D4E901219047206A401C2062F1E74B
:1049A000E168204600258847C4F81CA00646002779
:1049B000C4F818A02A2E09D0304608F00FFA38B3F0
:1049C00004EB8708303EC8F8186019E059F8041B5A
:1049D000204604EB87029161E1688847012F064673
:1049E00018D1E069002820DA25F020051DE0D8F86C
:1049F000180000EB800006EB40003038C8F81800C3
:104A00002046E1688847064608F0E8F90028EED11C
:104A1000012F0AD02E2E08D12046E16888477F1C3E
:104A20000646022F45F02005C4DBA069002803DA02
:104A3000404245F00105A061E80701D025F01005CE
:104A4000B6B1A6F14100192802D8203645F4006518
:104A50004A463146204625604D46EBF7EFFB58B1FC
:104A6000012806D0ED1D25F0070000F1080989E7AF
:104A700004E005F1040985E730468AE7206ABDE8CD
:104A8000F08770B5064600F057F9046805463046D1
:104A90000A22002100F0F8F92C6070BD032A40F2D0
:104AA000308010F0030C00F0158011F8013BBCF1D0
:104AB000020F624498BF11F801CB00F8013B38BFE8
:104AC00011F8013BA2F1040298BF00F801CB38BFF6
:104AD00000F8013B11F0030300F06780083AC0F0D2
:104AE000088051F8043B083A51F804CBA0E80810BC
:104AF000F5E7121D5CBF51F8043B40F8043BAFF3EF
:104B00000080D20724BF11F8013B11F801CB48BF48
:104B100011F8012B24BF00F8013B00F801CB48BF7E
:104B200000F8012B7047431A28BF9A427FF6B6AFB0
:104B3000032A1044114440F2268010F0030F1EBFD8
:104B400011F8013D521E00F8013D10F0030F7FF4F3
:104B5000F6AF11F0030300F0E281083AC0F00B80D9
:104B600051F8043D083A51F804CD40F8043D40F8AE
:104B700004CDFFF7F3BF121D5CBF51F8043D40F8B0
:104B8000043DAFF30080D20724BF11F8013D11F8B6
:104B900001CD48BF11F8012C24BF00F8013D00F8F9
:104BA00001CD48BF00F8012C704710B5203AC0F085
:104BB0000B80B1E81850203AA0E81850B1E818501E
:104BC000A0E81850BFF4F5AF5FEA027C24BFB1E85B
:104BD0001850A0E8185044BF18C918C0BDE81040CC
:104BE0005FEA827C24BF51F8043B40F8043B08BFD5
:104BF0007047D20728BF31F8023B48BF11F8012B9C
:104C000028BF20F8023B48BF00F8012B704702F094
:104C1000FF0343EA032242EA024200F002B84FF0E7
:104C200000020429C0F0128010F0030C00F01B8079
:104C3000CCF1040CBCF1020F18BF00F8012BA8BF87
:104C400020F8022BA1EB0C0100F00DB85FEAC17C4B
:104C500024BF00F8012B00F8012B48BF00F8012BFE
:104C600070474FF0000200B513469446964620392F
:104C700022BFA0E80C50A0E80C50B1F12001BFF415
:104C8000F7AF090728BFA0E80C5048BF0CC05DF87B
:104C900004EB890028BF40F8042B08BF704748BFC9
:104CA00020F8022B11F0804F18BF00F8012B70473D
:104CB0004FF0013C50F8042B51F8043B9A4221D1AB
:104CC000A2EB0C03934313EACC1317D150F8042B37
:104CD00051F8043B9A4215D1A2EB0C03934313EA1B
:104CE000CC130BD150F8042B51F8043B9A4209D154
:104CF000A2EB0C03934313EACC13DBD04FF000007C
:104D0000704700BFD01A01BAB1FA81F101F0180161
:104D100022FA01F0CB40C1F12001DBB2C0B2C01ACF
:104D20002CFA01F3D11A914311EAC311E6D170476D
:104D3000704770477047704700487047E4E00120B3
:104D400010B5FFF7F9FF006810BD10B50446FFF776
:104D5000F3FF046010BD2DE9F0470D4699469246D9
:104D6000044600F124080168880604D5E06921F0B2
:104D70001001216000E00120A84201DD471B00E096
:104D80000027A1697A1902EB0900081AA0612078AE
:104D9000C00602D42046FFF735FD002608E0D4E91E
:104DA00001211AF806009047206A401C761C2062F8
:104DB0004E45F4DB2078C0060AD52046FFF722FDD9
:104DC00006E0D4E9012130209047206A401C20628F
:104DD000381EA7F10107F4DC07E0D4E9012118F837
:104DE00005009047206A401C2062281EA5F101059D
:104DF000F3DC2046FFF71CFD2078000602D50220D8
:104E0000BDE8F0870120FBE701694A1C02610878D0
:104E1000704700B58FB0CDE90131002105910549FA
:104E20007944CDE9031011466846FFF7A3FD0FB0A2
:104E300000BD0000E5FFFFFF10B5436913B1AFF3FC
:104E4000008001E0FFF705FD012010BD127800F1A0
:104E500024010A7000224A700122EDE711684FF028
:104E6000FF32E9E7074B70B50D467B44FFF7D1FFF2
:104E70000446284600F0D9F810B14FF0FF3070BD5D
:104E8000204670BD1152FFFF2DE9F04791460F46B5
:104E900080460446002614F8015B2DB100F06EF840
:104EA0000068405DC007F6D12B2D02D02D2D18D003
:104EB000641E4A463946204600F068F827B1396832
:104EC000A14201D1C7F800804FF0020471050BD553
:104ED0004042002803DDFFF72FFF0460A007BDE874
:104EE000F08746F48066E4E70028F8DAFFF724FF4D
:104EF00004606FF00040F2E7431A28BF9A427FF641
:104F000054AE104410F0030F11441EBF11F8013DC0
:104F1000521E00F8013D10F0030F7FF4F6AF103A77
:104F2000C0F00A8010B531E91850103A20E9185045
:104F3000BFF4F9AFBDE81040530724BF31E90810B2
:104F400020E9081044BF51F8043D40F8043D12F038
:104F5000030F08BF7047D20728BF31F8023D48BF92
:104F600011F8012C28BF20F8023D48BF00F8012CA1
:104F70007047000000487047E4E0012010B500F0E1
:104F80007DF8001D10BD00BF417F00002DE9F05FDE
:104F9000824615468B4600270AF10104B94600787F
:104FA000302801D09DB113E014F8010B01277828B7
:104FB00003D0582801D045B10AE00DB1102D07D11A
:104FC000002714F8010B102502E0082500E00A254F
:104FD0000026B0460EE005FB080005FB06F10127A0
:104FE0001FFA80F801EB1046B6F5803F00D3B946B2
:104FF00014F8010B294600F045F80028EBDABBF164
:10500000000F05D00FB1641E00E05446CBF80040FD
:10501000B9F1000F06D0FFF78FFE02210160C81E14
:10502000BDE8F09F48EA0640FAE7007B00F0800008
:1050300070477546FFF79EFFAE460500694653462A
:1050400020F00700854618B020B5F3F737FBBDE820
:1050500020404FF000064FF000074FF000084FF0DF
:10506000000B21F00701AC46ACE8C009ACE8C00970
:10507000ACE8C009ACE8C0098D46704700487047ED
:1050800004E101203A2800D2303820F02002412AE1
:1050900001D3A2F13700884201D34FF0FF307047AF
:1050A00010B50446AFF300802046BDE81040EBF792
:1050B000EEB8000022484FF6FF710170002080F327
:1050C00009882048016881F308881F484FF0805103
:1050D000016062B6FEE71C484FF0805101607047E6
:1050E00019484FF080510160704772B6EFF30980A4
:1050F00050B11EF0100F08BF20ED108A203880E854
:10510000F00F12490968086000B5114880475DF842
:1051100004EB104810490A7802700C480F490A68DD
:105120000260106890E8F00F20301EF0100F08BFEA
:10513000B0EC108A80F309884EF0040E62B6704716
:1051400022ED00E0A001002004ED00E09801002025
:10515000D545010826010020270100209C010020E0
:10516000002800DC404270477CB5214C0546216890
:1051700031F8220F4A8D104408804888CA8D1044A7
:105180004880284601F0C8F92168498CADF8001024
:105190004618284602F04AFE3044401EADF804008E
:1051A00001F0FAF92168898CADF802100844401E1C
:1051B000ADF80600684604F071FA04E0284600F0F5
:1051C00019F804F02DFA0028F8D10A2D04D0BDF802
:1051D00004002168401C4884206830F8221F428D5A
:1051E000891A01804188C28D891A41807CBD0000E6
:1051F000B801002010B504460A2812D00D2C14D096
:1052000001F056FA09480068C069016820468847DD
:105210000748016809B120468847BDE8104002F000
:10522000EFB9BDE8104000F0DDBF10BDB8010020AF
:10523000E00100201CB50024019401AC009400F0B2
:10524000E7F81CBD2DE9FF4F83B0814606988A46DA
:10525000A0EB0A08109E00200090A2EB090435681C
:10526000934654EA080018D02046FFF779FF074616
:105270004046FFF775FF87420BDA204644468046DA
:105280004846D14682465846DDF818B006900120BF
:105290000090002C07DD204606E007B04846BDE838
:1052A000F04F00F03BB96042A0420AD04846D946D0
:1052B0006442C8F1000883464FF0FF37DDF818A0BC
:1052C00000E001275148B8F1000F11D004EBD47170
:1052D0004FEA610B01DACBF1000B4C480068807E8D
:1052E00088B3002F02DA30682044306000257BE06C
:1052F00000990029016821D0897E11B100278046DC
:1053000015E007B05A4649465046BDE8F04F03F055
:1053100099B828466D1C06F065FE38B9D8F800002B
:1053200009EB0701406E4268504690477F1CA74238
:10533000EFDD6D1E356007B0BDE8F08F8A7E1AB1D3
:105340000027804617E019E0486E5A465146036828
:1053500007B04846BDE8F04F184728466D1C06F0D8
:1053600041FE38B9D8F8001009EB0700496E4A68C9
:10537000514690477F1CA742EFDDDAE700250FE09A
:1053800008FB05B090FBF4F101EB0A00009951B164
:105390001E4A09EB05011268526E526890476D1C57
:1053A000A542EDDDC7E7194909EB05030968496E18
:1053B0004A6801461846F1E708FB05B090FBF4F196
:1053C00001EB0A00019030683844306006F00AFEB4
:1053D00048B9009890B10D4809EB05010068406E8E
:1053E0004268019890476D1CA542E5DD3068002FAA
:1053F00001DA20443060C01B30609CE7034909EBB0
:1054000005000968496E4A680199EBE7B801002078
:105410002DE9FF470F4640491646804609680C981B
:105420001D460A7E012A1CD0A8EB0600791B50EA13
:1054300001031CD0A2F1010907F06CFC00F58060AB
:10544000824602F057FE00FB09F4504602F056FE79
:1054500000FB09F1002C0CDAC4F500708012404208
:105460000AE00090324639464046FFF7EBFEBDE8C1
:10547000FF8704F50074A012002904DAC1F5007159
:1054800089124C4202E001F500718C12002804DD03
:10549000411C01EBD171491003E000EBD0714910C0
:1054A000401E00EBD0704210002C04DD601C00EBAD
:1054B000D070401003E004EBD4704010641E04EB85
:1054C000D47308EB0104ADF800403C18ADF802407D
:1054D000A8EB02045B10B21AADF80440ADF8082046
:1054E0003144FC1AEA1AADF80C102844ADF80A2031
:1054F000ADF80E000023ADF806401A4604216846B8
:1055000000F07AF83946404605F03CFD2946304621
:1055100005F038FDABE70000B8010020064A13682B
:105520001A7E012A05D0521E02EBD272521000F0F0
:1055300005B85A6E52681047B80100202DE9F05F97
:105540000646884640F2C32002FB00F14FF47A7011
:1055500091FBF0F702FB02F102EBD27001EB600B62
:105560001446B118234A301B7F1C1268526E136810
:105570000A4641469847012538E000BF05FB05F083
:1055800004FB040159451CDDBC4219DD194B06EB37
:10559000050AA6EB05091B68AAF1010208EB040144
:1055A0005B6E09F101001B689847124BAAF10102DA
:1055B000A8EB04011B6809F101005B6E1B689847AA
:1055C000641E0C4B3219301B1B68924608EB050118
:1055D0005B6E81461B689847064B5246A8EB050157
:1055E0001B6848465B6E1B6898476D1CBD42C5DD55
:1055F000BDE8F09FB80100202DE9FF4F43F6FF748E
:105600000F46664283B09B46814600210BE000BFF7
:1056100009EB8100B0F90200A04200DA0446B04272
:1056200000DD0646491CB942F2DB67480068406964
:1056300000280DD0B0F906101A46A1EB0B01B142BB
:1056400000DA0E46B0F90200801AA04200DD0446DE
:10565000B4E0DFF878A100200546CAF8000088E031
:10566000781E854201DA6B1C00E0002309EB850CF3
:1056700009EB8302BCF90200B2F90210A04244D146
:10568000A14215D139F92330059A39F9251003EBD8
:10569000020C4D4A05981268084404EB0B01526E47
:1056A0006045136801DA62462AE00246604627E058
:1056B0002846A4464FF000087A1E0BE008B1401EB1
:1056C00000E0781E09EB8003B3F90230634504D192
:1056D00008F101089045F1DB2346A34248D01A1B8C
:1056E00039F92500A1EB040C059B92EA0C0F09D4B3
:1056F000354A184404EB0B011268526E13680246D7
:10570000984735E004F040FB32E0A14230D001DBA5
:10571000A04203DDA0422BDBA14229DCE046884207
:105720000ADC0346A04223DC0846A14220DBB8F98C
:1057300000C0B2F9001008E00B46A14218DCA042FC
:1057400016DBB2F900C0B8F90010E21AA1EB0C01A7
:1057500051430029A0EB030202DD01EB620102E0EC
:10576000A1EB6201491CC01A91FBF0F06044C9E74B
:105770006D1CBD42FFF674AF0598009004EB0B0062
:10578000019000208046054613E01149B8F1000F52
:1057900031F915A009D0009901EB0A0208440A4921
:1057A0000968496E0B680199984788F001085046CE
:1057B0006D1C064909688D42E7DB641CB4427FF723
:1057C00048AF07B0BDE8F08FB8010020F402002018
:1057D0002CE0012010B5002001F08EFC6FF07F401E
:1057E00001F095FC012001F0EDFC002001F0F8FC37
:1057F000002001F005FD002001F09AFC044800683B
:1058000001F0A2FCBDE81040002001F0ADBC00009A
:10581000B40100202DE9F04FDFF828B191B04FF02E
:10582000FF35DBF80030B3F922100691DE69B3F9D9
:105830002490F469A189814206D8E289824203D387
:10584000471AD4F8008012E0D4E9018100296FD012
:105850000A8882426CD84D88854269D3801A82B208
:10586000486800EB8200B0F90070B0F90250781C73
:105870005ED0307EA17C10FB01FA217CCDE90701CE
:10588000B3F92A60304603F069F8C0B20E90DBF835
:10589000000007FB0A81A37C826B0127CDE904127B
:1058A000CDE90273C069089AC17E807ECDE900010E
:1058B000DDE90603494602F063FC681C18D046F097
:1058C000020003F04BF8DBF80000A37C05FB0A8123
:1058D000826BCDE90273CDE90412C069089AC17EDA
:1058E000807ECDE90001DDE90603494602F048FC6F
:1058F000DBF800005D46C069417E007E814214D91C
:10590000022E12D086F0040003F028F82868C0693F
:10591000027EC37E12FB0391437E857E089A069821
:105920004B4412FB050202F0B7FD0E9803F016F887
:10593000DBF80000627C418C1144418411B0BDE869
:10594000F08F0000B801002004480068C069C069F9
:1059500009B1027C0A60407C70470000B801002059
:10596000022008807047C06982898A4202D8C289B1
:105970008A4210D2806880B102888A420DD843885A
:105980008B420AD3406800EB8100A0EB8200B0F9A3
:105990000000002801DB0120704700207047000054
:1059A0002DE9F043304C034687B020681946B0F922
:1059B0002A60C069C06900F086F8002850D04168AC
:1059C0000088181A01EBC0053046AF7802F0C6FF18
:1059D000814620686A680123816BCDE90237CDE9F1
:1059E0000421C169CB7E8A7ECDE900230B7EB0F90C
:1059F00024102A78B0F9220002F0C2FB2068C069A6
:105A0000417E027E91421FD9C07E11FB00F812FB3D
:105A100000F7022E18D000F0A5FD064600F070FD3C
:105A200001F075FB21682A78CB69B1F92200DB7E91
:105A300012FB0302B1F9241001EB0803394402F010
:105A40002BFD304601F063FB484602F087FF2068DB
:105A50006A78C369B0F922109B7E12FB031141845E
:105A600007B0BDE8F0830000B801002030B50F4C4E
:105A700005460B4620682946C069C06900F023F836
:105A8000002812D04168008824682A1A0120E4699D
:105A900000EBC200085CA47E10FB04F0002B04D0D5
:105AA00011F8321011FB04F1196030BDB80100206B
:105AB00001200880704700B5C06900F004F8002894
:105AC00000D0012000BD06E002888A4202D8428848
:105AD0008A4202D280680028F6D1704770B500254E
:105AE0000F4C19E020690F49C5EB051600EBC60005
:105AF00070220968001DFFF758F82069002140F85E
:105B0000361000EBC60000F10C018161011D0A1D79
:105B1000C0E90F126D1C4164A0688542E2DB70BDD4
:105B200004030020B801002070B50E490C4808603D
:105B3000084602F093FA0B4C143CA068C0EB00102E
:105B4000C500284600F068F82A460021206102F0CE
:105B50008DFA4FF0FF302060BDE87040F4F783BC51
:105B6000D9BB01081803002010B5040009D000F0CB
:105B70009FFD204604F060F9044601F041FD2046F7
:105B800010BD002010BD38B5054600F091FD284637
:105B9000FFF7EAFF040009D000F0BEF82A46002112
:105BA000009002F063FA684600F0F4F801F028FD76
:105BB000204638BD024A106021F003005060704753
:105BC00088DF012010B5040016D000F071FD0B48ED
:105BD000006B10F8341059B1022909D2042101EBED
:105BE000C4014158486804F0EBF8204606F0CEF8AE
:105BF000BDE8104001F004BD10BD0000CCDE012066
:105C0000002805D0034A916B016001B148609063A0
:105C100070470000CCDE01202DE9F041044605F07C
:105C2000A3FE2848E41C24F00305C16B2D1DA942E6
:105C300000D90D46846B13E054F8042CAA420ED10F
:105C400084B1216809B162684A60616809B122685B
:105C50000A60826BA24231D1216881632EE0246800
:105C6000002CE9D18046416B80680F1857F8040C6E
:105C70003E1A306838B1002006F0E4F857F8040CFA
:105C80003E1A3068D0B97068A84217DB3044441B14
:105C90003046241D06F08EF8D8F80810491BC8F8C5
:105CA0000810D8F810102944C8F810107068401B6C
:105CB00002D0314604F084F844F8045C2046BDE884
:105CC000F0810000CCDE012010B5002405F04CFE70
:105CD0000C490F2001EBC002126C1AB101EBC0009D
:105CE000006C08E0401EF5D508E04168A14200D9EB
:105CF0000C46806810B180680028F6D1A4F10C0031
:105D000010BD0000CCDE012002484169491C416100
:105D100070470000CCDE012005498A69521C8A6167
:105D2000096B01EBC0010A78521C0A7000F04AB8F6
:105D3000CCDE012010B500F0BBFCFFF7C5FF6422EC
:105D40000849B0F5800F04D990FBF2F4C8694443C8
:105D500003E0C9694143B1FBF2F401F051FC204674
:105D600010BD0000CCDE01200549102805D94A6885
:105D7000B0EB520F02D3500800E01020886070474B
:105D800088DF012002484169491E416170470000D7
:105D9000CCDE01200A4902680B6B52F8082C03EB99
:105DA000C2021378022B03D38B690BB15B1E8B618C
:105DB0001178491E117000210160084670470000EB
:105DC000CCDE0120002806D00349042202EBC000EB
:105DD000096B085808307047CCDE0120F0B52D273C
:105DE0001C68B0F1004F08D0002600280DDA651CB1
:105DF0001D6027704042012408E0651C01261D60DB
:105E00006FF000402770491E01E00024091BC9B251
:105E10002AB3491EC9B222E00C46491EC9B29442B7
:105E200005D1124C27781C68651C1D602770104C2A
:105E300054F8215090FBF5F4E4B20A2C11D804FB7D
:105E4000150011B90EB1641CE4B20A2C02D1012470
:105E5000491CC9B21D686F1C30341F602C700029AA
:105E6000DAD1196800200870F0BD0000AC010020F4
:105E7000B81D020810B5002807DD0A682B24531C42
:105E80000B601470096800220A7010BD10B5C2B210
:105E9000CBB2D21A00D5524293B25B43C0F3072271
:105EA000C1F30724121B00D55242000C92B2A0EBA2
:105EB000114002FB023200B2002801DA404200B277
:105EC00080B200FB002010BD10B50021084600F094
:105ED000A9FB43F6FF725042BDE81040134601464D
:105EE000AFF300802DE9FC411C4615460E460746DF
:105EF00000F0DEFB042002F031FD80461248C0684D
:105F0000C16C006D0F4406440D440444ADF80070AC
:105F1000ADF80450ADF80260ADF80640684603F0F5
:105F2000BDFB07E023462A463146384602F0B4FA64
:105F300003F076FB0028F5D1404602F00FFD01F09A
:105F40005FFBBDE8FC810000AC0100202DE9F041C1
:105F50001C4616460D460746022B02DB0020BDE814
:105F6000F0811C20FFF758FE0028F8D00DB1056124
:105F70000AE0094A52F8241009B905E011460A68F6
:105F8000002AFBD1096901618461868200210160D8
:105F90004160C0E90217E2E7D001002070B51D465C
:105FA000FFF7D4FF040009D000F00EF8E0680068A5
:105FB00020B90348006800EB85008465204670BD69
:105FC000B8010020FFF71CBE70B590B38269022AA9
:105FD00030DA1E4C54F8221019B944F8220032E08D
:105FE00019464B68002BFBD106E0CB68C5681B68DF
:105FF0002D68AB4203DD09680029F6D11AE0C1B172
:10600000CB68C6681B683668B3420CD1838A012B03
:1060100005D008E01946DB681B68AB4203DB0B6860
:10602000002BF7D129B14B6833B118604A68426040
:1060300004E0FFE7012070BD44F822004860884278
:1060400000D100210160002070BD0000D0010020BF
:1060500010B503E00468FFF7B7FF20460028F9D128
:1060600010BD06F003B900002DE9F0410026DFF86D
:1060700034800D4F354600BF58F8254009E0E068F0
:106080000068385C20B1204606F0F0F8266026460D
:106090002468002CF3D16D1C022DEDDB3046BDE8E9
:1060A000F0810000D001002084F50108022801DB06
:1060B00000207047054951F8200004E0C1680968D4
:1060C0000029F6D000680028F8D17047D0010020E0
:1060D0002DE9F0410446F4F7ADF906191EE000BFC2
:1060E00000F0BEF9052F00DD052700F0E1FA1148A8
:1060F0000568FFF709FE2C0017D000BF01F080FAF9
:10610000641EFBD13846F4F79AF91DB100F0D0FABD
:106110006D1EFBD1FFF736FE01F072FAF4F78AF933
:10612000371A002FDCDCBDE8F0813846F4F787F938
:10613000F0E700001003002070B514460D46064637
:1061400000F0B6FA0548016830464D848C84FFF7AC
:106150000BF8BDE8704001F053BA0000B801002010
:106160007FB51E4614460D46CDF80CD003AB002279
:106170003146FFF733FE22462946684600F0DEF836
:106180007FBD1FB503ABCDF80CD0FFF727FE6846E7
:1061900000F050F81FBD10B504462DED028BB0EE97
:1061A000408ABDEEC80A10EE100A00F0C9FA211AA2
:1061B000B5EEC08A491EF1EE10FA05D218EE100AAB
:1061C00010F1814F00D2491E002900DA0021B0EE03
:1061D000480ABDEC028B2046BDE81040C9B200223F
:1061E00003F0F6BF10B500F063FA00F0C7F90549F7
:1061F00009688A8C10448884088C4884BDE8104063
:1062000001F0FEB9B80100207FB50C461546CDF867
:106210000CD003A9FFF72EFE002801DD641EE4B2B6
:1062200003AB2A462146FFF7D9FD684600F002F885
:106230007FBD00002DE9FC4706005FD000F038FA72
:1062400000F09CF93C4C81462068B0F9228000F0B7
:10625000BBF9216807468A8CD01B888441E000BFC7
:1062600047F6FF71304601F0B7FD824601463046E1
:1062700001F088FD2168054691F82C0000F003002C
:10628000012841D002283BD000204A8C101A4884B3
:10629000ADF800006A1E1044ADF80400888CADF81B
:1062A0000200A9F101010844ADF806006A46514612
:1062B000304601F02DFB2168BDF80200888451466C
:1062C000304601F08BF8064430780A281ED00D289D
:1062D0001CD0BDF80000216828444884307818B1EB
:1062E000761C30780028BBD12068818C39448184A9
:1062F000818D21F00301818501F082F9BDE8FC87E1
:1063000005EBD5704010C0E72846BEE7206890F83E
:106310002C1001F0030101290BD0022909D0018CB6
:10632000418431780A29D9D1828C02EB0901818418
:10633000D4E7A0F82280F4E7B801002070B5144635
:106340000D46064600F0B4F905480068458484848B
:106350003046FFF76FFFBDE8704001F051B9000013
:10636000B80100202DE9F04107460A4815460E46BF
:106370000068B0F92C0040F0020000F031FF044644
:106380002A4631463846FFF7D9FF2046BDE8F0419E
:1063900000F026BFB80100202DE9F0411C4615464B
:1063A0000E46074600F084F90C480168C86C096D78
:1063B000074405440E440C44002003F06FF907E045
:1063C00023462A4631463846FEF734FF03F028F9C3
:1063D0000028F5D1BDE8F04101F012B9B801002064
:1063E0002DE9FC411C4616460D46074600F060F9B3
:1063F0001A480168087ECA6C096D17440D440C44A4
:10640000401E391A1644ADF800103118ADF80410CA
:10641000291A2044ADF80600ADF80210684603F0D2
:106420003DF915E032462946384601F0ABFF3246C9
:106430002146384601F0A6FF621E691C384602F06C
:1064400001F8621E691C304601F0FCFF03F0E8F819
:106450000028E7D101F0D4F8BDE8FC81B8010020A4
:1064600010B5002400E0012400F004F80028FAD15F
:10647000204610BD064810B50068002410B18047C2
:1064800000B1012402F08AFD00B10124204610BDB4
:10649000D80100202DE9FC411C4615460E46074652
:1064A00000F006F910480068C16C006D0F44064406
:1064B0000D440444ADF80070ADF80450ADF802602E
:1064C000ADF80640684603F0E9F807E023462A469F
:1064D0003146384601F0E0FF03F0A2F80028F5D17C
:1064E00001F08EF8BDE8FC81B8010020034951F8A5
:1064F0002000C1688A6A082110470000D0010020EE
:1065000010B500F0D5F801F0F7FF02F079F8044675
:1065100001F076F8204610BD10B5044600F0C8F82A
:10652000054800210068C06942682046904704463B
:1065300001F066F8204610BDB801002070B50C4689
:10654000054600F0B5F8064821460068C069426873
:1065500028469047044601F053F8204670BD0000DD
:10656000B801002010B500F0A3F801F0CDFF02F053
:1065700047F8044601F044F8204610BD10B500F07D
:1065800097F804480068C069447E01F039F8204655
:1065900010BD0000B801002010B500F089F801F02E
:1065A000E7FB044601F02CF8204610BD70B50C4600
:1065B000054600F07DF82146284601F029FCBDE89B
:1065C000704001F01DB8000010B5002400F070F814
:1065D0000B48006890F82C1001F00C01042904D03D
:1065E000082906D00C2907D103E0C069047E641E87
:1065F00002E0C069007E440801F002F8204610BDA8
:10660000B8010020024951F8200000690068704775
:10661000D0010020024951F820000069406870470D
:10662000D001002070B50D46044600F041F8204628
:1066300005F0FEF80446284605F002F9044300F090
:10664000DFFF204670BD0000134810B5016821F03F
:106650000101016011480121816011490160006858
:106660001049884200D0FEE701F036F90E492E208D
:106670000870F3F733FF0D4805F03EF906F0DEFB36
:1066800004460021084600F07DFD02F005FDFFF7FD
:1066900025FA204610BD0000002000E00030024036
:1066A000C2A507F4CDB5E8B5AC01002094DF012008
:1066B00070B5214CE06820B1F3F7F8FE61688842BC
:1066C00004D0F3F7E0FEF3F7F1FE6060E068401CF1
:1066D000E06001282AD100250BE000BFF3F7E6FEB9
:1066E0002269C5EB051152F83110814205D0F1B194
:1066F0006D1CA0688542F1DB00252068854215D01D
:10670000002812DBFFF7B0FC2168C1EB0112216900
:1067100001EBC2025067C5EB0510084A01EBC0004F
:10672000011D1160406FFFF793FC256070BDC5EB44
:10673000051142F83100E0E704030020B801002011
:1067400010B5011E01DD024600E04A42064B012061
:1067500053F82040944202D8401C0A28F8DB002954
:1067600000DA401C10BD0000B81D02081CB5040072
:1067700004D10E480068046E002C16D0FFF798FF75
:106780002046FFF7C9FA009044696846FFF702FB0C
:106790004CB12046FFF7C0FA0190816889688847AC
:1067A00001A8FFF7F7FA00F02BFF1CBDB80100208D
:1067B00001490A4600F002B801F0FFFF2DE9F0435D
:1067C00087B015460C465FEA000846D0FFF770FF19
:1067D000002000F0ADFC814621480068066E40466E
:1067E000FFF79AFA00900068806900F06DFC074698
:1067F00040F6FF70C44204D10098B0F90440B0F9EB
:1068000006500098611E0289ADF804401144ADF8AD
:1068100008104189681E0844ADF80650ADF80A001A
:1068200002F018FA6846FFF7B5FA01A802F036FF41
:1068300006E02A462146404600F068FB02F0F0FEE2
:106840000028F6D1384600F03FFC304600F074F9DD
:10685000484600F06DFC00F0D3FE07B0BDE8F083C1
:10686000B80100202DE9FE4F984691468A4683469E
:1068700000270C9EFFF71CFF174818490068407C52
:1068800051F82040E1680968042903D02468002CED
:10689000F8D100E014B9FFF709FC04460121E068D3
:1068A000C26A20469047050011D02469A06880473D
:1068B000401C02D10A4C46F001060096CDE9015475
:1068C00043464A465146584600F0CAF9074600F08A
:1068D00097FE3846BDE8FE8FB8010020D0010020A9
:1068E000D0F5010838B504001CD0FFF7E1FE0E48D2
:1068F0000068006EA04201D100F0D8FB2046FFF7EF
:106900000BFA0090406908B100F063FE009800683F
:10691000FFF758FB6846FFF73DFA2046FFF752F9AC
:1069200000F06EFE38BD0000B80100202DE9FF4FD9
:106930000746464883B099460068DDF840B08A466D
:10694000447C434800570128204606DD01F022FE22
:106950008046204601F02AFE05E001F009FE80464F
:10696000204601F00BFE044617B302A901A8FFF769
:106970001DFEB7F90060002E00DA0026B7F90250BC
:10698000002D00DA00250199B7F904004144491EA1
:1069900005F089F8804602980119B7F90600491EEA
:1069A00005F081F8A8EB0602441B521C641C02E0AF
:1069B000002635464246B9F1000F01D1C4F1000965
:1069C000002A01DD002C03DC002007B0BDE8F08FB9
:1069D0004B4629463046CDF800B0FFF743FF5FEA4B
:1069E000000909D000F062F88046484600F0A4F89B
:1069F0000027DFF860B01FE0514605988847012066
:106A0000E3E7E11B414502DA484600F079F83FB17F
:106A1000EA193146484600F0B7F84846FFF7A6FEA7
:106A2000514605988847DBF8001009B100208847D7
:106A30004846FFF7BDFE4744A742E2DB4846FFF762
:106A400051FF002000F078F8BEE70000B8010020F8
:106A5000EC0100204403002038B505004FF000048D
:106A600011D0FFF725FE2846FFF756F90090006881
:106A700000698068804702F0D3F804466846FFF753
:106A800089F900F0BDFD204638BD38B50446FFF752
:106A90000FFE2046FFF740F900F118040090684609
:106AA000FFF778F900F0ACFD204638BD38B5044654
:106AB0000025FFF7FDFD1CB908480068046E44B1CD
:106AC0002046FFF729F90090B0F90A506846FFF711
:106AD00061F900F095FD284638BD0000B80100209E
:106AE00070B505460024284603F0B4FA641C18B1BA
:106AF000BDE8704000F07AB8052CF4DB70BD0000F2
:106B000038B50C46050004D10A480068056E002D12
:106B10000FD0FFF7CDFD2846FFF7FEF80090B0F943
:106B20000A10A14200DD44816846FFF733F900F006
:106B300067FD38BDB8010020F8B50546FFF7B8FD80
:106B4000104E3068046ECDB10CB100F0AFFA02F017
:106B500075F92846FFF7E0F8009031680D66006887
:106B6000FFF732FA6846FFF715F901F03FFF01F031
:106B7000D5FE00BF00F044FD2046F8BD00F096FAB7
:106B8000F8E70000B80100207CB515460E46040069
:106B900004D115480068046E002C24D0FFF788FD4E
:106BA0002046FFF7B9F82DB20090C58034B284803A
:106BB00001F0B4FE0098406980B1FFF7ADF8009A8B
:106BC0000190B2F908108180B2F90A20C28011B197
:106BD0000AB10480458001A8FFF7DCF86846FFF79A
:106BE000D9F800F00DFD7CBDB801002001490A462E
:106BF00000F002B801F0FFFF7FB515460C46060015
:106C00002DD0FFF755FD3046FFF786F840F6FF71AF
:106C10000190CC4203D1B0F90440B0F9065002898A
:106C2000611E1144ADF80840ADF80C104189681E92
:106C30000844ADF80E00ADF80A5001A8FFF7AAF815
:106C400002A802F02BFD06E02A462146304600F05D
:106C500045F902F0E5FC0028F6D100F0D1FC7FBD3B
:106C60002DE9FF4FDFF8E0B083B01C46DBF80010E1
:106C7000DDE91060924600274B7C3A461299FFF7F7
:106C800065F905005DD028698068804701F0C8FF7C
:106C900081460AFB09F0C01D4FEAD008FFF74AF809
:106CA000F10705D1C11700EB9170801000EB400097
:106CB000002C06DC1838B0FBF8F06442A04200DC7F
:106CC0000446F00707D10090DDE903012346524650
:106CD00000F004FC0746002C03DC2846FFF772F99D
:106CE0002FE004FB08F01830F10702D0FEF73CFF5C
:106CF00001E0FEF748FF06001CD0FFF70DF80190F9
:106D00000560039981800499C180A0F808A044819E
:106D1000C0F80C80C0E9049701A8FFF73BF812986F
:106D2000AE602861DBF80000407CA861304607B007
:106D3000BDE8F08F2846FFF745F917B13846FEF752
:106D400041FF0020F3E70000B80100202DE9F74FD4
:106D50008EB0144689460E98FEF7DEFF0990B0F912
:106D600008B0B0F90A600068006940680C9009A892
:106D7000FFF710F8564D574F2868407C57F8200011
:106D8000C1688A6A082190470790182801D32020FB
:106D900007902868407C57F820000069069003C8D7
:106DA0000B904D48814201D0012000E000200A9064
:106DB000002000F02FFC00287DD1286809EB0B0192
:106DC000B0F90C20891A491E002902DDABEB010540
:106DD00000E05D46B0F90810494505DDA1EB090169
:106DE00089446D1A089101E000210891002D6BDDA6
:106DF000B0F90E20A119891A491E002902DDA6EB5F
:106E0000010800E0B046B0F90A00A04204DD061B0C
:106E10003444A8EB060800E00026B8F1000F53DD6B
:106E2000089801900DA95F46DDF830A00E980091FA
:106E3000FFF72BFE774300EB870101982B4601EB10
:106E4000800200994846CDE900A1214600F0B8FD36
:106E50000090002838D00A98E8B1DDE906322946CA
:106E6000009800F087FCB0B90698009FDA46D0F889
:106E700010C0BCF1000F05D004235A4639463846ED
:106E8000E04708E00B993868884701C7AAF101007C
:106E90005FEA000AF6D100990020079ACDE90301C4
:106EA000059001200090CDE9010221460346641CB3
:106EB0002A46484600E007E001F062F9A8F1010027
:106EC000761C5FEA0008ABD111B0BDE8F08F00007E
:106ED000B8010020D00100201F860108F8B5154632
:106EE0000E460746FEF718FF009000681621C0689E
:106EF000426A0020904704466846FEF74BFF002C8C
:106F000003D02A4631463846A047F8BDF8B51546A5
:106F10000E460746FEF700FF009044696846FEF7FC
:106F200039FF3846FFF798FD0346082800DD2CB1ED
:106F30002A463146384605F0B9F9F8BD2A463146A9
:106F4000384605F053FBF8BD10B5002821D009B331
:106F50000AB3B1F90040B2F900309C4200DA23468E
:106F60000380B1F90240B2F902309C4200DA2346B4
:106F70004380B1F90440B2F904309C4200DD23465D
:106F80008380B1F90610B2F90620914200DC114667
:106F9000C18010BD11460A6802604968416010BD99
:106FA00000280BD003880B44038083881944818018
:106FB000418811444180C1881144C180704700005C
:106FC00070B50025FFF774FB094CD4E9002082421C
:106FD0000AD0D2E90056104604F048FC2060314641
:106FE000284602F04DF9012500F00AFB284670BD45
:106FF000F80200202DE9FC41154DDDE908742D68EB
:10700000B5F90860864200DD3046B5F90C6096425D
:1070100000DA3246824219DBB5F90A608E4200DDA1
:107020003146B5F90E509D4200DA2B468B420DDBFE
:1070300000E02C46E5682D6825B1042D02D02568B6
:10704000002DF6D1CDE9007401F052FBBDE8FC81C2
:10705000B8010020B0F90220B1F906309A4213DCE1
:10706000B1F90220B0F906309A420DDCB0F90020E7
:10707000B1F904309A4207DCB1F90010B0F904000C
:10708000814201DC01207047002070470146024820
:1070900070220068FDF789BDB80100200249702206
:1070A0000968FDF782BD0000B801002010B5FFF7A8
:1070B000FFFA01F0E9FB01F099FC01F0CBFDBDE81E
:1070C000104000F09DBA000070B5094D04462868D4
:1070D000467CFFF7EDFA022C03D228684474FFF7D0
:1070E000E5FF0448046000F08BFA304670BD0000F4
:1070F000B80100205C02002010B50446FFF7D8FA62
:10710000204601F0E1FBBDE8104000F079BA10B56F
:107110000446FFF7CDFA204601F00EFCBDE8104012
:1071200000F06EBA0149886070470000AC01002091
:1071300010B50446FFF7BCFA204601F00FFC0446E8
:1071400000F05EFA204610BD70B50446FFF7B0FAB5
:1071500004480068C56904B1C46100F051FA2846CA
:1071600070BD0000B801002070B50546FFF7A0FA19
:1071700003480068847E857600F042FA204670BDA0
:10718000B801002070B50C460546FFF791FA094892
:10719000224605800848048008480068417C084869
:1071A00050F82100C1680B6A29469847BDE8704035
:1071B00000F026BAF4010020F6010020B8010020FA
:1071C000D001002070B50546FFF772FA0348006849
:1071D000047E057600F014FA204670BDB801002048
:1071E00070B50446FFF764FA04480068B0F92C5003
:1071F000848500F005FA284670BD0000B801002023
:1072000070B50446FFF754FA04480068B0F92A50F4
:10721000448500F0F5F9284670BD0000B801002053
:1072200002480068002800D0004770472003002073
:1072300002498A6802B98860FFF7F2BFF8020020AD
:1072400010B504000ED0FFF733FA204604F0CCFD51
:10725000204604F0E3FF2046FEF7B4FCBDE81040F2
:1072600000F0CEB910BD38B50C46050011D0FFF7BF
:107270001FFA2846FEF750FD00908089204201D079
:10728000012400E000246846FEF784FD00F0B8F910
:1072900000E00124204638BD38B5054600202860AE
:1072A0000648046844B12046FEF736FD00900069A8
:1072B00028606846FEF76EFD204638BD500300206A
:1072C00038B504004FF000000D46086011D020468C
:1072D000FEF722FD0090846844B16846FEF75AFD2F
:1072E0002046FEF719FD0090006928606846FEF709
:1072F00051FD204638BD00002DE9F84FDFF8988099
:107300000546264F98F818008B46410738680A9EB4
:107310009946407C924607D401F03CF9044638680F
:10732000407C01F043F906E001F040F9044638687A
:10733000407C01F02FF9002785B1441EB9EB06000F
:1073400000D54042142806DB5146BBEB0A0000D5AD
:107350004042142804DA0120BDE8F88F641EEDE7EE
:107360000A464B4659463846009604F091FB0C4FAE
:107370004B46524647F8350059462046009604F0E1
:1073800087FB07EBC501486004F068FE012100207F
:10739000C8F81C10E0E7000018020020B801002027
:1073A00004E00120014988617047000018020020B4
:1073B0002DE9F041084E044605683068016828460A
:1073C0008847074630684168284688472844206037
:1073D0003846BDE8F0810000BC0100202DE9F041F5
:1073E0000C4606460025064F05E0386841683046E1
:1073F000884706440544641EF7D22846BDE8F0815C
:10740000BC0100202DE9F0411E46069C1746884627
:1074100005463A46A8687F1C3346D0F804C041466A
:107420002846E047641EF4D1BDE8F08170B5B0F99C
:107430000040091BB0F904408C422CDD00F114041B
:10744000B0F902500069521B02FB0040CA1800EB61
:10745000E104521ED010B0EBE10501F007034FF03C
:10746000FF0102F0070221FA03F0C2F1070201FA5C
:1074700002F1CEB221780FD001436D1E04F8011B3A
:10748000002D05DDFF2229462046FDF7C0FB2C44D8
:1074900020783043207070BD30400143217070BDB2
:1074A00010B5B0F90030B0F90240C91A00F1140368
:1074B0000069121B02FB003000EBE10001F0070342
:1074C00002788021D9400A43027010BDB0F906103D
:1074D000026951431430FDF7C4BB00002DE9F843A5
:1074E000804602F10F000011470003FB07F01C4625
:1074F000154689461430FEF746FB060018D0FFF704
:10750000D7F83046FEF708FC0090A0F80080A0F8FD
:1075100002908580C48007498160012181810761D3
:107520006846FEF737FC00F06BF83046BDE8F8839C
:107530000020FBE7FC1E020870B5B0F90660B0F948
:1075400004400B6800F1140596421BDD0069A3425C
:1075500002FB005000EBE30214DA641EE010A0EB23
:10756000E30512F8010B03F00704A040C4B206E0E3
:1075700045B1083312F8014B23F007036D1E002CB0
:10758000F6D004E0002070BD6006040E5B1C2006EF
:10759000FAD5FF2C07D0184602E06406240E401CE2
:1075A0006606FAD400E0D81DC443640705D006E09F
:1075B00012F8014BFF2C09D108306D1EF8D5C01A06
:1075C000401C0B6070BD6206140E401C2206FAD4EB
:1075D000F5E738B50546FFF76BF82846FEF79CFB44
:1075E00000908189491E0CB284816846FEF7D2FB67
:1075F00014B92846FEF7E6FA00F002F838BD00009C
:107600000348C168491EC16001D1F2F747BF704706
:10761000040300200EB508B102AA00E000220023F6
:1076200001A9684600F056FB0EBD0000074910B5E1
:10763000CC6818B10120C860801E03E00020C8603B
:107640006FF07F4000F086FD204610BDF80100205D
:1076500010B5082A0EDC0346012A18D0022A56D09B
:10766000042A76D010F8042B03F8012B491EF9D117
:10767000012010BD102A08DC4FEA000230F8043B5C
:1076800022F8023B491EF9D1F2E7002010BD10F8A4
:10769000042BD207120E491E34D010F8044B491E99
:1076A00004F0010442EA84122CD010F8044B491E65
:1076B00004F0010442EA441224D010F8044B491E9D
:1076C00004F0010442EA04121CD010F8044B491ED5
:1076D00004F0010442EAC40214D010F8044B491E1D
:1076E00004F0010442EA84020CD010F8044B491E55
:1076F00004F0010442EA440204D010F8044B04F000
:107700000104224303F8012B0029C0D1B0E710F88F
:10771000042B9207120E491E15D010F8044B491E77
:1077200004F0030442EA04120DD010F8044B491E81
:1077300004F0030442EA840205D010F8044B04F07C
:1077400003042243491E03F8012B0029DFD18FE7F0
:10775000FFE710F8042B1207120E491E05D010F88F
:10776000044B04F00F042243491E03F8012B0029A7
:10777000EFD17DE72DE9F0411E680D460446082A49
:1077800009DC0746012A1AD0022A5BD0042A7DD0E0
:10779000082A13D18DE0102A07DCD3F810C0074661
:1077A000BCF1000F04D0022389E00020BDE8F08185
:1077B00001CCB04727F8020B6D1EF9D18AE001CC4D
:1077C000B047C0074FEA10686D1E36D001CCB047F5
:1077D00048EA801000F0FF086D1E2ED001CCB047A3
:1077E00048EA401000F0FF086D1E26D001CCB047DB
:1077F00048EA001000F0FF086D1E1ED001CCB04713
:1078000048EAC00000F0FF086D1E16D001CCB0475A
:1078100048EA800000F0FF086D1E0ED001CCB04792
:1078200048EA400000F0FF086D1E06D001CCB047CA
:1078300040EA080000F0FF086D1E07F8018B002DDC
:10784000BDD147E001CCB04780074FEA10686D1EFC
:1078500016D001CCB04748EA001000F0FF086D1EBA
:107860000ED001CCB04748EA800000F0FF086D1E42
:1078700006D001CCB04740EA080000F0FF086D1EBA
:1078800007F8018B002DDDD124E0FFE701CCB047E4
:1078900000074FEA10686D1E06D001CCB04740EAE1
:1078A000080000F0FF086D1E07F8018B002DEDD1D8
:1078B00010E0D3F810C0BCF1000F05D001230A4638
:1078C00001463846E04705E001CCB04707F8010B18
:1078D0006D1EF9D1012069E70B4810B581690029B7
:1078E00010D101218161F2F78FFDFEF71DF9F3F749
:1078F0009FFA054905481C310860BDE8104008465C
:1079000000F0ACBB10BD0000AC01002051BB010871
:107910007CB5064628480D46006868B1002001F095
:10792000BDFE06E06A462946304602F071FC01F0D1
:1079300077FE0028F6D17CBD106800901F4C50687F
:1079400001902268BDF8000032F84C1F0844ADF8E1
:107950000000BDF8020091880844ADF80200BDF8AF
:10796000040011880844ADF80400BDF806009188B1
:107970000844ADF80600684601F090FE0EE000BF36
:107980002068BDF800106A464184BDF80210818469
:107990002946304602F03CFC01F042FE0028EFD1BF
:1079A000206830F8221F428D891A01804188C28DDB
:1079B000891A41807CBD0000F0010020B801002040
:1079C0002DE9FF4F8DB00020DDF86CA01646009029
:1079D0001D4604460246CAF8000008AB03A902A8E7
:1079E00000F078F918B1002011B0BDE8F08F0898C8
:1079F000854200DD0546614F0B9561493868407C42
:107A000051F82010049109690691FEF76FFD059069
:107A10003868407CFEF7FEFD5A498146884204D012
:107A20005949894501D0012000E000200A9001CE8B
:107A30001A9988478346000E079077D0009870BB4C
:107A40000D9800EB04084D480068B0F90800404567
:107A500003DDA0EB0807804600E0002702980499A8
:107A600000EB840000EB8700CDE900010B990D9835
:107A7000421809920E9B40461946521EFFF7BAFA69
:107A800001200090059818280ADA0298DDE90523FC
:107A900000EB840000EB8700E91B00F079F812E0AE
:107AA0000A9880B1029800EB840000EB87070998E0
:107AB000A0EB080849463868884701C7A8F10100CB
:107AC0005FEA0008F6D13148C06980B3DDE90207FA
:107AD00000EB840007EB8402CDE902022B4C361F39
:107AE0003046E4692B460299A047FF213068B1EB8C
:107AF000106F02D10298006804E0029A1268B1EB9C
:107B0000126F01D1039A1060029806F10406001D5D
:107B100002900398001D03906D1EE7D10397DAF8D9
:107B2000000040F00101CAF8001020E021E0FFE76A
:107B30000798FF2811D0C0F1FF02029850F82410D6
:107B4000584600F031FA039941F82400DAF80000B1
:107B500040F00101CAF8001005E00298039950F8BE
:107B6000240041F82400641C6D1E7FF460AF03986C
:107B70003AE7039941F824B0E8E70000B801002093
:107B8000D00100201F8601081D860108B4020020D4
:107B90002DE9F05F0C1E16DD5E68014600EB8405E2
:107BA000082A12DC611E012A26D0022A47D0042AA4
:107BB0006AD0082A07D1071917F8010DB04745F810
:107BC000040D641EF8D1BDE8F09F102AFBDC5F694C
:107BD0003FB12246BC46BDE8F04F02235DF804EBFE
:107BE000604701EB440700BF37F8020DB04745F886
:107BF000040D641EF8D1E6E700EBE10001F0070791
:107C000010F801A98146802020FA07F8B5F1040593
:107C10000AEA0800C7F10701C840B04745F804095F
:107C20003FB14FEA48604FEA10687F1E641EEFD1F3
:107C3000C9E719F801A907274FF00108F6E700EB9B
:107C4000A10001F0030710F801A981467900C020C6
:107C500020FA01F84FF0060BB5F104050AEA080016
:107C6000ABEB4701C840B04745F804093FB14FEAC4
:107C700088604FEA10687F1E641EEFD1A3E70327D8
:107C800019F801A9B846F7E700EB6100012710F8E1
:107C900001A9A7438146B900F02020FA01F84FF06E
:107CA000040B2D1F0AEA0800ABEB8701C840B04760
:107CB00045F804093FB14FEA08704FEA10687F1E8B
:107CC000641EEFD17FE719F801A901274FF00F08D3
:107CD000F6E700002DE9F047224C06461F46A06952
:107CE00090468946002540B90120A06104F1200199
:107CF0001D480860084600F0B1F9606930B91B48BA
:107D00000068606110B900F036FC606107B138604E
:107D10004EB1A06830B960698000FDF77DFFA060BA
:107D200000B901253060B9F1000F0AD0E06830B920
:107D300060698000FDF770FFE06000B90125C9F8B7
:107D40000000B8F1000F0AD0206930B960698000E6
:107D5000FDF762FF206100B90125C8F80000284640
:107D6000BDE8F087B4020020B1BB0108E4010020A7
:107D700003480068C069017EC07E11FB00F07047B7
:107D8000B801002073B5124A01A900981268904703
:107D900000240090C8B10F4900250968C9694969E4
:107DA00059B10A684AB1019990477CBD6846FFF70E
:107DB000FFFA0546FEF7B0FB04440198401E01900F
:107DC000F4D5284600F032F8044420467CBD00007B
:107DD000F0020020B801002073B50D460098002481
:107DE00090B10A490968C969496959B14A684AB1F3
:107DF000294690477CBD6846FFF7DAFA20B10A2889
:107E000002D0641CAC42F6DB20467CBDB8010020E9
:107E1000044AB2F9002002600348B0F9000008608B
:107E200070470000F4010020F601002038B500245E
:107E300069460094FEF782FB0099814200DD0C1A2E
:107E4000204638BDB0F90030B1F90020934200DA85
:107E50000280B0F90230B1F90220934200DA428088
:107E6000B0F90430B1F90420934200DD8280B0F90A
:107E70000620B1F906108A4200DDC180704770B556
:107E8000B1F90040B2F900309C4200DD2346038086
:107E9000B1F90250B2F90240A54200DD2C464480FF
:107EA000B1F90460B2F90450AE4200DA354685807B
:107EB000B1F90610B2F90620914200DB1146C180EB
:107EC0009D4201DBA14201DA002070BD012070BD9E
:107ED000014602480068407C00F002B8B80100206A
:107EE0002DE9F843012604468946022857DADFF8CF
:107EF000B480080008F1040530D0012802D002291E
:107F00004DD116E055F8240088B92046FEF7CEF88A
:107F1000009010B3C0680D21426A68469047020085
:107F20003DD049460098904755F824000026401C53
:107F300033E02046FEF7BAF8009070B1C0680D211A
:107F4000426A68469047040029D0D8F8000000B182
:107F5000804749460098A047002620E055F82400B5
:107F6000012813D12046FEF7A1F8009070B1C06837
:107F70000D21426A68469047070007D0D8F80000F4
:107F800000B1804749460098B847002655F82400BC
:107F900008B1012100E00021401A45F824003046D4
:107FA000BDE8F883DC02002070B5FF23B3EB116F4E
:107FB0002CD0C3B213FB02F500F47F4400F47F031E
:107FC00054435343000E10FB02F6C2F1FF00CAB245
:107FD00012FB005201F47F4505FB004401F47F05CC
:107FE00005FB0033090E11FB0065C2F307204FF4B7
:107FF0007F024FF47F4102EA132201EA14214FF07D
:108000007F43084303EA05431043184370BD2DE93D
:10801000F04F0646DDE90CB915460C4600208046B7
:10802000584519D20B9F4FF0FF0A01CE08CCAAEB9E
:10803000106202FB09F2B2FBFAF1CAB21946FFF76D
:10804000B3FF20F07F4001C57F1EEED1099804EBFD
:10805000800408F10100E2E7BDE8F08F02494A69B7
:108060004260486170470000AC01002010B502E09A
:1080700000F8011B521E0AB18307F9D1930818D0EA
:1080800001EB014402F0030204EB042406E010C0FB
:108090001B1F10C040F8084B40F8044C042BF6DAC4
:1080A00001E010C05B1E002BFBD102E000F8011BB9
:1080B000521E002AFAD110BD10B5830702D520F850
:1080C000021B521E530811D001EB0144042B09DBA3
:1080D00010C01B1F10C0042B40F8084B40F8044C84
:1080E000F6DA01E010C05B1E002BFBD1D20700D0F6
:1080F000018010BD00F58060AFF3008010B5002353
:10810000C0F30B00B0F5006F02DD0123A0F50060A5
:10811000B0F5806F01DDC0F5006081110C4C00F0FE
:108120003F00C0F1400234F811005043402A08D00B
:10813000102906DA04EB4101C2F14002498801FB33
:10814000020020308009002B00D0404210BD00000A
:108150008CF5010802490A68086010467047000063
:10816000300300200449054A0968497C52F821106F
:108170000969096808470000B8010020D001002003
:108180002DE9F04F05468DB07B48DDF860901A9CD4
:1081900000681E4617464FF0000A78B11B9B199ADB
:1081A000CDF808900593CDE90324DDE91623CDE948
:1081B0000023046833463A46284680E0DDE916028B
:1081C00001EB060805EB070C1043A8F10108ACF120
:1081D000010C012806D0C9F1080005900020029189
:1081E0000990C6E065480268B2F90A30581A0028BA
:1081F00006DD361A002E63DD1946199B00FB034489
:10820000B2F90E00A8EB0000002802DD361A002E9D
:1082100056DDB2F90C00ACEB0000002800DD3F1A7F
:10822000B2F908300020AB4235DD581B3F1A4B46EF
:10823000B9F1080F26D006DC012B0BD0022B11D090
:10824000042B28D116E0102B1ED0182B1FD0202B6A
:1082500021D11CE020F0070304EBE0041D4400F0F2
:10826000070018E020F0030304EBA0041D4400F015
:10827000030010E020F0010304EB60041D4400F053
:10828000010008E0044404E004EB400401E004EBD6
:10829000800405440020002F12DD1B9BDDF864C024
:1082A000CDE90403CDE90069CDE902C4527C34482C
:1082B0003B4650F82200C26854680A462946A04747
:1082C0000DB0BDE8F08F1799029808440C902B4927
:1082D000401E00900A68B2F90A30834241DCB2F9CC
:1082E0000E10029881423CDB4FF0000BD8460395FC
:1082F0000A9434E0BBF1000F05D10A984FF0080B47
:1083000010F801AB0A900599ABEB090B3AFA01F0B2
:108310000AFA09F101F0FF0A04D118490968097C39
:10832000890716D415490968C96B0A680B921B9A0C
:108330000AB152F82000086016990398009B421871
:10834000521E029900F0A8F80C490B980968C96BF5
:1083500008600399169808F1010808440390B8458D
:10836000C8DB0998401C09900C98029019980444A5
:108370000998B042A7DBA3E7F0010020B801002074
:10838000D0010020F0B40C4612490968B1F90A3056
:10839000A3421CDCB1F90E30A34218DBB1F908305E
:1083A000834200DD1846B1F90C30934200DA1A46D8
:1083B00082420CDB4B7C084951F82350134622467D
:1083C000E9688E6801462846B446F0BC6047F0BCB8
:1083D00070470000B8010020D00100200A4617496C
:1083E00030B40968B1F90A30934225DCB1F90E3096
:1083F000934221DBB1F9083083421DDCB1F90C3026
:10840000834219DB0B7C0E4CDB0709D0497C54F806
:108410002130D968CC690146A44630BC1846604773
:10842000CB6B497C1B6854F82140E1688D6901469B
:108430002046AC4630BC604730BC7047B8010020D5
:10844000D0010020124B30B41B68B3F908408442BD
:108450001CDCB3F90C40844218DBB3F90A408C42AF
:1084600000DD2146B3F90E40944200DA22468A42EA
:108470000CDB5C7C074B53F82440E368DD68134653
:108480000A4601462046AC4630BC604730BC7047C7
:10849000B8010020D001002038B5134C2468B4F98D
:1084A0000850854200DD2846B4F90C50954200DAA8
:1084B0002A46824217DBB4F90A508D4200DD294674
:1084C000B4F90E509D4200DA2B468B420BDB009331
:1084D000647C064B53F82440E3681D6913460A4642
:1084E00001462046A84738BDB8010020D001002031
:1084F000082103F0F9B8000002480068806B0068AA
:1085000070470000B801002002480068C06B006896
:1085100070470000B8010020024809210068407C33
:1085200003F0E2B8B8010020092103F0DDB870B50E
:1085300000252C462046FDF7B9FD00B16D1C641CDA
:10854000022CF7DB284670BD02480068407C00F032
:1085500003B80000B801002010B5FDF7A7FD002802
:1085600005D0C168CA6ABDE810400221104710BD9D
:10857000032103F0B9B8032003F0FEB8042103F08F
:10858000B3B80000024801210068407C03F0ACB899
:10859000B8010020012103F0A7B800000248022121
:1085A0000068407C03F0A0B8B8010020022103F06D
:1085B0009BB800F001B800002DE9F041002809D077
:1085C000876837B10D4E716819B10468B4F5807FC2
:1085D00002DD0020BDE8F0813068844200DD044601
:1085E000002507E057F82500FFF7BCFD716841F84A
:1085F00025006D1CA542F5DB7068EBE73403002015
:108600000449054A0968497C52F8211009694968FA
:1086100008470000B8010020D001002070477047D3
:1086200010B500F01F01074A074BC0F34514C0F313
:10863000C4201B5D105C515C00EB032000EB01408B
:1086400010BD0000581B0208781B020810B50A4C28
:10865000606860B920688000FDF7DEFA606040B1B4
:1086600004F10801054808600846FFF7F7FC002000
:1086700010BD012010BD000034030020EDBB010837
:108680002DE9F041FFF753FF0746002528E0284673
:10869000FDF70CFD18B32846FEF716FD8046284668
:1086A000FFF726FF082817DC0F48104950F825006F
:1086B0000069884210D02846FFF736FF064600249E
:1086C00008E0E0B2FFF79CFF0246E1B2284600F066
:1086D0004BF9641CB442F4DB4046FEF7F5FC6D1C1C
:1086E000BD42D4DBBDE8F081D00100201C1F020890
:1086F0002DE9FF4F83B01646DDE910408B46C06878
:108700004769426A7AB1012111A8904705000AD051
:108710000698CDE9000433465A4603991198A847B4
:1087200007B0BDE8F08F57480068407CFDF7DEFEDB
:108730008246082801DC012005E0BAF1100F01DCB7
:10874000022000E004208046002596E04046B8F173
:10875000010F05D0022871D0B8F1040F25D17CE0BB
:10876000BAF1090F21D2DFE80AF08605213F3F590F
:1087700059595900039815E001465A461198B847CF
:10878000C5F1070188404FF67F722178EA40114019
:1087900001436D1C217004EBE50425F00700054141
:1087A00009F101008146B042E6DD64E0039817E07C
:1087B00001465A461198B8470621A1EB4501884069
:1087C0006B004FF63F722178DA40114001436D1C77
:1087D000217004EBA50425F00300054109F1010017
:1087E0008146B042E4DD46E0039813E001465A4674
:1087F0001198B8470421A1EB850188402178AB008E
:108800000F229A401140014321702C4485F001054C
:1088100009F101008146B042E8DD2CE0DDF80C9062
:1088200007E001465A461198B847207009F101093E
:1088300044444846B145F4DD1DE0FFE7DDF80C9007
:1088400007E001465A461198B847208009F101090E
:1088500044444846B145F4DD0DE0DDF80C9007E0F6
:1088600001465A461198B847206009F1010944446D
:108870004846B145F4DD0BF1010B06998B457FF7B6
:1088800065AF4DE7B801002010B50D4C0D492068CB
:10889000407C51F8200040B1C1680968042901D02A
:1088A0000068F8E708B1FDF7DCFB206800210166ED
:1088B00000F108014161BDE8104000F02FB8000050
:1088C000B8010020D0010020014909684968084723
:1088D0002C030020044909680A7C520701D5C96BA2
:1088E00000E0896B08607047B80100207CB5094C36
:1088F00005462068417C084850F82100C1680A6B91
:108900006946904720686A4629460830FFF7B7FA5B
:108910007CBD0000B8010020D0010020044801689F
:1089200004484A7C083150F82200C268126B104794
:10893000B8010020D00100200149096809680847F2
:108940002C030020044909680A7C520701D5896B71
:1089500000E0C96B08607047B80100200149096850
:10896000896808472C030020F8B515460E460124F7
:10897000FDF79CFB009058B1C0681021426A684620
:108980009047030004D02A463146009898470024B7
:108990002046F8BDF8B515460E460124FDF786FBC6
:1089A000009058B1C0680B21426A684690470300A6
:1089B00004D02A4631460098984700242046F8BD46
:1089C000F8B515460E460124FDF770FB009058B12E
:1089D000C0680A21426A68469047030004D02A46CC
:1089E00031460098984700242046F8BD10B5074C42
:1089F0002068006BFFF7B6FBFFF7A4FF2068406B11
:108A0000FFF7B0FBBDE81040FFF764BFB8010020DE
:108A10002DE9FF4F8DB01746674ADDF870901E9E16
:108A2000209812681D4600248AB11D9B1F98CDE92D
:108A30000293CDE90460DDE91A03CDE9000314686F
:108A40002B463A460D98A04711B0BDE8F08F0D9A1D
:108A500001EB050802EB070CDDE91A231A43A8F124
:108A60000108ACF1010C012A06D0C9F108004FF051
:108A7000000B029105909CE0504A1268B2F90A403E
:108A8000631A002B06DDED1A002DDDDD21461D9C4D
:108A900003FB0466B2F90E30A8EB0303002B02DDE2
:108AA000ED1A002DD0DDB2F90C30ACEB0303002B36
:108AB00000DDFF1A0D9B1C1AB2F90830A3420DDD30
:108AC000A3EB040C0CEB0003181A20F0070004447D
:108AD000A7EB0C0706EBE30603F00700002FB3DD5E
:108AE000DDF874C01F9BCDE902C6CDE90403CDE9D2
:108AF0000059527C32483B4650F82200C268556803
:108B00000A462146A8479FE71B99029808440C9003
:108B10002A49401E00900A68B2F90A30834242DCBA
:108B2000B2F90E10029881423DDB4FF0000A0D9819
:108B30000A96D046039034E0BAF1000F05D10A98A6
:108B40004FF0080A10F8014B0A900599AAEB090AA0
:108B500034FA01F004FA09F4E4B204D117490968BF
:108B6000097C890717D415490968C96B0A680B92F3
:108B70001F9A0AB152F82000086003991A98009BC6
:108B80000A18DDE90210521EFFF786FC0B490B980C
:108B90000968C96B086003991A9808F1010808442C
:108BA0000390B845C8DB0C9802901D980BF1010B9F
:108BB0000644AB45A8DB47E7F0010020B8010020E0
:108BC000D0010020002818D0410817D0810817D004
:108BD000C10817D0010917D0410917D0010A17D0D1
:108BE000410A17D0010B15D0C10B13D0010C11D0C5
:108BF000810C11D0000E11D0202070470120704749
:108C000002207047032070470420704705207047FA
:108C100008207047102070471220704718207047B6
:108C200000B50022FFF7CEFF012804D0811E0629DF
:108C300003D808220BE0012209E0A0F1090107296D
:108C400001D8102203E011380F2800D82022104646
:108C500000BD000002490120096881F854007047F6
:108C6000B80100202DE9F0418AB00446FDF720FD4F
:108C7000BCB32046FDF750F80190D0E90012CDE9D1
:108C80000412876A056A01A8FDF784F8204600F0FF
:108C9000E7FC060025D0204600F0E1F98046B80741
:108CA00004D52A46414604A800F040FE2046FDF7C0
:108CB00033F801904046FDF72FF806903046FDF757
:108CC0002BF8039005620698019AC1691162C4618C
:108CD00001A8FDF75FF806A8FDF75CF803A8FDF70B
:108CE00059F8FEF78DFC0AB0BDE8F0812DE9FC5F74
:108CF0009846DDE90C5491460E460746DDF83CB037
:108D0000FDF7D6FCDFF828A1DAF8140004434DB9CA
:108D1000BAF8020048B347480AF140010068407CB5
:108D200051F82050681C0ED0FDB12846FCF7F4FF26
:108D30000190B0F90010B0F902200F441644B9F1C7
:108D4000000F02D006E000250FE0B0F90430591AF8
:108D500001F10109B8F1000F04D1B0F90600801A41
:108D600000F1010801A8FDF715F80BF12C00FCF744
:108D70000AFF5FEA000B56D0BAF80200401CAAF8BE
:108D800002005846FCF7C8FF0090078007EB090176
:108D90004680491E818006EB0801491EC1800E995C
:108DA0000161254A816A2240114381626846FCF7CD
:108DB000F1FFDAF80C005E4650B1FDF703F8074604
:108DC0003046FCF7FFFF0146786948617E6101E0AB
:108DD000CAF80CB02946584600F0D8FCA00602D5C7
:108DE000584600F0E7FAE00704D0DAF82010491CF2
:108DF000CAF82010600602D55846FFF733FFA007D7
:108E00000DD55846FCF788FF0090816A41F00201B9
:108E100081626846FCF7BEFF584600F0E7F9012181
:108E2000584600F03CFFFEF7EBFB5846BDE8FC9FC0
:108E300054020020B80100209F3F3F00064910B5B2
:108E40000968002081F85400FDF732FCFFF766FD49
:108E5000BDE81040FEF7D4BBB801002010B50446B1
:108E6000C168D4E90020172A0DD004DC0E2A0CD0EA
:108E7000142A07D104E0222A0CD0282A02D10CE0BF
:108E800000F0A8FB0020E06010BD2146BDE81040C6
:108E900000F0BFBA6FF07040F5E7BDE8104000F099
:108EA000A5B938B5040010D0FDF702FC2046FCF748
:108EB00033FF00900068FEF7C3F96846FCF76AFFCD
:108EC0002046FCF77FFEFEF79BFB38BDF8B505009A
:108ED00060D0FDF7EDFB284600F02CFD002857D0B0
:108EE000284600F0CFFB06460B21284600F0D7FEAF
:108EF000284600F032FB2846FCF70EFF0090406A3F
:108F000008B1FDF7EFFC244C002104F15802216365
:108F1000A06852F82030AB4201D142F820101E4A1E
:108F2000503252F82030AB4201D142F82010206973
:108F300004E04368AB4200D1416000680028F8D1EA
:108F40000721284600F093F9009801F027F92846F8
:108F500000F02CFB284600F02FFE0098806AC10725
:108F600002D0216A491E2162800602D5A088401ED7
:108F7000A0806846FCF70EFF6088401E608028468F
:108F8000FCF720FE0448403050F8260000F012FAAA
:108F9000FEF736FBF8BD0000540200202DE9F04139
:108FA0000025FDF785FB1F4CE06A10B1804700E00B
:108FB000012502F021F90028FAD11B4E306890F803
:108FC000540038B1A08828B1E069012720B10068B9
:108FD000804704E0002702E00120FEF779FFFEF75A
:108FE0000FFB306890F8540058B1A08848B1FDF7E5
:108FF0005FFB01F0D1FFFEF703FBA08808B101255C
:10900000EFE7FDF755FB3FB1E06910B140688047DD
:1090100002E00020FEF75CFFFEF7F2FA2846BDE80A
:10902000F081000054020020B801002003480449E8
:109030000068407C51F8200070470000B801002013
:109040009402002010B5040007D0FDF731FB204644
:10905000FCF7B8FEC469FEF7D3FA204610BD10B580
:10906000040007D0FDF724FB2046FCF7ABFE846923
:10907000FEF7C6FA204610BD70B505004FF000049B
:1090800008D0FDF715FB2846FCF79CFEB0F9004020
:10909000FEF7B6FA204670BD2DE9FF5F2C4D6878CB
:1090A000002853D100272B48EF602F630068DFF8BA
:1090B000A8903C464764AF806F804FF0020A4FF0A3
:1090C000FF3B43F6FF7805F140062046FCF7EEFF34
:1090D00098B1CDE90297CDE900BA00214246434656
:1090E0000846FFF703FE1A4A46F8240048326FF09C
:1090F000704142F8241000F079F8641C022CE4DB83
:10910000164FDFF85C80DFF85C90002407EBC400AA
:1091100000F0ECF908EBC40000F0E8F909EBC4003A
:1091200000F0E4F9641C022CF0DB306800F042F936
:10913000FFF790FD01200649687038310A48086041
:1091400004B00846BDE8F05FFEF788BFBDE8FF9FAA
:1091500054020020B8010020EDCD0108B4E0012048
:10916000C4E00120D4E001207DBB010870B586B0C9
:109170000D46060031D0FDF79BFA3046FCF7CCFDDA
:109180000090846AA10723D5D0E90010CDE9011031
:10919000E00302D5304600F04FFB5DB12868039034
:1091A0006868049003A9009800F0A8F903A901A831
:1091B000FEF748FE314601A800F0A8F940B140F69C
:1091C00001000440012C0AD001A9304600F030FB18
:1091D0006846FCF7DFFDFEF713FA06B070BD009895
:1091E000026A816901A800F0A1FBF1E70021FFF705
:1091F000BDBFFEB515460E4604001CD0FCF78CFD25
:109200000246009090F82800800711D5314601A849
:10921000FEF735FE60B16846FCF7BCFD2A4601A9A1
:10922000204602F0F5FB2046FFF70CFF04460CE059
:109230006846FCF7AFFDFEBD2A4601A92046FFF7B0
:10924000D8FF2046FCF7BEFD046A002CF4D1FEBD19
:1092500070B514460D460646FDF72AFA2246294601
:10926000304600F079FBBDE87040FEF7C9B91FB584
:10927000262203910092694600F0CBF81FBD000042
:1092800070B586B00D4606460024FDF711FA0B496D
:109290000948096850F8210048B10E210595009150
:1092A00004A9CDE90316694600F0C8FC0124FEF7C5
:1092B000A7F906B0204670BDAC0200205C02002079
:1092C00070B5154606468AB00C4651EA05006FD0C7
:1092D000002E6DD0FDF7ECF93046FCF71DFD059032
:1092E000D0E90012CDE90212CDE906127CB1816A03
:1092F0000A0607D5890505D4BDF81810091BADF875
:10930000181004E0BDF81C102144ADF81C107DB10C
:10931000816ACA0507D5490505D4BDF81A10491B4D
:10932000ADF81A1004E0BDF81E102944ADF81E1067
:10933000806AC00302D5304600F07EFA05AB93E8A0
:109340000700C0E9001290F8280080070AD506AA95
:1093500002A908A8FDF7F8FD0598026A816908A826
:1093600000F0E4FABDF91E00BDF90E10401A00909D
:10937000BDF91C00BDF90C10431ABDF91A00BDF966
:109380000A10421ABDF91800BDF90810411A0598D3
:1093900000F08CFC059901F10800FEF753FD052152
:1093A000304600F07CFC05A8FCF7F4FCFEF728F939
:1093B0000AB070BD70B50446FDF77AF90C4D286807
:1093C000866C0CB90B49CC688464204600F02CFCF8
:1093D000FFF7A4FA2046FCF7F5FC2968B0F9002055
:1093E000CA64B0F902000865FEF70AF9304670BD9C
:1093F000B80100205402002070B50C460546FDF768
:1094000057F92146284600F037FCBDE87040FEF7CA
:10941000F7B870B50C0005460DD0FDF749F92846A0
:10942000FFF71DFE18B12146A56000F007FCBDE85E
:109430007040FEF7E5B870BD02490A680860104642
:10944000704700006802002010B5FCF7C3F902491C
:1094500000200968486410BDB8010020F8B5164620
:109460000C4605001DD0FDF723F92846FCF754FCF7
:109470000090B0F90410B0F90020891A641AB0F90C
:109480000610B0F90200641E081A361A6846761EE5
:10949000FCF780FC324621462846FFF711FFFEF715
:1094A000AFF8F8BD0EB50E48006890F8541009B139
:1094B0000C4811E0806CFCF72FFC0090D0E9001004
:1094C000CDE901106846FCF765FC0748416A11B117
:1094D00001A800F01BF801A802F038FD0EBD000045
:1094E000B80100201CE001205402002002490A6853
:1094F0000260086070470000640200200B46B0F96B
:109500000220B0F900101846FDF74ABD38B50C46E8
:1095100005462046FCF700FC0146009090F8280024
:10952000800703D46846FCF735FC12E02846FEF7B6
:1095300089FC0098806920B104466846FCF72AFC43
:10954000E7E76846FCF726FC204600F031FE0028DD
:1095500001DA002038BD012038BDF8B50546FDF719
:10956000A7F86846FDF798FE1AE001212046FDF7AE
:109570007AFE009981B178B10846FCF723FC406877
:10958000A84209D169462046009EFDF799FE04468F
:109590003046FFF786FC04E069462046FDF790FE62
:1095A0000446002CE1D1FEF72BF8F8BD38B504468F
:1095B000FCF7B2FB0090816941B1026A00F0B6F994
:1095C000204600F011FB0099002088616846FCF7F6
:1095D000E1FB38BD38B50C4600280AD0002C08D075
:1095E000FCF79AFB2146009000F004F86846FCF76F
:1095F000D1FB38BD00224A800A8082880388D21AB3
:109600008A80C2884088101AC880704710B5FFF75A
:1096100026FD002802D0FCF7D5FBC06910BD000074
:109620000D4810B5006890F85400002806D00B4C87
:109630006069012803DD401E6061002010BD2069C3
:10964000401C206101F0BCFE18B1FFF72BFF012088
:1096500010BD6069EFE70000B801002014E00120B0
:1096600070B50546FFF7D2FF08E0AC4201D10024F7
:1096700006E0FCF7A7FB006AA84201D00400F4D181
:10968000204670BD10B50446FCF79CFB806900289D
:10969000F9D12046BDE8104000F08ABDF0B5384E43
:1096A000074687B0306890F8541041B1354C616975
:1096B000491C6161012905DD012007B0F0BDFFF7FC
:1096C000F1FEF9E7806CFCF727FB2F4D4FF0FF31DF
:1096D00000902161297821B181680291C0680390CE
:1096E00007E090F8281089073CD5D0E90010CDE9B3
:1096F00002101FB1394602A8FEF7A4FB3068406C87
:1097000078B3009804903068406C01680591406817
:109710000690686A30B104A8FCF73CFB686AFCF765
:10972000FBFA049005A90498FFF7E8FE05A902A832
:10973000FEF788FB0DF11000FCF72CFB696A19B1EC
:1097400002A8FFF7E3FEB0B13068816C02A8FFF712
:10975000DDFE80B1DDE90201C4E90001FFF760FF31
:10976000ABE706E06069401E60616846FCF712FBEB
:1097700004E06846E0E76069401E606100209CE705
:10978000B801002014E0012054020020FEB50D00B5
:10979000044647D0FCF7C0FA0090002185610162C1
:1097A0002846FCF7B9FA00990290C56991F828108B
:1097B00001F008062DB12846FCF7AEFA019036B14B
:1097C00015E0C4616846FCF7E5FA02A828E090F8C5
:1097D000280000070BD5009805620298C46168460E
:1097E000FCF7D8FA02A8FCF7D5FA01A818E002A8FD
:1097F000FCF7D0FA01A8FCF7CDFA2846FCF7E2FA0C
:1098000011E004620BE02846FCF7DCFA5EB990F840
:109810002810090707D50198046200980562684678
:10982000FCF7B8FAFEBD0190056A002DEBD1E8E720
:10983000202202F0EDB8000038B5040022D0FCF779
:109840006BFA009090F82810890718D5406A40B14B
:109850000D49896AA14204D0FDF744F8009900201F
:1098600048622046FFF7EEFB044606E02046FFF77D
:10987000E3FF2046FCF7A6FA046A002CF6D16846FE
:10988000FCF788FA38BD00005402002070B5064687
:1098900015460C460846FCF795FA806AC00302D5C7
:1098A0004FF4804300E020232A4621463046BDE89D
:1098B0007040AFF300802DE9FF41984616460746F9
:1098C0000D0031D00846FCF727FA0090846A024662
:1098D000A00726D5394601A8FEF7D1FA08B340F60D
:1098E00001000440012C07D0424601A9284602F09D
:1098F0008FF80098C46912E000984346026A8169B3
:1099000001A8FFF7D8FFF4E7B4420AD0424601A904
:109910002046FFF76EFC2046FCF754FA046A002C40
:10992000F2D16846FCF736FABDE8FF812023FFF745
:10993000C2BF000010B504460648C06806E0A04259
:1099400001D1012010BDFCF73DFA40690028F6D195
:1099500010BD000054020020F0B58BB006004FF09F
:10996000000015460C4604900590069007903ED0E6
:1099700054EA05003BD03046FCF7CEF90090D0E920
:109980000012CDE902122A462146FDF709FB009894
:109990002A4621460830FDF703FB0098C769684650
:1099A000FCF7F8F92A462146384602F080F830469E
:1099B000FCF7B2F9009090F8281089070AD5816960
:1099C00041B1026AFFF762FF0098026A816902A84A
:1099D000FFF75CFF6846FCF7DDF90320049007AA57
:1099E00008A882E8310004A9304600F027F90BB03E
:1099F000F0BD00002DE9F14187B000250798FCF784
:109A00008BF90190D0E90212CDE90312076986694A
:109A1000846A01A8FCF7BEF944F2200814EA080F92
:109A200030D0DFB103A80799FFF770FDB0B10798F8
:109A3000FFF7C0FC60070DD556B144F30000401C91
:109A40000090002307AA114903A8FCF76FFF05E067
:109A50000120F5E7079800F063F801250798FCF767
:109A60005BF90190816A21EA080181628A0402D5CA
:109A700041F00401816201A8FCF78CF9044988884F
:109A8000401E888008B02846BDE8F08199CD0108C5
:109A900054020020F0B589B00546FCF73DF902906C
:109AA000866A0469D0E90210CDE9001002A8FCF72B
:109AB00071F9002C30D0B0072ED52E212846FFF7A3
:109AC0009BFC164C6F462078401C2070F0044FF031
:109AD0000F0609D5CDE904650797FFF7B5FC04A982
:109AE000284600F0ABF810E03846FFF7D7FD0AE053
:109AF000CDE904650797FFF7A7FC04A9284600F005
:109B00009DF8FFF78DFD0028F2D120782F21401E0F
:109B100020702846FFF770FC09B0F0BD5402002009
:109B200038B50446FCF7F8F80090806A40F6010169
:109B30000840012805D06846FCF72CF9204602F0C1
:109B40005FF81448006A002823D0204602F0B0F8DD
:109B50002046FCF737F98569046A18E02046FCF7CF
:109B600031F990F82800C043800702D1204602F066
:109B700059F8204602F09CF82046FCF723F9046AC5
:109B8000002CEBD12846FCF71DF98569046A002DED
:109B9000F6D138BD54020020B0F90010B0F904200D
:109BA000914205DCB0F90210B0F90600814201DDF6
:109BB000002070470120704770B505460948C0680D
:109BC0000CE000BFFCF7FEF804464069A84205D14E
:109BD0002846FCF7F7F84069606170BD0028F1D1B4
:109BE00070BD00005402002070B50646FCF7EAF88C
:109BF00005468069002809D0FCF7E4F80446C069EE
:109C0000B0420ED1FCF7DEF8006AE06170BD00BF23
:109C1000FCF7D8F80146006AB04202D1286A08620F
:109C200070BD0028F4D170BD10B5FFF72BFD0028E2
:109C300003DBBDE81040FDF747BA10BD70B50D4C11
:109C400006460D46206814280DDA3046FCF7BAF8AF
:109C500001696E6041B12068401C20602846884739
:109C60002068401E206070BD2846BDE87040FFF7A8
:109C7000F5B800004C0300207FB505460020009099
:109C80000190029003900C462846FCF79BF802696D
:109C9000002A03D06846CDE9004590477FBD1FB537
:109CA000CDE900106946FFF7C9FF1FBD2DE9FF4F41
:109CB00081B09B46C66962E03046FCF72DF801464C
:109CC0000090D1E90004896A254601F42073024618
:109CD000802B09D0B3F5207F029B134406D063F399
:109CE0000F02029B234405E002EB0B0363F30F0218
:109CF00004EB0B0301F4A06163F30F04B1F5807F63
:109D00000BD0B1F5A06F03994FEA224307D0194455
:109D100061F31F422314039906E00E9913141944AA
:109D200061F31F420E99231419440FFA82FA61F36A
:109D30001F440FFA80F917144FEA2048AAEB0901D3
:109D4000A7EB080251EA020002D03046FFF780FA82
:109D50002AB221B2A2EB0900A1EB0A01091AC7EB52
:109D60002440C8EB2542821A51EA020002D0304654
:109D7000FFF7A6FA0098066A6846FCF70BF8002E73
:109D80009AD105B0BDE8F08F30B50B4C23680C2B91
:109D900010DA0A4A190009D002EB410535F9025CD4
:109DA000854203DB22F81150491EF5D122F811003B
:109DB0005B1C236030BD0000F40200202CE0012079
:109DC0002DE9F0411B4D0C460646A968686B01441D
:109DD000A019491E884205D8016819B941680E4486
:109DE00001F0E8FF686BA0420AD254F8040C271A6D
:109DF000386828B978680644384601F0DBFF3C46ED
:109E0000304601F0C9FC05EBC00732460021204670
:109E10003B6C02F043FA57F8400F083400B144603D
:109E20002060002060603C60286830442860304634
:109E3000BDE8F081CCDE01202DE9F041054601F0BE
:109E400093FD2B48C46BAC4202D8ED1C25F00304F3
:109E5000804600680C34A04202D20020BDE8F081A8
:109E600001F074FF0600F9D0204601F095FC42464F
:109E700011E000BF02EBC001096C59B18D686B683D
:109E8000A3420BD2A96829B18D686B68A34205D2A1
:109E9000002DF7D1401C1028ECD31FE0F5B1D8F805
:109EA0003C00191B0C301F46814200D23C4628461C
:109EB00001F080FF0421D8F8300001EBC601002337
:109EC000455022463146284602F0E8F9A74203DD14
:109ED0002919381BFFF774FF3046BFE7204601F011
:109EE000B1FF0028C0D0304601F050FFB5E70000B8
:109EF000CCDE01200120704710B510C80C60194459
:109F0000521EFAD110BD0000F0B40F4C246814B1F9
:109F1000A446F0BC60470D4DDFF834C010C855FAB8
:109F200084F63778C4F30726C4F307441CF80660A8
:109F30002C5D521E04EB461404EBC7240C8019441C
:109F4000ECD1F0BC7047000048020020B81B0208AA
:109F5000B81C02082DE9F0478146FEF7DDFA4FF004
:109F6000000807466FF07F444546FEF7EDFA06000D
:109F700018D000BF56F82510494502D12846BDE843
:109F8000F0876D1CBD42F5DB5FF00005484656F8D2
:109F90002510FBF77BFFA04201D20446A8466D1CAA
:109FA000BD42F3DB4046EAE77047000010B5084ABF
:109FB00052FA80F1074BC0F30724C0F307401B5D42
:109FC000105C097800EB431000EBC12010BD0000CD
:109FD000B81B0208B81C02082DE9F05F9A46DDE9BB
:109FE0000A8791460C4605468B46164635F8020B05
:109FF00041468847B84701C4761EF7D15046BAF1AA
:10A00000200F06D2024649465846BDE8F05FFDF7EC
:10A010001FBBBDE8F09F2DE9F05F9A46DDE90A8796
:10A0200091460C4605468B46164615F8010B4146EF
:10A030008847B84701C4761EF7D15046BAF1200FC1
:10A0400006D2024649465846BDE8F05FFDF700BB20
:10A05000BDE8F09F2DE9F04385B08146FBF75CFE3B
:10A060000390B0F90080B0F90260B0F90440B0F993
:10A070000650476A03A8FBF78DFEA4EB0804AD1B4E
:10A08000641C6D1C002C01DD002D03DC002005B0DC
:10A09000BDE8F083AFB13846FBF73EFE0490B0F95F
:10A0A0000440B0F9065004A8FBF774FE404644454E
:10A0B00001D1B5425AD0014632463846FCF764FD1C
:10A0C00054E0FEF7B3FF814513D1FEF75BFA074674
:10A0D000FEF764FABC4201DC85420ADDBC4200DDC9
:10A0E0003C46854200DD05462A4621464846FFF7A4
:10A0F000B5F9254A254901208DE807002B4622465F
:10A1000031464046FCF7ACFD06464846FBF704FEE8
:10A11000039046627EB3816A41F48031816203A874
:10A12000FBF738FE3046FCF707FD07460120FDF738
:10A130007DFA3046FCF7A9FC15496C43A20009786A
:10A14000FDF794FF134E144C4846C6F8009025685E
:10A15000FEF792FF20604846FFF79CFC0020256038
:10A160003060FDF763FA3846FCF7E6FC4846FBF73B
:10A1700029FE406A8BE7FFE703A8FBF70BFE484682
:10A18000FFF788FC82E70000D0F50108241B0208D5
:10A19000480300207C020020E801002010B504469E
:10A1A000E069FEF793FEE0690028F9D110BD0000D8
:10A1B0000146064A002000BF52F820308B4204D0EE
:10A1C000401C0228F8DB4FF0FF307047940200205B
:10A1D00070B506460D480C46154650F8241000EEA2
:10A1E000901AF8EE600A20EE800A01F07BFEBDEEC8
:10A1F000C00A2246314610EE100A1DB1BDE870407B
:10A20000FCF702B8BDE87040FBF7BBBFB81D020801
:10A21000F7B51546184A01A9009812689047174CDF
:10A2200000902068406920B12946FCF713FF002800
:10A2300021D00120FDF74CFE2068C069406920B1A3
:10A240008268DDE90001904712E00D4D0CE06846A0
:10A25000FDF7AEF806462068C069016830468847B9
:10A26000296809B1304688470198401E0190EED513
:10A270000020FDF72DFEFEBDF0020020B8010020F9
:10A28000E00100202DE9FF5F9046DDE90E924D4B85
:10A2900099F80050C2F108048A465D5DDDE910714D
:10A2A000D540494A139E1268127C12F0030226D050
:10A2B000012A03D0022A37D0032A72D100698068AC
:10A2C00080471FFA80FBBC4200D93C463F1BBAF1D5
:10A2D000000F68D0E8070AD0DAF808004146039A70
:10A2E000036850469847318881EA0B0131806D0838
:10A2F00008F10108641E06F10206EBD15EE0314A66
:10A30000BC4200D93C463F1B05F001006D0831F806
:10A31000200026F8020B641EF6D1002F50D019F849
:10A32000010F0824155CEBE788881FFA80FBBC420C
:10A3300000D93C463F1BBAF1000F17D095B1E80792
:10A3400008D0DAF808004146039A03685046984757
:10A35000A6F800B008F10108641E06F1020612D04A
:10A360006D08EBE706EB4406A0440CE04DB1E807AE
:10A3700001D0A6F800B0641E06F1020603D06D08F5
:10A38000F4E706EB4406002F1AD019F8011F0D4818
:10A390000824455CCBE719F8011F0A480824455CEE
:10A3A00091E70DE0FFE7E80703D0308880EA0B0073
:10A3B00030806D08641E06F10206F4D1002FEAD148
:10A3C000BDE8FF9FFC1D0208B80100202DE9FF4FEA
:10A3D00081B08A46DDF8388011ACDFF804B198F816
:10A3E00000509146DDE90F1794E845001BF8055031
:10A3F000C1F10804CD403B495B460968097C11F076
:10A4000003011FD0012903D0022930D0032964D1D0
:10A4100010680069806880475946BC4200D93C46B4
:10A420003F1BEA0702D03268424032606D08641E6A
:10A4300006F10406F5D1002F4FD018F8012F08249B
:10A440008D5CEAE71946BC4200D93C46B7EB0407ED
:10A4500005F001026D0850F82220641E04C6F7D1F1
:10A46000002F3AD018F8012F08248D5CEBE74068E4
:10A470000090BC4200D93C463F1BBAF1000F17D0F8
:10A4800095B1E80708D0DAF808004946049A03684D
:10A49000504698470098306009F10109641E06F1A2
:10A4A000040612D06D08EBE706EB8406A1440CE02D
:10A4B0004DB1E80701D000983060641E06F1040633
:10A4C00003D06D08F4E706EB8406002F05D018F8DA
:10A4D000011F08241BF80150CBE705B0BDE8F08F41
:10A4E000FC1D0208B80100202DE9FF5F8B460FA973
:10A4F000DDF8388091E82104C0F10401CCB298F86D
:10A500000010400081402F48129F91460068CEB253
:10A51000007C10F0030004D001283AD002284FD16B
:10A5200014E0AC4200DDECB22D1BB1093AF8210079
:10A5300027F8020BB006060E641E14F0FF04F4D1D7
:10A54000002D3DD0042418F8016FEAE7AC4200DD8D
:10A55000ECB22D1BB0090DD0B109BBF1000F3AF8D8
:10A560002100388006D0DBF808004946039A0368CA
:10A5700058469847B006060E641EBF1C09F1010933
:10A5800014F0FF04E6D1002D1AD0042418F8016F4E
:10A59000DCE7AC4200DDECB22D1BB00903D03888FB
:10A5A00080F0FF003880B006060E641EBF1C14F059
:10A5B000FF04F2D1002D03D0042418F8016FE8E75E
:10A5C000BDE8FF9FB80100202DE9FF5F8B460FA972
:10A5D000DDF8388091E82104C0F10401CCB298F88C
:10A5E0000010400081402F48129F91460068CEB273
:10A5F000007C10F0030004D0012839D002284ED18D
:10A6000013E0AC4200DDECB22D1BB1095AF8210079
:10A6100001C7B006060E641E14F0FF04F5D1002D2C
:10A620003DD0042418F8016FEBE7AC4200DDECB23A
:10A630002D1BB0090DD0B109BBF1000F5AF8210054
:10A64000386006D0DBF808004946039A036858468C
:10A650009847B006060E641E3F1D09F1010914F06B
:10A66000FF04E6D1002D1AD0042418F8016FDCE7AE
:10A67000AC4200DDECB22D1BB00903D0386880F08D
:10A68000FF003860B006060E641E3F1D14F0FF0484
:10A69000F2D1002D03D0042418F8016FE8E7BDE8DB
:10A6A000FF9F0000B80100202DE9F0479946DDE941
:10A6B00008540A9F92465FEA0108064608D0D8F877
:10A6C000080023464A46D0F804C051464046E047B9
:10A6D0003069C06830B1A20029463846BDE8F0476D
:10A6E000FAF763BA28462146002604C8120E002A4B
:10A6F00001D106F10106A1F1010101D10029F4D136
:10A700005EB14FEA860229463846FAF74EFA07EB61
:10A71000860705EB8605A41B0CE02868010EFF29BF
:10A7200005D2C1F1FF023968FDF73EFC3860641EB6
:10A730002D1D3F1D002CD5D1BDE8F0872DE9F05F20
:10A7400092460BAA894692E842010A9F9B468B00DB
:10A750003A78C1F102009A40D5B24F4A0E9CC0B27D
:10A760001268127C12F003021BD0012A7CD0022A4C
:10A770003AD1D9B328090DD02909B9F1000F38F819
:10A780002100208006D0D9F808005A4651460368B7
:10A7900048469847A41C0AF1010A17F8015F761E83
:10A7A0004CE039B12909761E38F8210024F8020B53
:10A7B00017F8015F022E11DB701006F001062A095E
:10A7C000401E38F8221005F00F0224F8021B38F85A
:10A7D000221024F8021B17F8015FF0D1002E03D0DD
:10A7E000290938F821002080BDE8F09F26E02809DB
:10A7F0000DD02909B9F1000F38F82100208006D0CA
:10A80000D9F808005A46514603684846984715F05B
:10A810000F000DD038F820006080B9F1000F07D08C
:10A82000D9F808005A460AF10101036848469847DA
:10A8300017F8015F241D0AF1020AB61E022ED6DAAD
:10A84000002ED1D02809CFD038F820002080B9F1CF
:10A85000000FC9D0D9F808005A4651460368484647
:10A86000BDE8F05F1847FFE7B04200DDF0B2361AEE
:10A87000A90903D0218881F0FF01218029070D0E4D
:10A88000401EA41C10F0FF00F2D1002EACD002201C
:10A8900017F8015FE8E70000B80100202DE9F05F3C
:10A8A00092460BAA894692E842010A9F9B468B007A
:10A8B0003A78C1F102009A40D5B24D4A0E9CC0B21E
:10A8C0001268127C12F003021BD0012A79D0022AEE
:10A8D00037D1C1B328090DD02909B9F1000F58F8B3
:10A8E0002100206006D0D9F808005A465146036876
:10A8F00048469847241D0AF1010A17F8015F761EA1
:10A9000049E031B12909761E58F8210001C417F831
:10A91000015F022E0FDB701006F001062A09401EAF
:10A9200058F8221005F00F0202C458F8221002C491
:10A9300017F8015FF2D1002E03D0290958F8210041
:10A940002060BDE8F09F26E028090DD02909B9F163
:10A95000000F58F82100206006D0D9F808005A46A8
:10A96000514603684846984715F00F000DD058F837
:10A9700020006060B9F1000F07D0D9F808005A46EE
:10A980000AF1010103684846984717F8015F083447
:10A990000AF1020AB61E022ED6DA002ED1D02809FC
:10A9A000CFD058F820002060B9F1000FC9D0D9F8F5
:10A9B00008005A46514603684846BDE8F05F18470C
:10A9C000FFE7B04200DDF0B2361AA90903D02168D2
:10A9D00081F0FF01216029070D0E401E241D10F09B
:10A9E000FF00F2D1002EACD0022017F8015FE8E79B
:10A9F000B80100202DE9FF4F8FB0B148DDE91C966A
:10AA00000068DDE91F870C46006EFBF785F90990A9
:10AA1000406908B1FBF780F90B900998C06807906E
:10AA200009A8FBF7B7F9E01910900B9858B1A449A1
:10AA30000968097C890706D110ACCDF8009094E82C
:10AA40000E00FCF7DFFCDDE9100101F079FF0446A0
:10AA5000102E03D0182E70DB002069E00B9870B91F
:10AA6000984805685DB11E990798CDE900014B46ED
:10AA700041462046129AA84713B0BDE8F08F002542
:10AA80001FE000BFDDE910B02844DDF82CA00190E4
:10AA9000129E5FEA080120460ED068B17200F9F7F5
:10AAA000FDFFBAF1000F07D0DAF808003346594627
:10AAB00047685046019AB8471E990798884404444D
:10AAC0006D1C4D45DEDBF2E00B980390DDE910B123
:10AAD0000898DDF848A0084401905FEA080625467A
:10AAE00020D0FDB1039830B180685346594647687D
:10AAF000019A0398B8470F9930680969096888472F
:10AB00002880039828B180685946019A0368039801
:10AB10009847AD1CAAF10100361D0BF1010B5FEA4D
:10AB2000000AE8D107981E99044408988844401CFC
:10AB300008904845C8DBBAE0FFE7082E02D021980C
:10AB4000C0B36DE0002065E0219800280B9832D05A
:10AB50000090DDE910A058440190129F21980390C5
:10AB60005748454626460068007C10F0030002D096
:10AB7000022849D109E015F8011B03987F1E30F81F
:10AB8000210026F8020BF6D13EE0287858B103994F
:10AB900031F820003080009828B180685146036861
:10ABA000DDE9000298476D1CB61C0AF1010A7F1E00
:10ABB000EBD129E032E00290DDE910A10BEB0100BE
:10ABC00000903F48129F454600682646007C10F0E2
:10ABD000030002D0022817D105E03A46414620463C
:10ABE000F9F75CFF10E0287840B13080029828B176
:10ABF00080685146009A0368029898476D1CB61CFD
:10AC00000AF1010A7F1EEED107981E990444884478
:10AC10000BF101008346484596DB48E02A48219025
:10AC2000002542E0012E04D0022E1CD0042E37D184
:10AC300028E023480068006EFBF76EF8CDF800802E
:10AC40000990219A12990594CDE90320CDE901716B
:10AC500011980B992B18DDE90F02FFF713FB09A8D8
:10AC6000FBF798F81CE021981299CDE90210CDE984
:10AC70000087119804942B18DDE90F020B99FFF758
:10AC800033FC0DE021981299CDE90210CDE900873F
:10AC9000119804942B18DDE90F020B99FFF74EFD74
:10ACA0001E990798884404446D1C4D45BADB0B98E7
:10ACB00000283FF4E1AE0BA8FBF76CF8DCE60000DF
:10ACC000B801002050020020701A02082DE9FF4F41
:10ACD0000C46A5498DB00868DDE91A96DDE91D87A7
:10ACE000006E00287ED0FBF717F80690406908B187
:10ACF000FBF712F80A900698C068089006A8FBF7C0
:10AD000049F8E0190E900A9858B197490968097CEA
:10AD1000890706D40EACCDF8009094E80E00FCF73D
:10AD200071FBDDE90E0101F029FE0446182E15DB4A
:10AD3000002510E01098CDF80080CDE901040F98AF
:10AD40000A992B18DDE90D02FFF7AEFC1C986D1C6B
:10AD50008044089804444D45ECDBFBE0102E05D000
:10AD6000082E42D01F98002877D0ACE0002036E0B3
:10AD70000E98029009990F98DDF828A008440190D8
:10AD8000DDF840B0464625465FEA0A0007D0DAF80B
:10AD90000800DDE9012147685B465046B8470D9938
:10ADA00030880969496888472860BAF1000F06D0E1
:10ADB000DAF80800DDE90121036850469847029857
:10ADC0002D1D401C0290ABF10100B61C5FEA000B88
:10ADD000E5D108981C99044409988844401C0990BE
:10ADE000484500E0BCE0C3DBB4E0002065E01F980C
:10ADF00000280A9832D00090DDE90EA10BEB01008B
:10AE000001901F9803905848109F454600682646B9
:10AE1000007C10F0030002D0022848D108E015F8A9
:10AE2000011B03987F1E50F8210001C6F7D13EE0B8
:10AE3000287858B1039951F820003060009828B163
:10AE4000806851460368DDE9000298476D1C361D95
:10AE50000AF1010A7F1EEBD129E032E00490DDE91E
:10AE60000EA10BEB01000B903F48109F4546006878
:10AE70002646007C10F0030002D0022817D105E01E
:10AE80003A4641462046F9F709FE10E0287840B1DD
:10AE90003060049828B1806851460B9A0368049882
:10AEA00098476D1C361D0AF1010A7F1EEED10898E5
:10AEB0001C99044488440BF101008346484596DB05
:10AEC00048E02A481F90002542E0012E04D0022EBF
:10AED0001CD0042E37D128E023480068006EFAF712
:10AEE0001BFF014606901F9A1098CDE90414CDE986
:10AEF0000087CDE902020F980A992B18DDE90D02AF
:10AF0000FFF764FA06A8FAF745FF1CE010991F98AE
:10AF1000CDE90087CDE902100F9804942B18DDE9E4
:10AF20000D020A99FFF750FB0DE010991F98CDE92B
:10AF30000087CDE902100F9804942B18DDE90D026B
:10AF40000A99FFF7ABFC1C990898884404446D1CCF
:10AF50004D45BADB0A98002802D00AA8FAF71AFF72
:10AF600011B0BDE8F08F0000B8010020E41A02081B
:10AF700008B5009200F07CF908BD08B5009200F019
:10AF8000CDF908BD034A1268527E002A01D1FAF7B2
:10AF9000C5BA7047B80100202DE9F041134E9CB0AE
:10AFA0000125346B04B9F4686846FCF777F810485B
:10AFB0000068D0E90C875CB12046FEF71BFD00B1AC
:10AFC0006D1E2046FAF7FEFE44690CB1002DF3D148
:10AFD00040463463FCF79BF83846FCF78DF868462A
:10AFE000FCF754F81CB0BDE8F081000054020020CA
:10AFF000B80100202DE9FC47DFF8AC8081461E46F1
:10B00000D8F8000015468A46006EFAF785FE0190D2
:10B01000406908B1FAF780FE00902946504601F0D9
:10B020008FFC04460198C768D8F80000017CC90766
:10B0300015D0D9F810008068804787B2009820B1F9
:10B0400081682A460B685146984720886D1C7840D5
:10B0500020800198B542C0680444EFDD19E0C06B60
:10B060000168009870B11FFA81F800982A4681683B
:10B070000B6851469847A4F800806D1C3C44B542CB
:10B08000F3DD06E0701B89B2401C21803C44401E69
:10B09000FBD101A8FAF77EFE0098002802D068468E
:10B0A000FAF778FEBDE8FC87B80100202DE9FC47DF
:10B0B000284F1E46154638688946006EFAF72CFE62
:10B0C0000190406908B1FAF727FE009029464846EA
:10B0D00001F054FC396804460198CA6B097CD0F829
:10B0E0000C801768C90715D0006800698068804720
:10B0F0000746009820B181682A460B684946984760
:10B1000020686D1C784020600198B542C0680444F6
:10B11000EFDD13E0009858B100982A4681680B686B
:10B120004946984727606D1C4444B542F4DD05E06C
:10B13000701B401C27604444401EFBD101A8FAF755
:10B1400029FE0098002802D06846FAF723FEBDE8E1
:10B15000FC870000B801002001700120704700004A
:10B160002DE9F047234C0427A06AD8B1E06807EB2B
:10B17000D0014518E800FEF75FFE060037D0216BCE
:10B1800007EBC600B9460F58E0680837C2003846DA
:10B19000D4F82880F9F709FD2763A66249466A1E9C
:10B1A000E0680EE01348BC30D0E901100830B1FB74
:10B1B000F0F5AD1CDEE7266B431C01EBC007401C1D
:10B1C000F3519042F7D3236B09EBC00000221A50D1
:10B1D000E06820626168281A0844E56060605FEA00
:10B1E000080001D0FAF7EEFC0020BDE8F08701204E
:10B1F000FBE70000CCDE0120F8B51A4D686BE8B122
:10B20000FBF756FAEC6813E02046FAF785FD00904C
:10B21000018D090408D5264644696846FAF7BAFD47
:10B220003046FDF753FE03E044696846FAF7B2FD85
:10B23000002CE9D100206863FCF7E2F9A86900B1AD
:10B2400080470948006808B1804738B90748006856
:10B2500090F8540020B1FBF7B3FE08B10120F8BD0F
:10B260000020F8BD54020020DC010020B8010020BD
:10B270002DE9FF4FDFF8A0A00C4685B0DAF80000FA
:10B28000DDF848801F46C16B154609680391006EC2
:10B29000FAF742FD01902946204601F051FB06468F
:10B2A0000198391B01F1010BD0F80C90406950B3A3
:10B2B000FAF732FDA8EB0501491C00915B462A46CE
:10B2C00002902146FCF79EF802A8FAF763FD1AE007
:10B2D000DAF80000007CC0070DD005985F463446C0
:10B2E00000698068804780B22188414024F8021BB1
:10B2F0007F1EF9D105E003985A4681B23046FCF72B
:10B30000DBFE4E446D1C4545E2DD01A8FAF742FD27
:10B3100009B0BDE8F08F0000B80100202DE9FE4F14
:10B32000264E1F46144630680D46DDF83090006EFC
:10B33000FAF7F2FC01902146284601F01FFB791B29
:10B3400001F1010A316880460198C96BD0F80CB050
:10B350000E68406958B3FAF7DFFCA9EB0401491CF9
:10B3600000915346224602902946FCF74BF802A86A
:10B37000FAF710FD1BE011480068007CC0070CD0F4
:10B3800001985746454600680069806880472968EB
:10B39000414002C57F1EFAD107E0BAF1000004DD8A
:10B3A00001464046491E40C0FCD1D844641C4C456F
:10B3B000E1DD01A8FAF7EEFCBDE8FE8FB801002040
:10B3C000FEB54F4CD4E90201CDE90001206970B30C
:10B3D000A089401C00B2ADF800006189ADF80210F0
:10B3E000B4F90410884207DD2088ADF80000E08938
:10B3F00010F10100ADF80200BDF90200B4F9061029
:10B40000884274DC3F4D2868806CFAF785FC029016
:10B41000BDF90000B4F90010884220D1E088ADF8F1
:10B420000600A088ADF804002868806C0FE0FFE7F4
:10B430002088ADF800006088DCE700BFFAF7C2FCA6
:10B440000646006A0022694600F0D5F8B069002877
:10B45000F4D1029800226946C06900F0CCF8BDF82A
:10B460000000ADF804002868806C0AE0FAF7AAFC36
:10B470000646006A0022694600F046F80028EED130
:10B48000B0690028F2D1029800226946C06900F034
:10B490003BF80028E3D1B4F90400BDF90010ADF881
:10B4A0000400884207DADDE90001C4E9020102A8CC
:10B4B000FAF770FC98E72868806C08E0FAF782FCDD
:10B4C0000546006A0022694600F05CF8A869002879
:10B4D000F4D1029800226946C06900F053F802A82E
:10B4E000FAF758FC206944F62061884201DD00200B
:10B4F000FEBDDDE90001C4E902010120FEBD00003E
:10B5000014E00120B8010020FEB517460E4605469E
:10B51000002433E02846FAF7FFFB0090856A0146D5
:10B52000A80726D527B13A4601A8FCF7A8FC03E0F6
:10B53000D1E90001CDE9010101A93046FBF78AFDFF
:10B54000B8B1E80702D00098C56910E0BDF808005E
:10B55000401C308001240CE001AA31462846FFF748
:10B56000D3FF00B101242846FAF72CFC056A002D10
:10B57000F2D10098056A6846FAF70CFC002DC9D193
:10B580002046FEBDFEB516460D46044630E0204678
:10B59000FAF7C2FB0090846A0146A00723D526B1C2
:10B5A000324601A8FCF76BFC03E0D1E90001CDE9CC
:10B5B000010101A92846FBF74DFDA0B1E00702D02B
:10B5C0000098C4690DE0BDF80400401EA8800AE0A0
:10B5D00001AA29462046FFF7D5FF2046FAF7F2FBDD
:10B5E000046A002CF4D10098046A6846FAF7D2FB8A
:10B5F000002CCCD1FEBDFEB516460D4604464AE0F1
:10B600002046FAF789FB0090846A0146A0073DD5E1
:10B6100026B1324601A8FCF732FC03E0D1E9000173
:10B62000CDE9010101A92846FBF714FD10B3E0079D
:10B6300002D00098C46927E000983EB1B0F902102A
:10B64000B6F90200814203DD084601E0B0F90200CC
:10B65000B5F90210814207DABDF90600B5F9061006
:10B66000401E05E0E88011E0BDF90A00B5F90610BA
:10B670008842F7DB0AE001AA29462046FFF7BBFF14
:10B680002046FAF79FFB046A002CF4D10098046A64
:10B690006846FAF77FFB002CB2D1FEBDFAF792BAEA
:10B6A0000078704701207047012901D000207047C1
:10B6B00000487047B01A0208012901D000207047E5
:10B6C00000487047241B0208162901D0002070474B
:10B6D000004870470D6F0108162901D000207047FF
:10B6E000004870474D6D010870B500240D460228D2
:10B6F00007DAFAF7DBFC20B1C1688A6A294690476D
:10B700000446204670BD0068C268926A1047082946
:10B7100001D0002070472020704710B5FCF7FCFED8
:10B72000B0F5807F03D0802803D307211AE00821D9
:10B7300018E0402801D3062114E0202801D3052178
:10B7400010E0102801D304210CE0082801D30321C4
:10B7500008E0042801D3022104E0022801D30121DA
:10B7600000E0002101208840401E10BD4FF0FF3056
:10B7700070474FF6FF70704770B5002406460125EC
:10B7800031462846FFF7B0FF844200DA04466D1EBA
:10B79000F6D5204670BD00000146054A0F2000BFC7
:10B7A00002EBC003DB6B8B4201D9401EF8D570471A
:10B7B000CCDE012010B50846114601F0C1F8008822
:10B7C00010BD10B50846114601F0D8F8006810BD4C
:10B7D00038B50C468068FAF79FFA0090818821807E
:10B7E000C1886180818802891144491EA180C18875
:10B7F00040890844401EE0806846FAF7CBFA38BD1D
:10B8000038B50C468068FAF787FA00908188218065
:10B81000C1886180818802891144491EA180C18844
:10B8200040890844401EE0806846FAF7B3FA38BD04
:10B83000024909684884002070470000B8010020D0
:10B84000024909688884002070470000B801002080
:10B85000054A904201D1503A01E000F1080209B1D5
:10B860008A4200D01046704794E001200021FFF783
:10B87000EFBF10B50468184410C1521EFAD110BDB4
:10B88000F0B4124C646814B1A446F0BC6047541E76
:10B8900004FB030401EB82000D4DDFF838C0001FEC
:10B8A0002188E41A01F01F06521EAF5DC1F3451650
:10B8B00005EBD1211CF80660097801EB062101EBAC
:10B8C000074140F80419EBD1F0BC70474802002052
:10B8D000581B0208781B020870B50446FCF71CFED2
:10B8E0000546FCF731FEAC4201D3002070BD0028B4
:10B8F000FCD050F8240070BD70B5184D0446E868BF
:10B90000011DC0E90E010064091D6161417C05F162
:10B91000240050F82100C1680A6B04F10801904727
:10B920000F486066A868E061E8680830606101203F
:10B930002076FDF77BFBA064032084F868006FF09D
:10B940007040206360630020FCF7BEFF6FF07F4013
:10B95000FCF7F2FF0348286170BD0000AC01002035
:10B960007CF50108E01D020870B5264C94F824000F
:10B97000002846D1012604F1BC0584F824606968DA
:10B980004FF42050814200D90146286800F0D0FBD6
:10B99000A86810B968688008A8601C491A4808603F
:10B9A0000846FCF75BFB5A20E06100205FF01001C5
:10B9B00001FA00F204EBC003401CDA631028F7D34D
:10B9C000D5E9001288181438C4E90C0102230020BC
:10B9D0000421C4E9022305E0236B421C01EBC005EE
:10B9E000401C5A51E268521E8242F5D82662E06835
:10B9F000401E6060616BA068FEF7E2F9FFF7B0FBE4
:10BA0000E66270BDCCDE01201DBB0108A401002050
:10BA1000FEB514460D460646FAF7D4F90090836A3F
:10BA2000980731D52846FEF7B7F800282CD040F605
:10BA300001000340012B27D03046FAF76DF902468A
:10BA40000090294601A8FCF71AFA01A8FEF7A4F80D
:10BA5000B8B1009944F22002886A104205D008313A
:10BA600001AA0846FBF770FA0BE0DDE90123204349
:10BA70008862C1E9022305498888401C8880FBF759
:10BA8000CFFB6846FAF786F9FEBD0000540200209D
:10BA900010B5401A029CE41A4443501A94FBF0F08B
:10BAA000184410BD7047884200DD084670472DE9F4
:10BAB000F0478AB00446002091468A4601900290E1
:10BAC000039006AE4FF00308049022E02046FAF7F8
:10BAD00023F94A4651460090FBF762FA00984A461D
:10BAE00051460830FBF75CFA0098D0E907576846E2
:10BAF000FAF750F94A4651462846FFF7D8FFCDF8E5
:10BB00000480CDE906A901A920460496FEF796F81F
:10BB10003C46002CDAD10AB0BDE8F0870B4910B5DD
:10BB2000002081F824000146084880223C30FCF7C0
:10BB30009DFABC2200210548FCF798FA03480C2224
:10BB40000021BDE81040BC30FCF790BACCDE0120EB
:10BB5000084910B500208861014670220648FCF7AC
:10BB600085FA044808220021BDE810402430FCF783
:10BB70007DBA0000AC01002094DF01200B4A10B513
:10BB8000002151705163084602F1580402F150033C
:10BB9000C2F8101044F8201043F82010401C02286E
:10BBA000F8D3116251625161D16110BD540200207D
:10BBB00010B5084CA068FAF723F8E068FAF720F807
:10BBC0002069FAF71DF800202061E060A060606144
:10BBD000A06110BDB402002010B5034C2069FAF733
:10BBE0000FF80020206110BD0403002010B5034CA5
:10BBF0006068FAF705F80020606010BD340300208B
:10BC000010B50446FAF7DEF8806AC00301D503498F
:10BC100000E003492046BDE810400847E16A0108FA
:10BC2000959A01082DE9FC411F4C80462068806CE4
:10BC3000FAF772F800904046FAF76EF80146019064
:10BC400000980830FBF706FA28B32068DDE90021E8
:10BC5000D0E9135601F108000832FCF710F96846E4
:10BC6000FAF798F8114FC7F8248001992068B1F9C4
:10BC70000020C264B1F90210016501A8FAF78AF840
:10BC80004046FFF7BDFF002078622068C0E91356E8
:10BC90000120BDE8FC816846FAF77CF801A8FAF7B4
:10BCA00079F80020F5E70000B801002054020020D8
:10BCB0002DE9FC410546FAF72FF8009090F828107E
:10BCC00089073DD5C46939E02046FAF725F8019087
:10BCD00090F82810C94389072BD100990831FBF748
:10BCE000B9F930B30098D0E902676846FAF752F81C
:10BCF00001A8FAF74FF82046FFF794FF70B12046ED
:10BD0000FAF760F801902046FFF7D2FF2046FAF7D5
:10BD100059F801902846FAF755F800902846F9F7A7
:10BD2000FBFF00902046F9F7F7FF01900098C0E96B
:10BD300002670198046A01A8FAF72CF8002CC3D115
:10BD40006846FAF727F8BDE8FC81000010B50E4CF4
:10BD50006168E06A814209D8401EE062FFF700FA9C
:10BD6000E16A491CE16208B1002010BD606804224C
:10BD7000401E6060206A216B02EBC0028A5822627A
:10BD8000012201F8302010BDCCDE0120084910B599
:10BD90004A680424521C4A600B6B04EBC0040A6A14
:10BDA0001A510B6B002203F83020086210BD00000E
:10BDB000CCDE012010B504464068FFF7EDFC0146DB
:10BDC000084863680268D21A026000EBC102D4E935
:10BDD0000201403200B1416009B1086010BD10603D
:10BDE00010BD0000CCDE01207CB5050025D0144C30
:10BDF0002068A84206D1F9F78FFF00908068206084
:10BE0000684611E004462046F9F786FF01908068F5
:10BE1000A8420DD1F9F780FF0199009080688860F1
:10BE20006846F9F7B7FF01A8F9F7B4FF00207CBD19
:10BE3000044601A8F9F7AEFFE5E701207CBD00004C
:10BE4000500300202DE9F05FDFF894808346D8F896
:10BE50003440D8F80810601E0F182046D0E90015AD
:10BE6000B9BB6619BE4236D2D6E9001989B3D8F8F3
:10BE7000303013F83130012B2DD1D8F828209142E1
:10BE800001D1012100E000218A46FFF793FF3068CD
:10BE9000D8F83010042202EBC0004A460C5031465C
:10BEA0002046F8F740FEBAF1000F05D0D8F8301060
:10BEB000321B891AC8F8301004EB09012846FDF737
:10BEC0007FFFBBF1000F05D0834503D80020BDE8FC
:10BED000F09F00E04D462C44BC42BED30120F6E763
:10BEE000CCDE0120B5EEC00AF6EE000AF1EE10FA43
:10BEF00010B50AD230EE600A10EE100A01F06AFCAA
:10BF000041EC100B00F0B0FD09E030EE200A10EE1D
:10BF1000100A01F05FFC41EC100B00F031FE51EC17
:10BF2000100B00F0E7FF00EE100A10BD064910B537
:10BF300009684A6B824206D04863FCF713F9BDE8F2
:10BF40001040FCF7C7BC10BDB80100201FB5044667
:10BF50000F480168486C38B102680292406803904B
:10BF60000C48406A18B901E020460EE0886CF9F7E9
:10BF7000D3FE02A90090FDF7C1FA6846F9F70AFF5F
:10BF8000214602A8FBF75EFF02A8FCF7AFFC1FBD2D
:10BF9000B801002054020020064910B509680A6B58
:10BFA000824206D00863FCF7DDF8BDE81040FCF7DC
:10BFB000C9BC10BDB801002030B509490B681A7C16
:10BFC00082EA0004640707D59C6BDB6B25681B685D
:10BFD00023600B68DB6B1D6009680874104630BD78
:10BFE000B80100201C490968897E012906D0022970
:10BFF0000ED0032918D0042914D11EE0801DC117CA
:10C0000000EB117121F00F01401A0C2808DB09E048
:10C01000C11700EB917121F00301401A022801DAE7
:10C020000120704700207047142190FBF1F201FBC2
:10C0300012000C28F4DB10380BE0182190FBF1F211
:10C0400001FB12000C28EBDBA0F110010229E7D361
:10C0500014380228E6D2E3E7B80100200A490B4869
:10C06000D1E90032934202DAC0E9083201E0C0E9C6
:10C070000823D1E902218A4202DAC0E90A21704785
:10C08000C0E90A127047000004E0012018020020F5
:10C090000068C3681B6A18470068C3681B6A1847B2
:10C0A0007CB510481C46154600680E46006EF9F730
:10C0B00033FE01902946304600F042FC048001988E
:10C0C000406950B1F9F728FE009081682A460B6854
:10C0D000314698476846F9F75DFE01A8F9F75AFE20
:10C0E0007CBD0000B80100207CB510481E461446F7
:10C0F00000680D46006EF9F70FFE019021462846B4
:10C1000000F03CFC06600198406950B1F9F704FE6C
:10C110000090816822460B68294698476846F9F7DF
:10C1200039FE01A8F9F736FE7CBD0000B8010020F9
:10C13000F0B58E080023FF220546002406E0E7182C
:10C14000B7FBF2FC02FB1C7780C5641CB442F6D33B
:10C15000054600240BE004EB030CBCFBF2FE80CD93
:10C1600002FB1ECCBC4501D00320F0BD641CB442D0
:10C17000F1D35B1C022BDFD34E08002305460024BD
:10C1800007E0E718B7FBF2FC02FB1C7725F8027BFF
:10C19000641CB442F5D3054600240CE004EB030C08
:10C1A000BCFBF2FE35F8027B02FB1ECCBC4501D085
:10C1B0000220F0BD641CB442F0D35B1C022BDDD323
:10C1C00000230546002407E0E618B6FBF2F702FB61
:10C1D000176605F8016B641C8C42F5D305460024F4
:10C1E0000CE000BFE718B7FBF2FC15F8016B02FB8F
:10C1F0001C77B74201D00120F0BD641C8C42F1D302
:10C200005B1C022BDDD30022134602E000F8013B49
:10C21000521C8A42FAD30020F0BD00007CB5050014
:10C2200020D0F9F779FD104900904C68AC4214D148
:10C230004068486013E02046F9F76EFD01904468BD
:10C24000AC4207D1009801994068486001A8F9F70D
:10C25000A1FD04E001A8F9F79DFD002CEBD1684693
:10C26000F9F798FD7CBD0000500300200A4A81695F
:10C2700052F82130834202D1036842F821304168EC
:10C2800009B102680A60016809B142684A60002188
:10C290000160416070470000D0010020006180E82B
:10C2A0000E00104440F8042C704700002DE9F74FB1
:10C2B000CC489EB09246D0E90010CDE91B101E98E4
:10C2C000F9F72AFD1390D0E90445B0F90810D0F829
:10C2D0000C800E91B0F90A1015910068C24E0069E9
:10C2E000406817903068407CFAF700F91190306888
:10C2F000407CFAF78FF9814613A8F9F74BFD082C1B
:10C3000001D8012004E0102C01D8022000E0042014
:10C310008346012C1BD000271798484575D03068FC
:10C32000407CFAF76FF918900E988000F9F71CFC22
:10C33000199000286AD01E98FAF7A7FB8146002DB5
:10C3400079D02846F9F7E8FC00261A909AE01BAF4E
:10C35000E2E7002009901A98324681684B6909A9E2
:10C3600098470E990546884227D11998F9F7D4FCC9
:10C370001690DDE91712CDE900120146119B082C39
:10C380002A46484602D9FDF727FE01E0FDF743FEA5
:10C3900003AB0020169A119983E8850001200090D4
:10C3A000CDE9010103460AEB06010E9A1F98FBF73F
:10C3B000E7FE16A8F9F7EEFC62E0012C22D05DE062
:10C3C0000998C21700EB527309EBE30200F0070172
:10C3D0000492CDE90571012101AB009183E81201BE
:10C3E0001F9A0AEB0601104401232A46FCF710FBB2
:10C3F00009983246284409901A9881684B6909A91E
:10C4000098470546002DDBD13AE055E051E01998F8
:10C41000F9F782FC1690099A844602FB0B90DDE93D
:10C420001712CDE90012119B082C2A46614603D948
:10C43000FDF7D2FD02E02DE0FDF7EDFD03AB00209E
:10C44000169A119983E8850001200090CDE9010139
:10C45000099A1F980AEB0601104401232A46FBF7AC
:10C460008FFE16A8F9F796FC0998324628440990E1
:10C470001A9881684B6909A998470546002DC6D1CD
:10C48000C144761C15988642FFF663AF1AA8F9F7E7
:10C4900081FC0BE0012001A90597009081E81103C0
:10C4A0005146159B0E9A1F98FBF76AFE1998F9F7EB
:10C4B00089FB21B0BDE8F08F1E98FAF7E6FA8146B5
:10C4C000002D7DD02846F9F727FC00251A9073E04F
:10C4D000002009901A982A4681684B6909A9984753
:10C4E0000E99064688421DD1119500E06D1C1A98E0
:10C4F0006A1C81684B6909A99847B042F6D00120AF
:10C5000001A90597009081E8110311980E9A2E1A3F
:10C510000AEB0001731C1F98FBF732FE761C06FB2A
:10C52000089047E0012C22D040E00998C11700EBA9
:10C53000517309EBE301CDE9041700F00702012173
:10C5400001AB0692009183E812011F9A0AEB0501E4
:10C55000104401233246FCF75BFA09982A4630441E
:10C5600009901A9881684B6909A998470646002ED8
:10C57000DBD11DE0099A01AB02FB0B90CDE904076A
:10C580000120009083E811011F980AEB0501104477
:10C5900001233246FBF7F4FD09982A4630440990FE
:10C5A0001A9881684B6909A998470646002EE1D17F
:10C5B00009EB080081466D1C1598854288DB00E078
:10C5C00003E01AA8F9F7E6FB73E7012001A9059734
:10C5D000009081E811035146159B0E9A1F98FBF7B6
:10C5E000CFFD66E7141F0208B80100202DE9FF4FB8
:10C5F0008BB01C4615460B98F9F78EFB0990B0F9E5
:10C6000008100691B0F90A90C168019100F1180173
:10C6100000910068D0F810A009A8F9F7BBFBC64844
:10C62000C649DAF804B00068407C51F820100F6960
:10C63000D7F80080F9F75AFF082801D8012604E04E
:10C64000102801D8022600E00426BA4512D1DDE9FF
:10C6500000120020CDE90410012003920090CDE9E2
:10C6600001044B462946069A0C98FBF789FD0FB04A
:10C67000BDE8F08F202C2FD0102CF8D1069816FB97
:10C6800000F0F9F771FA0A900028F0D0F9F744FBAE
:10C6900008900B98F9F740FB0990396900F11804EC
:10C6A000002974D0DAF814100029FAD0B0F9080083
:10C6B0008000F9F759FA5FEA000B69D0F9F72CFB13
:10C6C000079000286FD04FEAC608012E6CD0022ECA
:10C6D0006BD0042E6AD1D1E0069816FB00F0F9F772
:10C6E00043FA5FEA000BC2D0F9F716FB08900B98EB
:10C6F000F9F712FB00F118040990386978B34FF08C
:10C70000010A4FEAC608012E04D0022E07D0042EDB
:10C710000FD125E008990123D7F810C003E008994C
:10C72000D7F810C002232046069AE047069804EB8B
:10C730008004089A0020CDE90302CDF800A00590FE
:10C74000CDE901A829466D1C0123069A0C98FBF738
:10C7500017FDA9F101005FEA0009D4D146E004E029
:10C7600008990423D7F810C0DDE7069F012E04D0F6
:10C77000022E0ED0042E23D119E0DDF820A001CC2A
:10C78000414688470AF8010B7F1EF8D118E082E085
:10C7900034E0DDF820A001CC414688472AF8020B9E
:10C7A0007F1EF8D10CE0BDE02BE037E049E0DDF87A
:10C7B00020A001CC414688474AF8040B7F1EF8D1DF
:10C7C0000020089AF100CDE90210CDE904200120F3
:10C7D00001900090294603466D1C069A0C98FBF7C1
:10C7E000CFFCA9F101005FEA0009BFD109A8F9F760
:10C7F000D1FA08A8F9F7CEFA58469AE00020079037
:10C8000090E008980190DDE90621DAF814C00223CF
:10C810002046E0470123D7F810C00BE008980190AC
:10C82000DDE90621DAF814C002232046E047D7F8F4
:10C8300010C00223DDE906200199E047069804EBC9
:10C840004004089A0020CDE90302059001200090E1
:10C85000CDE90108294603466D1C069A0C98FBF7A2
:10C860008FFCA9F101005FEA00097FF42EAF07A851
:10C87000F9F790FA5846F9F7A5F953E008980190AE
:10C88000DDE90621DAF814C002232046E04704233C
:10C89000D7F810C0CEE7069F012E04D0022E10D08C
:10C8A000042E29D11BE0DDF820A000BF34F8020BD4
:10C8B00059468847414688470AF8010B7F1EF5D143
:10C8C0001AE0DDF820A000BF34F8020B5946884773
:10C8D000414688472AF8020B7F1EF5D10CE0DDF8AF
:10C8E00020A000BF34F8020B5946884741468847CC
:10C8F0004AF8040B7F1EF5D10020089AF100CDE91B
:10C900000210CDE904200120019000902946034641
:10C910006D1C069A0C98FBF733FCA9F101005FEA45
:10C920000009B9D109A8F9F735FA08A8F9F732FAD8
:10C930000A98F9F747F99AE6B8010020D0010020DB
:10C9400038B505460C480C460068006EF9F7E4F966
:10C950000090B0F90620C36800F11801A21A02FB8A
:10C960000311B0F9040001EB4501A1EB4004684656
:10C97000F9F710FA204638BDB801002038B5054651
:10C980000C480C460068006EF9F7C6F90090B0F943
:10C990000620C36800F11801A21A02FB0311B0F9C6
:10C9A000040001EB8501A1EB80046846F9F7F2F978
:10C9B000204638BDB8010020FEB50746124815468E
:10C9C0000E460068006EF9F7A7F901902946304637
:10C9D000FFF7B6FF044638698068804721884140E8
:10C9E00021800198406950B1F9F796F9009081686B
:10C9F0002A460B68314698476846F9F7CBF901A8F3
:10CA0000F9F7C8F9FEBD0000B8010020FEB51448D2
:10CA100015460E460068006EF9F77EF9019029462A
:10CA20003046FFF7ABFF0446019800680069806854
:10CA3000804701462068484020600198406950B115
:10CA4000F9F76AF9009081682A460B6831469847E1
:10CA50006846F9F79FF901A8F9F79CF9FEBD0000B7
:10CA6000B8010020000000002DE9F0412DED020B7F
:10CA70009FED3D0B2DED028B9FED3D8BDDE90254CB
:10CA8000C4F30A50A0F2FF36142E37DA002E18DA5B
:10CA900053EC102B9DED020B51EC100B00F05CFAE7
:10CAA00053EC182B00F09EFC57D2002CBCBF4FF06B
:10CAB0000044002551DB54EA050018BF2E4C1BD161
:10CAC0004BE02E4820FA06F704EA070028431FD05F
:10CAD00053EC102B9DED020B51EC100B00F03CFAC7
:10CAE00053EC182B00F07EFC37D2002C03DD4FF402
:10CAF0008010F0400444BC4300252EE0332E07DCB8
:10CB0000A6F114004FF0FF3121FA00F73D4206D1A3
:10CB10009DED020BBDEC028B02B0BDE8F08153EC41
:10CB2000102B9DED020B51EC100B00F091FC53EC1F
:10CB3000182B00F057FC10D2002C0DDD142E08BF6E
:10CB4000641C09D0C6F13400012101FA00F0284428
:10CB5000A84238BF641C0546BD43CDE902549DED93
:10CB6000020BD7E7000000009C7500883CE4377E8C
:10CB700000000000000000000000F03FFFFF0F0079
:10CB80002DE9F0412DED020B9FED3D0B2DED028BBC
:10CB90009FED3D8BDDE90254C4F30A50A0F2FF364D
:10CBA000142E37DA002E18DA53EC102B9DED020B01
:10CBB00051EC100B00F0D0F953EC182B00F012FCE4
:10CBC00057D2002CA4BF0024254652DA24F000409E
:10CBD000284318BF2E4C4CD01AE02E4820FA06F7F6
:10CBE00004EA070028431FD053EC102B9DED020BE5
:10CBF00051EC100B00F0B0F953EC182B00F0F2FBE5
:10CC000037D2002C03DA4FF48010F0400444BC43C8
:10CC100000252EE0332E07DCA6F114004FF0FF3183
:10CC200021FA00F73D4206D19DED020BBDEC028BCF
:10CC300002B0BDE8F08153EC102B9DED020B51ECDE
:10CC4000100B00F005FC53EC182B00F0CBFB10D2BE
:10CC5000002C0DDA142E08BF641C09D0C6F1340074
:10CC6000012101FA00F02844A84238BF641C05469F
:10CC7000BD43CDE902549DED020BD7E70000000053
:10CC80009C7500883CE4377E000000000000000036
:10CC90000000F0BFFFFF0F0000B52DED048BB0EEDC
:10CCA000409AF0EE609A83B051EC190B00F0DCFB77
:10CCB00041EC180B18EE100A18EE901A8DED008B4F
:10CCC000002818BF0120084320F00040C0F17F6019
:10CCD00000F1E040C00F14D019EE101A19EE900ABE
:10CCE0008DED009B002918BF0121084320F0004072
:10CCF000C0F17F6000F1E040C00F04BF0120F8F7F1
:10CD000024F8B0EE480A03B0F0EE680ABDEC048BDC
:10CD100000BD000010B50022002801DA01224042C7
:10CD2000002902DA42F002024942814204DD0B4648
:10CD30000146184642F00402890200EBD07301EB71
:10CD4000630191FBF0F080100311124C00F00F0012
:10CD5000C0F1100134F8130010FB01F0102906D0C7
:10CD600004EB4303C1F110015B8813FB01000830A1
:10CD7000C11700EB11700011510701D5C0F580609B
:10CD8000D10701D0C0F50060910701D5C0F58050F2
:10CD900010BD0000AEF50108F8B50F4C074620683D
:10CDA000806CF8F7B9FF00902268D0E90256D2E90A
:10CDB0000212C0E902126846F8F7ECFF3868FCF787
:10CDC000AFFE2068806CF8F7A7FF0090C0E902561C
:10CDD0006846F8F7DFFFF8BDB801002030380A28B0
:10CDE00001D20120704700207047000010B50446B2
:10CDF00000680E2802D00F2817D108E0E0684168CB
:10CE0000012917D10068BDE81040FAF711BA60682F
:10CE1000FDF7CEF9084951F820006FF070418842C3
:10CE200003D0FAF769F9F9F74FF82046BDE810404A
:10CE3000FCF714B810BD00009C020020F8B5FBF709
:10CE40006DFDFBF703FC04003BD100252846F9F7F4
:10CE50002DF9009048B1C0680C21426A684690479D
:10CE6000010007D00098884704436D1C022DEDDBBC
:10CE700014B126E00120F8BDFBF702FC012543F6C2
:10CE8000FF762846F9F712F90090C0B12846FAF764
:10CE90001BF90420FBF762FD0021324633460846A9
:10CEA000FBF7FAFA0020FBF759FD00980E21C06845
:10CEB000426A68469047010001D0009888476D1E7D
:10CEC000DFD52046F8BD000010B500290AD008784B
:10CED000002807D005487844F7F7EAFE002801D07B
:10CEE000002010BD0248784410BD0000225100000F
:10CEF0001A51000021F00042A2F16052B2F5801FE9
:10CF000001F0004328BFD2F17F6C0BD95FEA001C0F
:10CF100043EAC20242EB507018BF704728BF20F0AE
:10CF200001007047B2F5801FBCBF184670474FEA3A
:10CF3000410C1CF5001F02D2084600F0C1BC70B5C0
:10CF400000F0FCF900000089FFF7F6BF4FF0004049
:10CF5000A0F580007047000010B591EA030F48BFAC
:10CF600083F0004300F15483841A71EB030C05D263
:10CF7000121943EB0C03001B61EB0C01DFF824E1F9
:10CF80004FEA1154A4EB135C1EEA430F18BF9EEA4C
:10CF9000445F73D023EA0E03DCF1200E21EA045132
:10CFA00043F4801332D322FA0CFE10EB0E0023FA66
:10CFB0000CFE41EB0E01CCF1200E03FA0EFE10EB3D
:10CFC0000E0051F10001B1F5801FCCF1200E32D2DC
:10CFD00001EB045112FA0EF2BDE8104058BF704741
:10CFE000401C38BF5FEA420218BF7047002814BFD8
:10CFF00020F0010041F100014FEA410313F5001F49
:10D0000038BF7047A1F1C04100F0E6B9012A43EBF7
:10D010000302ACF1200CDCF11F0E32BF4FF0000E0A
:10D0200023FA0CF310EB030041EB0451B4EB115F56
:10D03000D0D0A1EB045101F5801149085FEA30001E
:10D0400001EB04510ED350F1000038BF12FA0EFE6E
:10D0500008D1BDE81040C9E7401C38BF5FEA420272
:10D06000CAD1C3E7BDE810404FEA410313F5001FE2
:10D0700038BF7047A1F1C04100F0AEB99EEA445FED
:10D0800008D011EA5E0FBDE8104004BF01F0004176
:10D0900000207047BDE8104070B500F04FF900BFA8
:10D0A00064FBBE3E0000E0FF491058BFC1F14041A3
:10D0B0005B1058BFC3F140438B42EFF300807047D1
:10D0C0004FEA1153A3F58063D3F11E03A8BFD3F138
:10D0D000200C08DB4FF0004242EAC12252EA5052D3
:10D0E00032FA03F0704709420BD4102BC4BF002062
:10D0F000704703F5787CBCF1FF3F05D04FF0FF305F
:10D1000070474FF00000704770B500F017F900BF8E
:10D110004992248000207047F0E710F0004248BF99
:10D120004042B0FA80F310FA03F10AD0C3F11D03B4
:10D1300003F580634FEA415002EB035202EBD12129
:10D1400070474FF000007047B0FA80F310FA03F117
:10D150000AD0C3F11D0303F580634FEA41504FEA43
:10D16000035202EBD12170474FF0000070470000DE
:10D1700051EA030C17D41CF5801F58BFBCF5801F63
:10D1800000F10680994218BF704708BF904270476F
:10D1900007D711F5801F58BF13F5801F19D4994286
:10D1A0007047894270471CF5801F08D5BCF5801F69
:10D1B000F7D58B4218BF704708BF824270474FF4C3
:10D1C000001C1CEB410F38BF1CEB430F01D28B42FC
:10D1D000704770B500F0B2F8922449004FF000514A
:10D1E0004FF08053FFF760BFDFF848C170B51CEA0D
:10D1F000111E1EBF1CEA13159EEA0C0F95EA0C0FB8
:10D2000000F06F8081EA030423EA4C134EEAD47ED7
:10D2100021EA4C1141F4801143F48013AE44A1FB88
:10D22000024CA0FB0365AEF17F7E361955EB0C0571
:10D23000A1FB034C4CF10003A0FB021C16EB0C06F7
:10D24000654153F10003094218BF46F0010613F48B
:10D25000007F0BD14FEA03314FEA0530340341EA36
:10D26000155140EA16506FF003020AE04FEAC3215D
:10D270004FEAC520F40241EA555140EA56506FF09A
:10D28000020202EB2E4201EB025585EACE710AD072
:10D290005FEA440C18BF24F0004450F1000041F153
:10D2A000000120EAD47040F2FE7C624500D270BDDD
:10D2B000A84214BF4FF080444FF04044002E08BFF6
:10D2C0000024BEF1806FA8BFA1F1C041BDE870404D
:10D2D00080F282804FF0000001F1C04101F0004176
:10D2E00070479EEA0C0F0CEA131518BF95EA0C0F55
:10D2F00006D04FF0000081EA030E0EF0004170BD31
:10D3000000F01CF88900013E00F007B800F009B8F1
:10D310004FEA430C5FEA5C5C08D081EA030100F04D
:10D320005BB84FEA410C5FEA5C5CF6D14FF000005D
:10D33000014970470000FF070000F87F0EF1020E60
:10D340002EF0030E5EF8046B364205D4012A43EB3F
:10D35000030515F5001F12D8012841EB010C1CF53F
:10D36000001F0CD80ED14FEAD17C15F5001F0CEB35
:10D370004C0C0CF1020C08BF4CEBD37C04E04FF0DA
:10D38000080C01E04FEAD37C0CEB4C0526FA05F6BD
:10D3900006F00706B6F1040C06D20EEB860CBDE8CB
:10D3A00070404CF0010C6047DFE80CF0090B020202
:10D3B0004FF000414FF00000A1F5002170BD19466B
:10D3C0001046012851EB010418BFD4F5001484BFA6
:10D3D000002001F0004170BD0808A0F500114FEADF
:10D3E0003101704753EA010C17D41CF5801F58BF58
:10D3F000BCF5801F00F106808B4218BF704708BF44
:10D400008242704707D713F5801F58BF11F5801F60
:10D4100019D48B4270479B4270471CF5801F08D57A
:10D42000BCF5801FF7D5994218BF704708BF9042DE
:10D4300070474FF4001C1CEB430F38BF1CEB410F2F
:10D4400001D2994270470FB40CBC03BCFFF7C1BEB8
:10D4500091EA030F10B581F000413FF585AD83F0EF
:10D46000004300F0D5B800002DE9F04101F5801C23
:10D47000BCF5001FC0F2A9804FEA115C21EA0C51F3
:10D480000CF1FD0C41F480115FEA5C0C0CF5C07CE2
:10D4900001D34000494130A4890241EA90518702FA
:10D4A0008E0E0A0CA45D04FB04F602FB06F6C6F120
:10D4B0004046A4FB0662F60D46EA422606FB06F449
:10D4C000A4FB01235242C3F1404338BF5B1EA6FBBD
:10D4D00002420024E6FB0324D20B42EA4446A6FBA8
:10D4E0000623A1FB02E2A3FB07E4E3FB61426442E3
:10D4F000C2F1404E38BFAEF1010EA6FB04234FF03F
:10D500000002E6FB0E32A2FB03463400E2FB62643B
:10D51000A1FB06E6A4FB07E8E4FB61687642C8F1DC
:10D52000405838BFA8F10108A2FB06E4A3FB08E5B8
:10D53000E2FB6854A1FB05E6A7FB04E8E1FB648677
:10D5400018F1200556F10006A809A8F11B08B10939
:10D5500008F03F08B8F10A0F40EA86601CD901EBD9
:10D560000C51BDE8F08100BFFCF5EEE8E2DDD8D358
:10D57000CFCBC7C3C0BDB9B6B4B1AEACA9A7A5A344
:10D58000A19F9D9B9A9896959392908F8D8C8B8955
:10D590008887868584838281A0FB006800FB01F276
:10D5A00008EB4208B8EB872807D5341858EB01047C
:10D5B000D5D5401C51F10001D1E7341A78EB0104B4
:10D5C000CDD4401E71F10001C9E75FEA4C0C5FEA5F
:10D5D0009C5C0DD105D34FF0000001F00041BDE887
:10D5E000F081BDE8F04170B5FFF7A8FE6DDBFFBE2E
:10D5F000BDE8F0414FF00000004970470000F87F9F
:10D6000010B591EA030F48BF83F000433FF5ACAC7F
:10D61000841A71EB030C07D212198CF0004C43EB07
:10D620000C03001B61EB0C01DFF8A4E14FEA11547D
:10D63000A4EB135C1EEA430F18BF9EEA445F00F0A0
:10D64000B08023EA6E03524221EA0451C3EB6E0319
:10D6500038BF5B1EDCF1200E25D322FA0CFE10EB46
:10D660000E0043FA0CFE41EB0E01CCF1200E03FA42
:10D670000EFE10EB0E0051F10001CCF1200E29D46A
:10D6800012FA0EF201EB0451BDE8104058BF70478A
:10D69000401C1CBFB2F1004F704700280CBF491C52
:10D6A00020F00100704712EB020E43EB030218BF9B
:10D6B0004FF0010E4EEA4202ACF1200CDCF11E0EDE
:10D6C00054D943FA0CFE10EB0E0051F1FF31CCF1AE
:10D6D0001E0ED5D50EF1010E12FA0EFE404141EBA1
:10D6E000010101EB445C5FEA5C5C10D910EBDE7079
:10D6F00001EB045138BFBEF1004FBDE8104018BF28
:10D70000704700280CBF491C20F00100704730D240
:10D710004FEAD42C11F5001124F400641BD0B1FAA7
:10D7200081F20B3AA41AA41ED2F12003914030FAE0
:10D7300003F31943904001EBCC71002C01EB045131
:10D74000BDE81040A8BF704701F1C0414FF0000094
:10D7500001F000417047B0FA80F310FA03F100D1F4
:10D7600010BDE41A173C4805C90AE4E701EB04516F
:10D7700010BD491001EB0451BDE810404FEA3000E4
:10D7800002E04FF0000170474A0008BF0042F8D0A5
:10D79000B2F5001F28BF704701F000414FF00000B4
:10D7A00070479EEA445F07D011EA5E0FBDE8104063
:10D7B00004BF002100207047BDE8104070B5FFF79E
:10D7C000BDFD00BF40DFF63E83F0004110467047CC
:10D7D0000000E0FF43004FEAD30C4FEA3C0C43400B
:10D7E0001FBF40070CF1605113F0FE4F70471CF053
:10D7F000006F03D100200CF0004170470CF0004393
:10D8000043EA507010B540EACC0000F00EF800BFBB
:10D81000000000924FEA0001FFF7DEBD4FF000412B
:10D820004FF00000A1F5002170470EF1020E2EF01E
:10D83000030E5EF8044B244204D44FEA4102B2F1D5
:10D840007F4F11D84FEA4003B3F17F4F0CD80ED170
:10D850004FEAD07CB2F17F4F0CEB4C0C0CF1020C78
:10D8600008BF4CEBD17C04E04FF0080C01E04FEA1C
:10D87000D17C0CEB4C0324FA03F404F00704B4F15C
:10D88000040C06D20EEB840CBDE810404CF0010CE9
:10D890006047DFE80CF0070802024FF00040A0F5F7
:10D8A000800010BD0846420018BFD2F1807288BFC8
:10D8B00000F0004010BD4FF04070E1EE100A7047DC
:10D8C000FF2141EAD050C005704700000000000071
:10D8D000000000000000000000003F4000000000C9
:10D8E000000000003000400030004000000009004F
:10D8F0000BC03D000BC03D00090018C024407FE074
:10D90000224031800000180024C01B000D803240EE
:10D91000018003801C4027401C800740004010000D
:10D920006000000000000000000000000000000097
:10D930001F80204040200000402020401F80000029
:10D940000000090006001F80060009000000040016
:10D9500004003F800400040000000010006000008C
:10D9600000000000000004000400040004000400A3
:10D970000000000000400000000000000000002047
:10D9800001C006003800400000001F8020402040F9
:10D9900020401F800000000010403FC000400000F9
:10D9A000000018C021402240244018400000108090
:10D9B0002040244024401B80000002000D00110084
:10D9C0003FC0014000003C8024402440244023808C
:10D9D00000001F80244024403440038000003000B9
:10D9E000200027C03800200000001B802440244075
:10D9F00024401B8000001C0022C0224022401F80C7
:10DA000000000000000008400000000000000000CE
:10DA100000000460000000000000000004000A0094
:10DA20001100208040400900090009000900090098
:10DA3000000000004040208011000A00040018008F
:10DA4000200023402400180000001F8020402740B1
:10DA500029401F400000004007C039000F0001C0EE
:10DA6000004020403FC0244024401B8000001F8015
:10DA70002040204020403080000020403FC0204017
:10DA800020401F80000020403FC024402E4030C076
:10DA9000000020403FC024402E00300000000F0056
:10DAA0001080204022403380020020403FC004000C
:10DAB00004003FC02040204020403FC02040204084
:10DAC00000000060202020203FC0200020002040D7
:10DAD0003FC024400B0030C0204020403FC02040C9
:10DAE0000040004000C03FC03C0003C03C003FC0BD
:10DAF000000020403FC00C4023003FC020001F809A
:10DB00002040204020401F80000020403FC0244093
:10DB10002400180000001F802140214020E01FA0A9
:10DB2000000020403FC02440260019C0004018C01B
:10DB300024402440224031800000300020403FC07B
:10DB400020403000000020003F80004000403F8027
:10DB5000200020003E0001C00700380020003800EF
:10DB600007C03C0007C038000000204039C0060054
:10DB700039C0204000002000384007C03840200055
:10DB80000000304021C02640384020C00000000086
:10DB900000007FE0402040200000000070000C00EA
:10DBA0000380004000000000402040207FE0000093
:10DBB00000000000200040002000000000000010D5
:10DBC00000100010001000100010000000004000C5
:10DBD000000000000000000002800540054003C076
:10DBE000004020003FC004400440038000000000CB
:10DBF000038004400440064000000000038004400D
:10DC000024403FC000400000038005400540034021
:10DC10000000000004401FC02440244020000000F9
:10DC200002E0055005500650042020403FC004404B
:10DC3000040003C000400000044027C00040000072
:10DC4000000000100010041027E000000000204039
:10DC50003FC00140070004C00440204020403FC0B6
:10DC600000400040000007C0040007C0040003C0DB
:10DC70000000044007C00440040003C0004000004E
:10DC800003800440044003800000041007F00450A7
:10DC9000044003800000000003800440045007F0AB
:10DCA0000010044007C0024004000400000000000F
:10DCB00006400540054004C00000000004001F802D
:10DCC000044000400000040007800040044007C0FA
:10DCD00000400400070004C00180060004000600A4
:10DCE00001C0070001C006000000044006C001009A
:10DCF00006C0044000000410071004E00180060084
:10DD000004000000044005C006400440000000007C
:10DD1000000004007BE04020000000000000000044
:10DD2000FFF000000000000040207BE00400000045
:10DD30000000400080004000200020004000000063
:10DD400000000000000000000000000000000000D3
:10DD5000000000001FCC000C0000000000000000CC
:10DD60000800300060000800300060000000022061
:10DD700003FC1E20022003FC1E20022000000000E5
:10DD80000E1811043FFF10840C78000000000F00F3
:10DD900010840F3800C007781884007800000078DD
:10DDA0000F8410C411240E9800E4008400080800B9
:10DDB000680070000000000000000000000000008B
:10DDC0000000000007E018182004400200000000D6
:10DDD00040022004181807E0000000000000024084
:10DDE000024001800FF001800240024000000080EC
:10DDF000008000800FF8008000800080000000019B
:10DE0000000D000E000000000000000000000000F7
:10DE10000080008000800080008000800080000082
:10DE2000000C000C000000000000000000000000DA
:10DE300000060018006001800600180020000000A5
:10DE400007F0080810041004080807F0000000009C
:10DE5000080408041FFC0004000400000000000087
:10DE60000E0C10141024104411840E0C000000003D
:10DE70000C1810041104110412880C70000000002A
:10DE800000E00320042408241FFC002400000000FC
:10DE90001F981084110411041088107000000000F5
:10DEA00007F00888110411041888007000000000B1
:10DEB0001C00100010FC13001C00100000000000EB
:10DEC0000E3811441084108411440E3800000000F4
:10DED0000700088C10441044088807F00000000078
:10DEE00000000000030C030C000000000000000014
:10DEF000000000010106000000000000000000001A
:10DF000000800140022004100808100400000220D4
:10DF10000220022002200220022002200000000035
:10DF200010040808041002200140008000000000D6
:10DF30000E001200100C106C10800F00000003E0A7
:10DF40000C1813E4142417C4082807D00000000498
:10DF5000003C03C41C40074000E4001C0004100403
:10DF60001FFC1104110411040E880070000003E06E
:10DF70000C1810041004100410081C1000001004E9
:10DF80001FFC100410041004080807F0000010041F
:10DF90001FFC1104110417C4100408180000100419
:10DFA0001FFC1104110017C010000800000003E05E
:10DFB0000C181004100410441C78004000001004D9
:10DFC0001FFC10840080008010841FFC10040000DF
:10DFD000100410041FFC10041004000000000003D3
:10DFE0000001100110011FFE1000100000001004BD
:10DFF0001FFC110403801464181C1004000010049A
:10E000001FFC1004000400040004000C00001004B5
:10E010001FFC1F0000FC1F001FFC10040000100468
:10E020001FFC0C04030000E010181FFC100007F098
:10E030000808100410041004080807F00000100479
:10E040001FFC10841080108010800F00000007F06B
:10E05000081810241024101C080A07F200001004ED
:10E060001FFC1104110011C011300E0C000400003F
:10E070000E1C11041084108410441C380000180079
:10E08000100010041FFC1004100018000000100005
:10E090001FF810040004000410041FF81000100002
:10E0A0001E0011E0001C007013801C0010001FC037
:10E0B000103C00E01F0000E0103C1FC000001004F6
:10E0C000180C163401C001C01634180C10041000CE
:10E0D0001C00130400FC13041C00100000000804C2
:10E0E000101C1064108413041C041018000000009D
:10E0F000000000007FFE40024002400200000000DD
:10E1000030000C0003800060001C000300000000D1
:10E110004002400240027FFE0000000000000000BC
:10E1200000002000400040004000200000000001EE
:10E1300000010001000100010001000100010000D8
:10E14000400040002000000000000000000000002F
:10E150000098012401440144014400FC0004100023
:10E160001FFC00880104010400880070000000000A
:10E170000070008801040104010400880000000010
:10E18000007000880104010411081FFC0004000055
:10E1900000F8014401440144014400C800000000AB
:10E1A000010401040FFC1104110411001800000007
:10E1B00000D601290129012901C901060000100426
:10E1C0001FFC008401000100010400FC00040000A9
:10E1D0000104190419FC0004000400000000000000
:10E1E000000300010101190119FE000000001004E4
:10E1F0001FFC0024004001B4010C010400000000D9
:10E20000100410041FFC00040004000000000104BE
:10E2100001FC0104010001FC0104010000FC0104F7
:10E2200001FC008401000100010400FC0004000066
:10E2300000F8010401040104010400F800000101D8
:10E2400001FF008501040104008800700000000047
:10E250000070008801040104010501FF00010104B0
:10E26000010401FC008401040100018000000000A1
:10E2700000CC0124012401240124019800000000A5
:10E280000100010007F80104010400000000010082
:10E2900001F8000400040004010801FC000401006E
:10E2A00001800170000C001001600180010001F08C
:10E2B000010C003001C00030010C01F00100000031
:10E2C0000104018C00740170018C01040000010143
:10E2D00001810171000E0018016001800100000041
:10E2E0000184010C013401440184010C0000000090
:10E2F00000000000000001003EFC4002400200005F
:10E30000000000000000FFFF00000000000000000F
:10E31000400240023EFC010000000000000000003E
:10E3200060008000800040004000200020000000CD
:10E3300000000000000000000000000000000000DD
:10E3400000000000000000000000000000000000CD
:10E3500000000000000000000000000000000000BD
:10E36000000F80380FFE380F8038000000000000DA
:10E370000000000000000000000000000100000696
:10E3800000000C00003800003100000600000C0006
:10E390000038000030000000000000000000618034
:10E3A0000067F807F98000618000618000618000EB
:10E3B00061800067F807F9800061800000000000BC
:10E3C0000000000001C0E003E0F006300804180877
:10E3D0001FFFFE040E080787F00381E00000000025
:10E3E000000001F000060C00040408060C7001F99E
:10E3F000C0000E00003BE000EC18070808040C18F1
:10E400000003E00000000001E00007F003F818043A
:10E410001C0804170807E1D003C0E00023B0003C4B
:10E4200008002008000010000000000000010000AB
:10E430003100003200001C0000000000000000005D
:10E4400000000000000000000000000000000000CC
:10E4500000000000000000000000000000007F003D
:10E4600001FFC00780F00C0018100004200002001B
:10E4700000000000002000021000040C00180780BB
:10E48000F001FFC0007F000000000000000000005D
:10E4900000000000000000000000420000660000D4
:10E4A0006600003C0000180003FFC0001800003C9C
:10E4B0000000660000660000420000000000080046
:10E4C00000080000080000080000080001FFC0006C
:10E4D0000800000800000800000800000800000014
:10E4E0000000000100003100003200001C000000AC
:10E4F000000000000000000000000000000000001C
:10E5000000000000000008000008000008000008EB
:10E5100000000800000800000800000800000800D3
:10E5200000080000000000000000000000003800AB
:10E53000003800003800000000000000000000006B
:10E5400000000000000000000000000000000006C5
:10E5500000001C000070000180000E000038000068
:10E56000C0000700001C0000300000000000000098
:10E5700000007F8001FFE00380700600180400089F
:10E5800004000806001803807001FFE0007F80008F
:10E590000000000000000000010008010008010068
:10E5A0000803FFF807FFF800000800000800000853
:10E5B00000000000000000000001C03802C0580444
:10E5C0000098040118040218040418061C1803F823
:10E5D0001801E0F800000000000000000001C0E0A9
:10E5E00003C0F0040008040808040808061808031B
:10E5F000F41801E7F00001E0000000000000000056
:10E6000000000300000D00001100006100008108FF
:10E6100003010807FFF80FFFF800010800010800D8
:10E6200000000000000000E007FCD006080806100B
:10E6300008061008061008061838060FF00607C06E
:10E64000000000000000000000003F8001FFE00328
:10E650008430020818041008041008041008071871
:10E6600010030FF00007C0000000000000000000D1
:10E6700003C0000700000600000600F80607F806C1
:10E68000180006E00007000006000000000000007F
:10E690000001E1E003F7F00634100418080418083C
:10E6A000040C08040C0806161803F3F001C1E0007E
:10E6B000000000000000F80003FC300306380402EC
:10E6C000080402080402080404100308F001FFC053
:10E6D000007F0000000000000000000000000000BB
:10E6E0000000000000007038007038007038000032
:10E6F000000000000000000000000000000000001A
:10E7000000000000000000000000301A00301C0073
:10E7100000000000000000000000000000000000F9
:10E72000000000000008000014000022000041006A
:10E730000080800100400200200400100800080052
:10E740000000000000002100002100002100002145
:10E750000000210000210000210000210000210014
:10E760000021000000000000000000000800080474
:10E7700000100200200100400080800041000022C3
:10E780000000140000080000000000000003C000AA
:10E7900004C000040000080038080F3808083808D2
:10E7A00010000C300007E00003C000000000000073
:10E7B00000003F8000FFE0038070020F10067088A9
:10E7C00004C088048308047F8802C09003012000ED
:10E7D000FE400000080000180001F8003E0801C2D9
:10E7E0000007020007E20000FE00001FC80001F859
:10E7F00000003800000804000807FFF807FFF804CD
:10E80000080804080804080804080806180803F49F
:10E810001801E7F00001E0000000000000003F8068
:10E8200001FFE003807002001804000804000804DF
:10E8300000080400100600200780C000000004004B
:10E840000807FFF807FFF8040008040008040008A0
:10E8500004001802001003807001FFE0007F8000B8
:10E86000000004000807FFF807FFF8040808040880
:10E8700008040808040808043E08040008060018F4
:10E8800001006000000004000807FFF807FFF8041B
:10E890000808040800040800040800043E000600FC
:10E8A00000060000018000000000000000003F8022
:10E8B00001FFE00380700600180400080402080449
:10E8C00002080203F00783F00002000002000400C7
:10E8D0000807FFF807FFF804080800080000080010
:10E8E00000080000080004080807FFF807FFF80404
:10E8F00000080000000000000400080400080400F4
:10E900000807FFF807FFF8040008040008040008DF
:10E9100000000000000000000000000600000700EA
:10E92000000104000104000104000307FFFE07FFCB
:10E93000FC04000004000004000004000807FFF8C5
:10E9400007FFF8040C08001800003E0004C780050B
:10E9500003C80600F804003804001800000804008A
:10E960000807FFF807FFF804000800000800000887
:10E970000000080000080000080000180000600007
:10E98000000004000807FFF807800807FC00007F6C
:10E99000C00003F80007C000780007800807FFF8F0
:10E9A00007FFF804000804000807FFF80700080341
:10E9B000C00000E000003800001E00000700000159
:10E9C000C00400F007FFF8040000000000007F8092
:10E9D00001FFE00380700600180400080400080628
:10E9E000001803003001FFE0007F800000000400F9
:10E9F0000807FFF807FFF8040408040400040400F3
:10EA0000040400040400060C0003F80001F00000F8
:10EA10000000000000007F8001FFE003807006001E
:10EA2000880400880400C806003C03003E01FFE69D
:10EA3000007F8400000004000807FFF807FFF804C7
:10EA40000808040800040C00040F00040BC00610A2
:10EA5000F003F03801E00800000800000001E0F8D1
:10EA600003F030063010041808041808040C0804D9
:10EA70000C080206180207F00781E0000000018080
:10EA80000006000004000004000004000807FFF86E
:10EA900007FFF8040008040000040000060000015D
:10EAA000800004000007FFE007FFF00400180000EA
:10EAB000080000080000080000080000080400101A
:10EAC00007FFE004000004000006000007E0000764
:10EAD000FE00041FE00001F80000380001E0043EE1
:10EAE0000007C00006000004000004000007E0006A
:10EAF00007FFC0041FF80007C007F80007FF8004E5
:10EB00003FF80007C004F800070000040000000000
:10EB10000004000806001807C07805F1C8003E0090
:10EB2000001F800463E80780F8060018040008004E
:10EB3000000004000006000007800007E008047CD5
:10EB400008001FF80007F800180804E00807000094
:10EB50000600000400000000000100080600380460
:10EB600000F80403E8040F08047C0805F00807C057
:10EB7000080700180400600000000000000000000A
:10EB80000000000000000000003FFFFE2000022007
:10EB9000000220000220000220000200000000000D
:10EBA0000000000008000007000000C0000038005E
:10EBB0000006000001C000003000000E000001004F
:10EBC00000000000000000002000022000022000E1
:10EBD000022000022000023FFFFE000000000000B3
:10EBE000000000000000000000000000000000081D
:10EBF0000000100000300000200000300000100075
:10EC000000080000000000000000000001000001FA
:10EC100000000100000100000100000100000100EF
:10EC200000010000010000010000010000010000DF
:10EC30000000000000000020000020000010000084
:10EC400010000000000000000000000000000000B4
:10EC500000000000000000F00019F8001B1800225E
:10EC600008002608002408002410003FF8001FF8C0
:10EC700000000800001800000004000007FFF80F63
:10EC8000FFF00018180010080020080020080030CD
:10EC900018001FF0000FC00000000000000007C0B7
:10ECA000001FF00018300020080020080020080095
:10ECB0003C08001C10000060000000000000000084
:10ECC000000007C0001FF0003818002008002008CE
:10ECD00000200804101007FFF80FFFF000001000DC
:10ECE00000000000000000000007C0001FF000123C
:10ECF00030002218002208002208003208001E10EE
:10ED0000000E20000000000000002000002008008D
:10ED1000200801FFF803FFF806200804200804205B
:10ED20000807200003000000000000000000000EA3
:10ED3000000E6E001FF30031B10020B10020B100C1
:10ED40003191001F13002E1E00200E003000000025
:10ED50000004000807FFF80FFFF80010080020006B
:10ED6000002000002008003FF8001FF80000080005
:10ED70000000000000000000002008002008002023
:10ED800008063FF8063FF8000008000008000008E9
:10ED90000000000000000000000000000000030070
:10EDA0000003002001002001002003063FFE063F73
:10EDB000FC0000000000000000000000000400084B
:10EDC00007FFF80FFFF8000188000300002FC000C4
:10EDD00038F800203800200800000800000000007B
:10EDE0000000000004000804000804000807FFF801
:10EDF0000FFFF800000800000800000800000000F5
:10EE00000000002008003FF8003FF8001008002034
:10EE100000003FF8003FF8001008002000003FF815
:10EE2000003FF8000008000000002008003FF80044
:10EE30003FF8001008001000002000002008003FEC
:10EE4000F8001FF80000080000000000000007C0E4
:10EE5000000FF000183000300800200800200800E3
:10EE60003008001830000FF00007C000000000005C
:10EE700000002001003FFF003FFF001011002009AB
:10EE8000002008002008003038001FF0000FC000EC
:10EE900000000000000007C0001FF000381800202C
:10EEA00008002008002009001011001FFF003FFF8C
:10EEB00000000100000000200800200800200800D9
:10EEC0003FF8003FF8000808001008002008002064
:10EED00000003000003000000000000000000000D2
:10EEE000000C78001E1800330800230800210800D9
:10EEF00021880021980030F00038600000000000F8
:10EF00000000200000200000200000FFF003FFF8B8
:10EF10000020080020080020080000300000000049
:10EF20000000000000002000003FF0007FF800001B
:10EF300018000008000008002010003FF8007FF0D3
:10EF40000000100000000000000020000030000061
:10EF50003C00003F800023F0000078000070002398
:10EF600080003C00003000002000002000003C0039
:10EF7000003FE00023F80000E0002700003E000012
:10EF80003FE00021F80001E0003E0000200000000A
:10EF900000002008002008003838003E6800278064
:10EFA0000003C8002CF800383800201800200800A2
:10EFB0000000000000002000003003003C01003F82
:10EFC000830023EC000070002380003C0000200040
:10EFD00000200000000000000000000000380800D1
:10EFE00020380020F80023E8002F88003E08003871
:10EFF0000800201800007000000000000000000061
:10F000000000000000000000000008000014001FC5
:10F01000F7FC3000062000020000000000000000A5
:10F0200000000000000000000000000000000000E0
:10F03000FFFFFF00000000000000000000000000D3
:10F0400000000000000000002000023000061FF752
:10F05000FC00140000080000000000000000000098
:10F0600000000000000000000018000060000040E8
:10F070000000400000200000100000080000040014
:10F08000000400000C00001000000001000500104A
:10F090000014001860E001200305350002081E0876
:10F0A000503C0F050000FF67500000181A1E14891D
:10F0B000280A302EBB0A03000002331D00000000A6
:10F0C0000000003200002A1C5A94C502070000000C
:10F0D000B51F00902800773200623F005250005266
:10F0E0000000000000000000000000000000000020
:10F0F000000000000000000F0F03061042F80F147C
:10F10000000000001A18161412100E0C0A08000055
:10F1100000000000000000000000000000000000EF
:10F12000000029282422201F1E1D0E0C0A08060597
:10F13000040200FF0000000000000000000000FFCB
:10F14000FFFFFFFFFFFFFFFFFFFFFFFF5081588121
:10F15000608168817081030009000F0015001B00A9
:10F160000F0000000F000000FF0000000F00000073
:10F170000F0000000F00000000000000400B000026
:10F180000064000080070000200000002000000054
:10F19000200000000068010000800C0000F000006A
:10F1A000000000002FAB00082BA6000845A60008B1
:10F1B00001A60008B7A500089DA50008D1A5000874
:10F1C000CDAC0008CBAD000855AC0008A5AC0008DC
:10F1D000B3AC000808070606050505050404040489
:10F1E00004040404030303030303030303030303EB
:10F1F00003030303020202020202020202020202EB
:10F2000002020202020202020202020202020202DE
:10F2100002020202010101010101010101010101DA
:10F2200001010101010101010101010101010101CE
:10F2300001010101010101010101010101010101BE
:10F2400001010101010101010101010101010101AE
:10F2500001010101000000000000000000000000AA
:10F26000000000000000000000000000000000009E
:10F27000000000000000000000000000000000008E
:10F28000000000000000000000000000000000007E
:10F29000000000000000000000000000000000006E
:10F2A000000000000000000000000000000000005E
:10F2B000000000000000000000000000000000004E
:10F2C000000000000000000000000000000000003E
:10F2D0000000000078563412FFFFFFFFFFFFFFFF22
:10F2E000FFFFFF7F55555555FFFFFF3F3333333346
:10F2F000AAAAAA2A24499224FFFFFF1F1CC7711C37
:10F300009999991974D1451755555515133BB11352
:10F310009224491211111111FFFFFF0F0F0F0F0F50
:10F320008EE3380E5E43790DCCCCCC0C0CC3300C84
:10F33000BAE8A20B2C64210BAAAAAA0AA3703D0A60
:10F34000899DD8095E427B0949922409B0DCD30823
:10F350008888880884104208FFFFFF077CF0C107F7
:10F360008787870707755007C7711C075CC3012093
:10F370000C00000080000000000200005CC50120BD
:10F380000A000000400100009CC601200C000000A3
:10F3900080000000000200009CC8012080000000E6
:10F3A0000002000064000000400600009CCA01202A
:10F3B0003E0000000A000000DCD001200C0000002C
:10F3C000800000000002000040000000E803000090
:10F3D00001000000DCD201200C00000080000000D1
:10F3E0000002000011000000880000000200000080
:10F3F0006400000064D501200C00000080000000C3
:10F4000000020000110000008800000090140000BD
:10F4100001000101785634120101000000000000D3
:10F4200000000000000000000000000000000000DC
:10F4300000000000000000000000000000000000CC
:10F44000000000000101010028000400200001006C
:10F4500000000000000000000000000000000000AC
:10F46000000000000000000000000000000000009C
:10F4700001002000010010000C001000000000003E
:10F48000000000000000000000000000000000007C
:10F49000000000000000000000000000000000006C
:10F4A0000000000000000000010101002C0001002C
:10F4B00020000C00200040000800040000000000B4
:10F4C000000000000000000000000000000000003C
:10F4D000000000000000000000000000000000002C
:10F4E0000000000000000000000000000101010118
:10F4F00030000100000000000000000000000000DB
:10F5000000000000000000000000000000000000FB
:10F5100000000000000000000000000001010101E7
:10F5200028000C0000030000040101010101010199
:10F5300001000101C40008000101000000000000FA
:10F5400000000000000000000000000000000000BB
:10F5500000000000000000000000000000000000AB
:10F56000000000000000000000000000000000009B
:10F570000101340008005C769607000085830108CD
:10F58000DD830108000000000101010100006400AA
:10F59000C80029018801E30139028A02D402180354
:10F5A00053038703B203D403EC03FB0300040000FE
:10F5B000290051007900A000C500EA000D012E01CC
:10F5C0004E016C018901A301BD01D501EB010002CF
:10F5D000A99F01081F8601086DB7010800000000FF
:10F5E000F99E010873B80108AD9F01082186010842
:10F5F00073B7010801000000099F010881B80108E4
:10F60000000000000000000020202020200020003A
:10F6100048484800000000005050F850F850500092
:10F620002078A07028F02000C0C810204098180052
:10F630006090A040A890680060204000000000009A
:10F6400010204040402010004020101010204000AA
:10F65000005020F820500000002020F8202000005A
:10F660000000000000602040000000F800000000E2
:10F6700000000000006060000008102040800000D2
:10F68000708898A8C8887000206020202020700012
:10F69000708808304080F800708808300888700052
:10F6A00010305090F8101000F880F00808887000B2
:10F6B000304080F088887000F808102040404000FA
:10F6C000708888708888700070888878081060005A
:10F6D000006060006060000000006060006020402A
:10F6E00010204080402010000000F800F8000000CA
:10F6F00080402010204080007088081020002000EA
:10F7000070880868A8A87000708888F888888800C1
:10F71000F08888F08888F000708880808088700089
:10F72000E09088888890E000F88080F08080F80081
:10F73000F88080F0808080007088808098887800D1
:10F74000888888F888888800702020202020700011
:10F7500038101010109060008890A0C0A090880011
:10F76000808080808080F80088D8A8A88888880059
:10F770008888C8A8988888007088888888887000D9
:10F78000F08888F08080800070888888A890680061
:10F79000F08888F0A09088007088807008887000D9
:10F7A000F820202020202000888888888888700001
:10F7B0008888888888502000888888A8A8A8500051
:10F7C0008888502050888800888888502020200011
:10F7D000F80810204080F800704040404040700021
:10F7E00000804020100800007010101010107000F1
:10F7F000205088000000000000000000000000F819
:10F800004020100000000000000070087888780098
:10F810008080B0C88888F000000070808088700008
:10F82000080868988888780000007088F880700060
:10F83000304840E0404040000000788888780870F8
:10F840008080B0C888888800200060202020700058
:10F850001000301010109060808090A0C0A0900028
:10F8600060202020202070000000D0A88888880018
:10F870000000B0C888888800000070888888700000
:10F880000000F08888F08080000078888878080878
:10F890000000B0C880808000000078807008F00010
:10F8A0004040E04040483000000088888898680068
:10F8B000000088888850200000008888A8A8500090
:10F8C00000008850205088000000888888780870E0
:10F8D0000000F8102040F8001020204020201000E8
:10F8E0002020202020202000402020102020400028
:10F8F00068900000000000001820000000000000D8
:10F90000C02000000000000070880000000000001F
:10F91000500000000000000068900000000000009F
:10F920000000006020207000006090F08888B080A7
:10F9300020007088F8888800200070087888780097
:10F940003860A0B8E0A0B800704848E848487000A7
:10F95000E0407048487040E00000D02878A058008F
:10F96000A040A010788870006020302830207000FF
:10F97000708898A8C888700000007098A8C87000A7
:10F9800000007088F88888000000F880E080F800A7
:10F9900000007020202070000000708888887000AF
:10F9A0000000888888887000000088C8A8988800AF
:10F9B000200020202020200020002040808870008F
:10F9C0001820000000000000C0200000000000001F
:10F9D0002050000000000000500000000000000067
:10F9E00068900000000000000000000000000020FF
:10F9F0000000000000000000002070A0A0A87020FF
:10FA0000304040E04048B0000000887050708800EE
:10FA10008850F820F82020002020200020202000FE
:10FA20003048205020906000880000000000000056
:10FA3000F888A8B8A888F8007008788870000000D6
:10FA4000002850A050280000000000F8080800001E
:10FA50000000007000000000F888A88898A8F8004E
:10FA6000F80000000000000020502000000000000E
:10FA7000002070200070000060902040F000000026
:10FA8000E0106010E00000001820000000000000FE
:10FA90000000888888C8B08078989878181818006E
:10FAA000000000303000000040C04040E000000096
:10FAB000708888887000000000A0502850A00000C6
:10FAC0008890A050B05078108890A040B8081038A6
:10FAD000C040C048D828380800885020508800000E
:10FAE000002000F800200000103070FC7030100082
:10FAF000203038FC38302000002070F82020000032
:10FB0000002020F87020000000082868F86020001D
:10FB100000040408089050209D00FFFF9E00FFFF96
:10FB20009F00FFFFA000FFFFA100FFFFA200FFFF5B
:10FB3000FFFFFFFFFFFFFFFFFFFFFFFFFFFFFFFFD5
:10FB4000FFFFFFFFFFFFFFFFFFFFFFFFFFFFFFFFC5
:10FB5000FFFFFFFFFFFFFFFF7E00FFFF7600FFFFBD
:10FB60007F00FFFF8000FFFF8100FFFF8200FFFF9B
:10FB70008300FFFF8400FFFF8500FFFF8600FFFF7B
:10FB80008700FFFF8800FFFF8900FFFF8A00FFFF5B
:10FB90008B00FFFF8C00FFFF8D00FFFF8E00FFFF3B
:10FBA0008F00FFFF9000FFFF9100FFFF9200FFFF1B
:10FBB0009300FFFF9400FFFF7D00FFFF9500FFFF14
:10FBC0009600FFFF9700FFFF9800FFFF9900FFFFDF
:10FBD0009A00FFFF7700FFFF700079007000780047
:10FBE00070007A0070007C0070007B006600FFFFF0
:10FBF0006800FFFF23007D0071007900710078002C
:10FC000071007A0071007B00720079007200780048
:10FC100072007A0072007B006900FFFF75007C00B3
:10FC2000730079007300780073007A0073007C0021
:10FC300073007B009B00FFFF6E00FFFF74007900E4
:10FC40007400780074007A0074007B00390078003A
:10FC50006A00FFFF6500FFFF4100600041005F0098
:10FC60004100610041006300410062006700FFFF46
:10FC70006B00FFFF43007D004500600045005F0012
:10FC800045006100450062006400600064005F00A0
:10FC900064006100640062006C00FFFF4E006300BE
:10FCA0004F0060004F005F004F0061004F00630095
:10FCB0004F0062009C00FFFF6F00FFFF55006000D7
:10FCC00055005F00550061005500620059005F005B
:10FCD0006D00FFFF590062009000FF0018FB010853
:10FCE00000F6010800F60108D8FC010820007E009B
:10FCF0000606010015580108495901086159010813
:10FD00006759010800000000000000000808010118
:10FD1000E0FC0108070507000000000000000000EB
:10FD20000000000000000000000000404040404093
:10FD300040404000400000000000005050500000D3
:10FD40000000000000000000000000121222FE244B
:10FD500024FE48484800000000000038545050700D
:10FD60001C145454381000000000000000003080C3
:10FD7000490049004A00320004C00520092009203A
:10FD800010C000000000000000000000000018008B
:10FD900024002400240018003000490045004600DB
:10FDA00039800000000000000000004040400000DA
:10FDB0000000000000000000000000102020404073
:10FDC0004040404040202010000000804040202063
:10FDD000202020202040408000000020F8205000FB
:10FDE00000000000000000000000000000080808FB
:10FDF0007F0808080000000000000000000000006C
:10FE00000000000020202000000000000000000092
:10FE100000E0000000000000000000000000000002
:10FE20000000000040000000000000101020202012
:10FE3000404040808000000000000078848484847A
:10FE4000848484847800000000000010305010107A
:10FE5000101010101000000000000078840404044A
:10FE600008102040FC0000000000007884040438E2
:10FE700004040484780000000000000818182828F2
:10FE80004848FC08080000000000007C404080F862
:10FE9000840404847800000000000078848080B826
:10FEA000C484848478000000000000FC080810105E
:10FEB00020204040400000000000007884848478C6
:10FEC0008484848478000000000000788484848C1A
:10FED000740404887000000000000000000040006E
:10FEE0000000000040000000000000000000400092
:10FEF00000000000404040000000000000020C3004
:10FF000040300C0200000000000000000000FE0075
:10FF100000FE000000000000000000000040300C67
:10FF2000020C304000000000000000384444040887
:10FF300010202000200000000000000000000F80C2
:10FF4000304040204E909190A090A110A120A3207D
:10FF50009DC0401020601F800000000000000800CD
:10FF6000140014001400220022007F004100808051
:10FF700080800000000000000000000000007E0003
:10FF80004100410041007E0041004100410041002C
:10FF90007E000000000000000000000000001C00C7
:10FFA000220041004000400040004000410022008B
:10FFB0001C000000000000000000000000007C00A9
:10FFC0004200410041004100410041004100420027
:10FFD0007C000000000000000000000000007F0026
:10FFE0004000400040007F004000400040004000D2
:10FFF0007F000000000000000000007E4040407CC8
:020000040802F0
:1000000040404040400000000000000000001E0092
:100010002100408040004000478040804080210017
:100020001E00000000000000000000000000410071
:100030004100410041007F0041004100410041007A
:10004000410000000000000000000040404040402F
:100050004040404040000000000000080808080838
:100060000808888870000000000000000000408040
:100070004100420044004800580064004200410032
:100080004080000000000000000000404040404070
:10009000404040407E000000000000000000404062
:1000A00060C060C0514051404A404A404A404440CC
:1000B000444000000000000000000000000041007B
:1000C00061005100510049004900450045004300CE
:1000D00041000000000000000000000000001E00C1
:1000E000210040804080408040804080408021004E
:1000F0001E000000000000000000000000007E0064
:1001000041004100410041007E00400040004000AD
:1001100040000000000000000000000000001E0081
:100120002100408040804080408040804680210007
:100130001E800000000000000000000000007E00A3
:1001400041004100410041007E0044004200420065
:1001500041000000000000000000000000003E0020
:10016000410041004000380006000100410041000C
:100170003E00000000000000000000FE1010101003
:1001800010101010100000000000000000004100DE
:100190004100410041004100410041004100220076
:1001A0001C00000000000000000000000000808033
:1001B0008080410041002200220014001400080049
:1001C000080000000000000000000000000082089D
:1001D000850845104510451028A028A028A01040EB
:1001E000104000000000000000000082444428107D
:1001F000102844448200000000000000000041007C
:100200002200220014001400080008000800080062
:1002100008000000000000000000007E0408081034
:1002200010202040FE0000000000006040404040E0
:1002300040404040404040600000008080404040DE
:10024000202020101000000000000060202020204E
:10025000202020202020206000000000205050504E
:100260008800000000000000000000000000000006
:1002700000000000000000FE000000402000000020
:1002800000000000000000000000000000003844F2
:10029000043C444C340000000000004040405864DE
:1002A000444444447800000000000000000038444A
:1002B0004040404438000000000000040404344C76
:1002C000444444443C000000000000000000384466
:1002D000447C404438000000000000204040E040E2
:1002E0004040404040000000000000000000344C4E
:1002F0004444444C340444380000004040405864B6
:1003000044444444440000000000004000004040D9
:1003100040404040400000000000004000004040DD
:100320004040404040404080000000404040444841
:1003300050704848440000000000004040404040E9
:10034000404040404000000000000000000000006D
:10035000000000005980664044404440444044400E
:10036000444000000000000000000000000058644D
:1003700044444444440000000000000000003844AD
:100380004444444438000000000000000000586469
:100390004444446458404040000000000000344C95
:1003A0004444444C34040404000000000000506045
:1003B0004040404040000000000000000000384481
:1003C0004038044438000000000000004040E04095
:1003D0004040404060000000000000000000444435
:1003E000444444443C0000000000000000008888B1
:1003F00050505020200000000000000000000000CD
:1004000000000000888088805500550055002200BB
:10041000220000000000000000000000000044284E
:100420002810282844000000000000000000444478
:1004300028282810101010600000000000007C0820
:10044000081020207C0000000000002040404040B8
:10045000408040404040402000000040404040403C
:10046000404040404040400000000040202020200C
:1004700020102020202020400000000000000072FA
:100480009E000000000000000404010018FD0108A7
:100490000303010028FD01080505010038FD0108DE
:1004A0000707010048FD01080707010058FD010882
:1004B0000C0C020068FD01080909020088FD010812
:1004C00002020100A8FD010804040100B8FD0108B2
:1004D00004040100C8FD010805050100D8FD01085C
:1004E00008080100E8FD010804040100F8FD010806
:1004F0000404010008FE01080404010018FE0108BC
:100500000404010028FE01080707010038FE010865
:100510000707010048FE01080707010058FE01080F
:100520000707010068FE01080707010078FE0108BF
:100530000707010088FE01080707010098FE01086F
:1005400007070100A8FE010807070100B8FE01081F
:1005500007070100C8FE010804040100D8FE0108D5
:1005600004040100E8FE010808080100F8FE010883
:100570000808010008FF01080808010018FF010829
:100580000707010028FF01080D0D020038FF0108D0
:100590000909020058FF01080909020078FF010853
:1005A0000909020098FF010809090200B8FF0108C3
:1005B00009090200D8FF010808080100F8FF010836
:1005C0000A0A0200080002080909020028000208BD
:1005D0000303010048000208060601005800020853
:1005E00009090200680002080707010088000208E4
:1005F0000B0B02009800020809090200B80002086B
:100600000A0A0200D800020809090200F8000208DC
:100610000A0A02001801020809090200380102084A
:1006200009090200580102080707010078010208C1
:10063000090902008801020809090200A80102084C
:100640000D0D0200C801020807070100E8010208B9
:1006500009090200F8010208070701001802020850
:100660000404010028020208040401003802020800
:1006700004040100480202080505010058020208AE
:10068000070701006802020804040100780202085A
:100690000707010088020208070701009802020804
:1006A00007070100A802020807070100B8020208B4
:1006B00007070100C802020803030100D80202086C
:1006C00007070100E802020807070100F802020814
:1006D00003030100080302080303010018030208D2
:1006E000070701002803020803030100380302087A
:1006F0000B0B020048030208070701006803020809
:1007000007070100780302080707010088030208B1
:10071000070701009803020804040100A803020867
:1007200007070100B803020804040100C803020817
:1007300007070100D803020805050100E8030208C5
:1007400009090200F803020807070100180402085B
:1007500007070100280402080707010038040208FF
:1007600004040100480402080303010058040208BD
:100770000404010068040208080801007804020863
:10078000000000000000000020007E008804020835
:1007900000000000A15901086D5A0108B15A010872
:1007A000B75A01080000000000000000101001010D
:1007B000880702080D070A00000000000000000082
:1007C0000000000000000000000000000000000029
:1007D0000000000030303030303030303030300009
:1007E0000030300000000000000000006666666611
:1007F0006600000000000000000000000000000093
:1008000000000000000000000C600C600CE018C04C
:10081000FFF0FFF018C031803180FFF0FFF0318031
:10082000730063006300000000000000000000008F
:1008300000000000000004001F003F8075C064C07D
:10084000640074003E000F8005C004C004C064C092
:1008500075C03F801F00040004000000000000007D
:100860000000000000000000000000001C06003630
:100870000C00630C006318006318006330003660DE
:10088000001C670000CD8000D8C00198C00198C04E
:100890000318C0060D8006070000000000000000DD
:1008A0000000000000000000000000000000000048
:1008B00007800FC01860186018C00D800F001F005F
:1008C000339861D860F0606070F03FD81F08000076
:1008D0000000000000000000000000006060606098
:1008E00060000000000000000000000000000000A8
:1008F0000000000004081810303060606060606024
:100900006030301018080400000000004020301053
:1009100018180C0C0C0C0C0C0C1818103020400083
:10092000000000001818FF183C66000000000000DE
:1009300000000000000000000000000000000000B7
:1009400000000000000006000600060006007FE030
:100950007FE0060006000600060000000000000020
:100960000000000000000000000000000000000087
:1009700000000000000000000030301010200000D7
:10098000000000000000000000000000FCFC00006F
:100990000000000000000000000000000000000057
:1009A00000000000000000000030300000000000E7
:1009B000000000000C0C181818183030306060600F
:1009C00060C0C00000000000000000000000000047
:1009D0001F003FC030C06060606060606060606049
:1009E000606060606060606030C03FC00F80000089
:1009F00000000000000000000000000000000000F7
:100A0000030003000F001F00330003000300030076
:100A100003000300030003000300030003000000C1
:100A200000000000000000000000000000000000C6
:100A30001F803FC070E060600060006000C000C0C8
:100A4000018007000E00180030007FE07FE000000A
:100A50000000000000000000000000000000000096
:100A60001F003F8071C060C000C00180070007C048
:100A700000E000600060606070C03FC01F000000C8
:100A80000000000000000000000000000000000066
:100A900000800180038007800D800D8019803180E7
:100AA00061807FE07FE001800180018001800000A3
:100AB0000000000000000000000000000000000036
:100AC0001FC01FC030003000300037807FC060E0A2
:100AD000006000600060606070C03FC01F000000E8
:100AE0000000000000000000000000000000000006
:100AF0000F801FC030E03060600067807FC070E012
:100B0000606060606060606030C01FC00F00000007
:100B100000000000000000000000000000000000D5
:100B20007FE07FE000C00180018003000300060039
:100B300006000C000C000C00180018001800000043
:100B400000000000000000000000000000000000A5
:100B50000F001F8030C030C030C030C01F801F80E9
:100B600030C060606060606070E03FC01F80000067
:100B70000000000000000000000000000000000075
:100B80000F003F8030C0606060606060606030E097
:100B90003FE01E60006060C070C03F801F0000002A
:100BA0000000000000000000000000000000000045
:100BB0003030000000000000003030000000000075
:100BC00000000000000000003030000000000000C5
:100BD0000030301010200000000000000000000075
:100BE00000000000002000E003C00F00380060009B
:100BF00038000F0003C000E00020000000000000EB
:100C000000000000000000000000000000000000E4
:100C100000000000000000007FE07FE00000000016
:100C200000007FE07FE00000000000000000000006
:100C300000000000000000000000000000000000B4
:100C400000000000400070003C000F0001C0006088
:100C500001C00F003C0070004000000000000000D8
:100C60000000000000000000000000000000000084
:100C70001F803FC070E06060006000C001C0038062
:100C80000700060006000000000006000600000045
:100C90000000000000000000000000000000000054
:100CA0000000000000FE0007FF800F03C01C00E0F2
:100CB00018736031FB70338E306306306606306621
:100CC0000630660470660C60671CC033FF8039EF25
:100CD000301C00600F01C007FF8001FE0000000013
:100CE0000000000000000000070007000D800D80DC
:100CF0000D8018C018C018C03FE03FE06030603081
:100D00006030C018C01800000000000000000000A3
:100D100000000000000000003FC03FE030703030B5
:100D2000303030703FE03FE030303018301830184D
:100D300030383FF03FE000000000000000000000FD
:100D4000000000000000000007E01FF01C38301C0D
:100D5000700C60006000600060006000700C301873
:100D60003C381FF007E00000000000000000000019
:100D700000000000000000003FC03FF03038301895
:100D8000300C300C300C300C300C300C300C301877
:100D900030383FF03FC000000000000000000000BD
:100DA00000000000000000003FF83FF83000300075
:100DB000300030003FF03FF03000300030003000B5
:100DC00030003FF83FF80000000000000000000085
:100DD00000000000000000003FF03FF03000300055
:100DE000300030003FE03FE03000300030003000A5
:100DF0003000300030000000000000000000000063
:100E0000000000000000000007F00FF81C1C300E6E
:100E100030046000600060FE60FE60063006300650
:100E20001C1E0FFC03F0000000000000000000008A
:100E300000000000000000006018601860186018D2
:100E4000601860187FF87FF86018601860186018E4
:100E5000601860186018000000000000000000002A
:100E60000000000030303030303030303030303042
:100E700030303000000000000000000000000000E2
:100E8000018001800180018001800180018001805A
:100E9000018001806180618073803F001E0000003E
:100EA0000000000000000000000000000000000042
:100EB0003038307030E031C03380370037003F00C9
:100EC0003B8031C030E0306030703038301C000082
:100ED0000000000000000000000000000000000012
:100EE0003000300030003000300030003000300082
:100EF000300030003000300030003FE03FE00000C4
:100F000000000000000000000000000000000000E1
:100F100000000000700700780F00780F00680B00D9
:100F20006C1B006C1B0064130066330066330062A8
:100F3000230063630063630061430061C30061C316
:100F400000000000000000000000000000000000A1
:100F50000000000000000000601870187818781871
:100F60006C186618661863186198619860D8607884
:100F70006078603860180000000000000000000089
:100F8000000000000000000007E00FF01C38300CEB
:100F9000700E60066006600660066006700E300C1B
:100FA0001C380FF007E00000000000000000000007
:100FB00000000000000000003FE03FF03038301833
:100FC0003018301830383FF03FE03000300030004B
:100FD0003000300030000000000000000000000081
:100FE000000000000000000007E00FF81C3C300C7F
:100FF000700E60066006600660066006700C30ECDD
:101000001C380FFC07EE000200000000000000008A
:1010100000000000000000003FE03FF030383018D2
:10102000301830383FF03FE030C030E03060307092
:1010300030383018301C00000000000000000000B4
:10104000000000000000000007C01FF03838301812
:10105000300038001F8007E000700018601870181A
:1010600038381FF00FC00000000000000000000032
:101070000000000000000000FFF0FFF00600060086
:101080000600060006000600060006000600060030
:10109000060006000600000000000000000000003E
:1010A0000000000000000000601860186018601860
:1010B0006018601860186018601860186018703840
:1010C00038701FE00FC000000000000000000000AA
:1010D0000000000000000000C018E0386030603000
:1010E00070703060306038E018C018C01DC00D80CE
:1010F0000D800F80070000000000000000000000CD
:10110000000000000000000000000000C07018C0D7
:10111000701860D83060D83060D83070C870318CAA
:1011200060318C60318C601B06C01B06C01B06C082
:101130001B06C00E03800E038000000000000000AC
:10114000000000000000000000000000000000009F
:101150007038387018600CC00CC00780030007801E
:1011600007800DC01CE0186030307038E01C0000B3
:10117000000000000000000000000000000000006F
:10118000E01C6018303038701CE00CC0078007800D
:10119000030003000300030003000300030000003A
:1011A000000000000000000000000000000000003F
:1011B0007FF07FF0006000C0018001800300060026
:1011C0000C001800180030006000FFF0FFF0000075
:1011D000000000000000000000000000787860605F
:1011E000606060606060606060606060607878002F
:1011F00000000000C0C06060606030303018181817
:10120000180C0C000000000000000000787818188E
:1012100018181818181818181818181818787800A6
:1012200000000000183C3C3C666666C300000000FD
:1012300000000000000000000000000000000000AE
:10124000000000000000000000000000000000009E
:10125000000000000000000000000000000000008E
:101260000000FFF0FFF00000000000006030100000
:10127000000000000000000000000000000000006E
:10128000000000000000000000000000000000005E
:101290001F807FC060C000C007C03FC078C060C072
:1012A00061C07FC03E600000000000000000000040
:1012B00000000000000000006000600060006000AE
:1012C0006F007F80718060C060C060C060C060C01F
:1012D00071807F806F0000000000000000000000AF
:1012E00000000000000000000000000000000000FE
:1012F0000F003F8031C060C060006000600060C0CF
:1013000031C03F801F00000000000000000000000E
:10131000000000000000000000C000C000C000C0CD
:101320001EC03FC031C060C060C060C060C060C04F
:1013300031C03FC01EC000000000000000000000DF
:10134000000000000000000000000000000000009D
:101350000F003FC030C060607FE07FE06000600051
:1013600030E03FC00F8000000000000000000000DF
:10137000000000001C3C3030FCFC3030303030309D
:1013800030303000000000000000000000000000CD
:1013900000000000000000001EC03FC031C060C05F
:1013A00060C060C060C060C031C03FC01EC000C02F
:1013B00061C07F801F0000000000000000000000EE
:1013C00060006000600060006F007F8071C060C0DE
:1013D00060C060C060C060C060C060C060C000002D
:1013E000000000000000000000000000606000003D
:1013F00060606060606060606060600000000000CD
:10140000000000006060000060606060606060601C
:101410006060606060E0C00000000000000000004C
:10142000600060006000600061C0638067006E0063
:101430007C007E00660063006380618061C0000004
:10144000000000000000000000000000606060601C
:10145000606060606060606060606000000000006C
:10146000000000000000000000000000000000007C
:101470006F3C7F7E71C6618661866186618661860A
:1014800061866186618600000000000000000000A7
:10149000000000000000000000000000000000004C
:1014A0006F007F8071C060C060C060C060C060C0FD
:1014B00060C060C060C000000000000000000000CC
:1014C000000000000000000000000000000000001C
:1014D0000F003FC030C0606060606060606060604E
:1014E00030C03FC00F0000000000000000000000FE
:1014F00000000000000000000000000000000000EC
:101500006F007F80718060C060C060C060C060C0DC
:1015100071807F806F0060006000600060000000EC
:1015200000000000000000000000000000000000BB
:101530001EC03FC031C060C060C060C060C060C03D
:1015400031C03FC01EC000C000C000C000C00000CD
:1015500000000000000000006E7E7060606060604F
:10156000606060000000000000000000000000005B
:1015700000000000000000001F003F8060C060000D
:101580007C003F8003C000C060C03F801F0000009F
:10159000000000000000000000000000206060600B
:1015A000F8F86060606060606078380000000000FB
:1015B000000000000000000000000000000000002B
:1015C00060C060C060C060C060C060C060C060C01B
:1015D00071C03FC01EC000000000000000000000FD
:1015E00000000000000000000000000000000000FB
:1015F000C060C06060C060C0318031801B001B00D3
:101600000E000E00040000000000000000000000BA
:1016100000000000000000000000000000000000CA
:10162000C106C3864384628C66CC36D836D8145043
:101630001C701C700C600000000000000000000026
:10164000000000000000000000000000000000009A
:10165000E1C06180330033001E000C001E00330027
:1016600033006180E1C000000000000000000000C5
:10167000000000000000000000000000000000006A
:1016800060C060C031803180398019801B000F003C
:101690000F000600060006000C007C007800000029
:1016A000000000000000000000000000000000003A
:1016B0007F807F80038007000E001C0038007000D0
:1016C000E000FF80FF80000000000000000000003C
:1016D000000000001C3C303030303070E0E0603002
:1016E00030303030303C1C000000000030303030F2
:1016F00030303030303030303030303030303030EA
:1017000000000000707818181818181C0E0E1C180D
:101710001818181818787000000000000000000069
:1017200000000000000000000000000038007E20E3
:1017300047E001C0000000000000000000000000C1
:10174000000000000000000006060100B8070208C3
:1017500006060100D007020807070100E807020893
:101760000C0C0200000802080C0C020030080208F1
:1017700013130300600802080E0E0200A8080208F6
:1017800004040100D808020807070100F008020855
:1017900007070100080902080808010020090208DB
:1017A0000C0C02003809020806060100680902084C
:1017B00007070100800902080606010098090208CF
:1017C00006060100B00902080C0C0200C809020854
:1017D0000C0C0200F80902080C0C0200280A02088E
:1017E0000C0C0200580A02080C0C0200880A0208BD
:1017F0000C0C0200B80A02080C0C0200E80A0208ED
:101800000C0C0200180B02080C0C0200480B02081A
:101810000C0C0200780B020806060100A80B020857
:1018200006060100C00B02080C0C0200D80B0208CF
:101830000C0C0200080C02080C0C0200380C020808
:101840000C0C0200680C020815150300980C020825
:101850000D0D0200E00C02080E0E0200100D020831
:101860000F0F0200400D02080F0F0200700D02085A
:101870000E0E0200A00D02080D0D0200D00D020890
:1018800010100200000E02080E0E0200300E0208B8
:1018900006060100600E02080B0B0200780E02081B
:1018A0000E0E0200A80E02080C0C0200D80E020850
:1018B00011110300080F02080E0E0200500F02085B
:1018C00010100200800F02080E0E0200B00F020876
:1018D00010100200E00F02080F0F020010100208A3
:1018E0000E0E0200401002080C0C020070100208DC
:1018F0000E0E0200A01002080D0D0200D01002080A
:1019000015150300001102080E0E0200481102080E
:101910000E0E0200781102080D0D0200A811020837
:1019200006060100D811020806060100F01102089F
:101930000606010008120208080801002012020829
:101940000C0C020038120208070701006812020896
:101950000C0C0200801202080B0B0200B0120208ED
:101960000B0B0200E01202080B0B0200101302081E
:101970000C0C020040130208060601007013020856
:101980000B0B0200881302080B0B0200B8130208AD
:1019900005050100E8130208040401000014020810
:1019A0000A0A02001814020804040100481402087C
:1019B00010100200601402080B0B020090140208C1
:1019C0000C0C0200C01402080B0B0200F0140208F9
:1019D0000B0B020020150208070701005015020832
:1019E0000B0B020068150208060601009815020894
:1019F0000B0B0200B01502080B0B0200E0150208E9
:101A00000F0F0200101602080A0A02004016020810
:101A10000B0B02007016020809090200A01602084A
:101A200007070100D016020806060100E8160208A2
:101A300007070100001702080C0C02001817020823
:101A400020007E004817020800000000A15901088C
:101A50006D5A0108B15A0108B75A01080000000088
:101A60000000000018180101401A0208130B0F00B3
:101A70000000000001000000020000000300000060
:101A80000400000005000000060000000700000040
:101A900008000000090000000A0000000B00000020
:101AA0000C0000000D0000000E0000000F00000000
:101AB00004000000F5A9010871AF0108F5AF0108A5
:101AC00071B20108B5B70108A1C00108B9C9010880
:101AD00091C00108C9B6010807B70108A9B60108F5
:101AE000D1B7010800000000010000000200000062
:101AF00003000000040000000500000006000000D4
:101B00000700000008000000090000000A000000B3
:101B10000B0000000C0000000D0000000E00000093
:101B20000F00000004000000CDAC01087BAF0108ED
:101B3000ADB001081DB30108C3B70108E9C0010831
:101B40000DCA010899C00108D9B601080FB70108EC
:101B5000B9B6010801B80108000810192129313A65
:101B6000424A525B636B737B848C949CA5ADB5BD7C
:101B7000C5CED6DEE6EFF7FF0004080C1014181CE3
:101B80002024282D3135393D4145494D5155595D68
:101B90006165696D7175797D82868A8E92969A9E4D
:101BA000A2A6AAAEB2B6BABEC2C6CACED2D7DBDF32
:101BB000E3E7EBEFF3F7FBFF00000000000101019A
:101BC00001010101010202020202020202030303F7
:101BD00003030303030404040404040404050505C7
:101BE0000505050505050606060606060606070799
:101BF0000707070707070808080808080808090969
:101C0000090909090909090A0A0A0A0A0A0A0A0B3A
:101C10000B0B0B0B0B0B0B0C0C0C0C0C0C0C0C0D0A
:101C20000D0D0D0D0D0D0D0D0E0E0E0E0E0E0E0EDC
:101C30000F0F0F0F0F0F0F0F1010101010101010AC
:101C4000111111111111111112121212121212127C
:101C5000121313131313131313141414141414144E
:101C6000141515151515151515161616161616161E
:101C700016161717171717171717181818181818F0
:101C8000181819191919191919191A1A1A1A1A1AC0
:101C90001A1A1B1B1B1B1B1B1B1B1B1C1C1C1C1C91
:101CA0001C1C1C1D1D1D1D1D1D1D1D1E1E1E1E1E62
:101CB0001E1E1E1F1F1F1F1F000000010101010229
:101CC00002020203030303040404040505050506D8
:101CD0000606060707070708080808090909090A88
:101CE0000A0A0A0B0B0B0B0C0C0C0C0D0D0D0D0E38
:101CF0000E0E0E0F0F0F0F101010101111111112E8
:101D00001212121313131314141414151515151598
:101D1000161616161717171718181818191919194B
:101D20001A1A1A1A1B1B1B1B1C1C1C1C1D1D1D1DFB
:101D30001E1E1E1E1F1F1F1F2020202021212121AB
:101D4000222222222323232324242424252525255B
:101D5000262626262727272728282828292929290B
:101D60002A2A2A2A2A2B2B2B2B2C2C2C2C2D2D2DBE
:101D70002D2E2E2E2E2F2F2F2F303030303131316F
:101D8000313232323233333333343434343535351F
:101D900035363636363737373738383838393939CF
:101DA000393A3A3A3A3B3B3B3B3C3C3C3C3D3D3D7F
:101DB0003D3E3E3E3E3F3F3F010000000A00000026
:101DC00064000000E803000010270000A086010066
:101DD00040420F008096980000E1F50500CA9A3B4A
:101DE000A1B60108A5B60108F59E010859B1010880
:101DF00099BF01082DBF0108B9BF0108008040C08C
:101E000020A060E0109050D030B070F0088848C832
:101E100028A868E8189858D838B878F8048444C4D2
:101E200024A464E4149454D434B474F40C8C4CCCD2
:101E30002CAC6CEC1C9C5CDC3CBC7CFC028242C28A
:101E400022A262E2129252D232B272F20A8A4ACAD2
:101E50002AAA6AEA1A9A5ADA3ABA7AFA068646C672
:101E600026A666E6169656D636B676F60E8E4ECE72
:101E70002EAE6EEE1E9E5EDE3EBE7EFE018141C136
:101E800021A161E1119151D131B171F1098949C9A2
:101E900029A969E9199959D939B979F9058545C542
:101EA00025A565E5159555D535B575F50D8D4DCD42
:101EB0002DAD6DED1D9D5DDD3DBD7DFD038343C3FA
:101EC00023A363E3139353D333B373F30B8B4BCB42
:101ED0002BAB6BEB1B9B5BDB3BBB7BFB078747C7E2
:101EE00027A767E7179757D737B777F70F8F4FCFE2
:101EF0002FAF6FEF1F9F5FDF3FBF7FFFA174010810
:101F00002D740108CD740108000000009DB6010881
:101F1000397501080000000001000000559F01080C
:101F2000D9B801081BB7010800000000000000003C
:101F30000000000030313233343536373839414211
:101F4000434445464030580030313233343536371B
:101F5000383961626364656640307800506C656151
:101F600073652075736520746865207374796C756A
:101F70007320636C69636B207468652063726F7390
:101F800073206F6E207468652073637265656E2EB2
:101F90005468652063726F73732077696C6C20617D
:101FA0006C77617973206D6F766520756E74696CDE
:101FB000207468652073637265656E2061646A755C
:101FC00073746D656E7420697320636F6D706C65DA
:101FD0007465642E00000000082102080000002043
:101FE00064030000C4010008A0210208640300206B
:101FF000E4E301002002000810010000430000009B
:10200000F8FFFFFF00404040404040404040414119
:1020100041414140404040404040404040404040BD
:102020004040404040050202020202020202020257
:102030000202020202202020202020202020200254
:1020400002020202020290909090909010101010E4
:102050001010101010101010101010101010101080
:102060000202020202028888888888880808080814
:1020700008080808080808080808080808080808E0
:102080000202020240000000000000000000000008
:102090000000000000000000000000000000000040
:1020A0000000000000000000000000000000000030
:1020B0000000000000000000000000000000000020
:1020C0000000000000000000000000000000000010
:1020D0000000000000000000000000000000000000
:1020E00000000000000000000000000000000000F0
:1020F00000000000000000000000000000000000E0
:10210000000000000000000011847A030AC00901E9
:1021100002030406070809324E23FFFF139F7B14B6
:1021200008076F1408C572022C0823D0901C5C1F8E
:1021300002346A0163091267111303A21B083904F0
:1021400013784432203268161078AC012014800CC9
:102150006812F0021810227E1B6C800401E8000D4A
:1021600064B3850108F4FC010894DF01205AFF01E3
:10217000018C000934A97F01080F8001084BA5BA22
:10218000382D44E001200469E441021704135DA4E2
:1021900039343DF01D02082B0212013941011700AC
:040000050800018965
:00000001FF
